[0m16:02:20.541532 [debug] [MainThread]: Sending event: {'category': 'dbt', 'action': 'invocation', 'label': 'start', 'context': [<snowplow_tracker.self_describing_json.SelfDescribingJson object at 0x00000171CA1D7440>, <snowplow_tracker.self_describing_json.SelfDescribingJson object at 0x00000171CA1D4D40>, <snowplow_tracker.self_describing_json.SelfDescribingJson object at 0x00000171CA1D6A80>]}


============================== 16:02:20.565417 | ab0fb625-e411-4e70-a999-3a35b8009c8d ==============================
[0m16:02:20.565417 [info ] [MainThread]: Running with dbt=1.11.2
[0m16:02:20.582170 [debug] [MainThread]: running dbt with arguments {'version_check': 'True', 'no_print': 'None', 'static_parser': 'True', 'warn_error_options': 'WarnErrorOptionsV2(error=[], warn=[], silence=[])', 'target_path': 'None', 'printer_width': '80', 'write_json': 'True', 'introspect': 'True', 'log_cache_events': 'False', 'empty': 'None', 'cache_selected_only': 'False', 'fail_fast': 'False', 'debug': 'False', 'log_format': 'default', 'profiles_dir': 'C:\\Users\\HP\\.dbt', 'send_anonymous_usage_stats': 'True', 'quiet': 'False', 'warn_error': 'None', 'partial_parse': 'True', 'use_colors': 'True', 'indirect_selection': 'eager', 'invocation_command': 'dbt debug', 'use_experimental_parser': 'False', 'log_path': 'C:\\Users\\HP\\data_engineering_mastery\\dbt_process\\dbt_learn_osas\\logs'}
[0m16:02:20.977854 [info ] [MainThread]: dbt version: 1.11.2
[0m16:02:21.119232 [info ] [MainThread]: python version: 3.12.0
[0m16:02:21.384218 [info ] [MainThread]: python path: C:\Users\HP\data_engineering_mastery\dbt_process\env\Scripts\python.exe
[0m16:02:21.583479 [info ] [MainThread]: os info: Windows-11-10.0.22000-SP0
[0m16:05:49.580514 [info ] [MainThread]: Using profiles dir at C:\Users\HP\.dbt
[0m16:05:49.592560 [info ] [MainThread]: Using profiles.yml file at C:\Users\HP\.dbt\profiles.yml
[0m16:05:49.603588 [info ] [MainThread]: Using dbt_project.yml file at C:\Users\HP\data_engineering_mastery\dbt_process\dbt_learn_osas\dbt_project.yml
[0m16:05:49.609891 [info ] [MainThread]: adapter type: bigquery
[0m16:05:49.623856 [info ] [MainThread]: adapter version: 1.11.0
[0m16:05:51.064849 [info ] [MainThread]: Configuration:
[0m16:05:51.073392 [info ] [MainThread]:   profiles.yml file [[32mOK found and valid[0m]
[0m16:05:51.079259 [info ] [MainThread]:   dbt_project.yml file [[32mOK found and valid[0m]
[0m16:05:51.139416 [info ] [MainThread]: Required dependencies:
[0m16:05:51.165150 [debug] [MainThread]: Executing "git --help"
[0m16:05:51.391178 [debug] [MainThread]: STDOUT: "b"usage: git [-v | --version] [-h | --help] [-C <path>] [-c <name>=<value>]\n           [--exec-path[=<path>]] [--html-path] [--man-path] [--info-path]\n           [-p | --paginate | -P | --no-pager] [--no-replace-objects] [--bare]\n           [--git-dir=<path>] [--work-tree=<path>] [--namespace=<name>]\n           [--config-env=<name>=<envvar>] <command> [<args>]\n\nThese are common Git commands used in various situations:\n\nstart a working area (see also: git help tutorial)\n   clone     Clone a repository into a new directory\n   init      Create an empty Git repository or reinitialize an existing one\n\nwork on the current change (see also: git help everyday)\n   add       Add file contents to the index\n   mv        Move or rename a file, a directory, or a symlink\n   restore   Restore working tree files\n   rm        Remove files from the working tree and from the index\n\nexamine the history and state (see also: git help revisions)\n   bisect    Use binary search to find the commit that introduced a bug\n   diff      Show changes between commits, commit and working tree, etc\n   grep      Print lines matching a pattern\n   log       Show commit logs\n   show      Show various types of objects\n   status    Show the working tree status\n\ngrow, mark and tweak your common history\n   branch    List, create, or delete branches\n   commit    Record changes to the repository\n   merge     Join two or more development histories together\n   rebase    Reapply commits on top of another base tip\n   reset     Reset current HEAD to the specified state\n   switch    Switch branches\n   tag       Create, list, delete or verify a tag object signed with GPG\n\ncollaborate (see also: git help workflows)\n   fetch     Download objects and refs from another repository\n   pull      Fetch from and integrate with another repository or a local branch\n   push      Update remote refs along with associated objects\n\n'git help -a' and 'git help -g' list available subcommands and some\nconcept guides. See 'git help <command>' or 'git help <concept>'\nto read about a specific subcommand or concept.\nSee 'git help git' for an overview of the system.\n""
[0m16:05:51.393046 [debug] [MainThread]: STDERR: "b''"
[0m16:05:51.393046 [info ] [MainThread]:  - git [[32mOK found[0m]

[0m16:05:51.406713 [info ] [MainThread]: Connection:
[0m16:05:51.439828 [info ] [MainThread]:   method: service-account
[0m16:05:51.527305 [info ] [MainThread]:   database: my-dbt-project-486616
[0m16:05:51.589821 [info ] [MainThread]:   execution_project: my-dbt-project-486616
[0m16:05:51.610071 [info ] [MainThread]:   schema: dbt_dataset
[0m16:05:51.795090 [info ] [MainThread]:   location: EU
[0m16:05:51.881981 [info ] [MainThread]:   priority: interactive
[0m16:05:51.973865 [info ] [MainThread]:   maximum_bytes_billed: None
[0m16:05:52.013501 [info ] [MainThread]:   impersonate_service_account: None
[0m16:05:52.045611 [info ] [MainThread]:   job_retry_deadline_seconds: None
[0m16:05:52.113854 [info ] [MainThread]:   job_retries: 1
[0m16:05:52.159608 [info ] [MainThread]:   job_creation_timeout_seconds: None
[0m16:05:52.208867 [info ] [MainThread]:   job_execution_timeout_seconds: 300
[0m16:05:52.231743 [info ] [MainThread]:   timeout_seconds: 300
[0m16:05:52.277372 [info ] [MainThread]:   client_id: None
[0m16:05:52.344494 [info ] [MainThread]:   token_uri: None
[0m16:05:52.404130 [info ] [MainThread]:   compute_region: None
[0m16:05:52.446503 [info ] [MainThread]:   dataproc_cluster_name: None
[0m16:05:52.496671 [info ] [MainThread]:   gcs_bucket: None
[0m16:05:52.547304 [info ] [MainThread]:   dataproc_batch: None
[0m16:05:52.592062 [info ] [MainThread]: Registered adapter: bigquery=1.11.0
[0m16:05:58.843873 [debug] [MainThread]: Acquiring new bigquery connection 'debug'
[0m16:05:58.846898 [debug] [MainThread]: On debug: select 1 as id
[0m16:05:58.848898 [debug] [MainThread]: Opening a new connection, currently in state init
[0m16:06:10.916184 [debug] [MainThread]: BigQuery adapter: https://console.cloud.google.com/bigquery?project=my-dbt-project-486616&j=bq:EU:65840cab-8c41-4079-af72-550de98423e9&page=queryresults
[0m16:06:11.527827 [debug] [MainThread]: SQL status: OK in 0.607 seconds
[0m16:06:12.738193 [info ] [MainThread]:   Connection test: [[32mOK connection ok[0m]

[0m16:06:12.758683 [info ] [MainThread]: [32mAll checks passed![0m
[0m16:06:12.788510 [debug] [MainThread]: Command `dbt debug` succeeded at 16:06:12.785643 after 237.28 seconds
[0m16:06:12.793379 [debug] [MainThread]: Connection 'debug' was properly closed.
[0m16:06:12.793379 [debug] [MainThread]: Sending event: {'category': 'dbt', 'action': 'invocation', 'label': 'end', 'context': [<snowplow_tracker.self_describing_json.SelfDescribingJson object at 0x00000171CA4DCCE0>, <snowplow_tracker.self_describing_json.SelfDescribingJson object at 0x00000171E1E68E90>, <snowplow_tracker.self_describing_json.SelfDescribingJson object at 0x00000171CA890380>]}
[0m16:06:12.793379 [debug] [MainThread]: Flushing usage events
[0m16:06:19.413326 [debug] [MainThread]: An error was encountered while trying to flush usage events
[0m21:43:24.618216 [debug] [MainThread]: Sending event: {'category': 'dbt', 'action': 'invocation', 'label': 'start', 'context': [<snowplow_tracker.self_describing_json.SelfDescribingJson object at 0x0000025CFC12EB10>, <snowplow_tracker.self_describing_json.SelfDescribingJson object at 0x0000025CFB660590>, <snowplow_tracker.self_describing_json.SelfDescribingJson object at 0x0000025CFB661190>]}


============================== 21:43:24.647054 | 389feffe-552d-46bf-b01a-d136f4a2ed5b ==============================
[0m21:43:24.647054 [info ] [MainThread]: Running with dbt=1.11.2
[0m21:43:24.720663 [debug] [MainThread]: running dbt with arguments {'static_parser': 'True', 'no_print': 'None', 'version_check': 'True', 'warn_error_options': 'WarnErrorOptionsV2(error=[], warn=[], silence=[])', 'target_path': 'None', 'printer_width': '80', 'write_json': 'True', 'empty': 'False', 'log_cache_events': 'False', 'introspect': 'True', 'cache_selected_only': 'False', 'log_format': 'default', 'debug': 'False', 'fail_fast': 'False', 'partial_parse': 'True', 'send_anonymous_usage_stats': 'True', 'quiet': 'False', 'warn_error': 'None', 'profiles_dir': 'C:\\Users\\HP\\.dbt', 'invocation_command': 'dbt run', 'use_colors': 'True', 'indirect_selection': 'eager', 'use_experimental_parser': 'False', 'log_path': 'C:\\Users\\HP\\data_engineering_mastery\\dbt_process\\dbt_learn_osas\\logs'}
[0m21:48:45.141526 [error] [MainThread]: Encountered an error:

[0m21:48:49.317261 [debug] [MainThread]: Flushing usage events
[0m21:50:58.425560 [debug] [MainThread]: Sending event: {'category': 'dbt', 'action': 'invocation', 'label': 'start', 'context': [<snowplow_tracker.self_describing_json.SelfDescribingJson object at 0x0000024957D1B230>, <snowplow_tracker.self_describing_json.SelfDescribingJson object at 0x000002495B412C30>, <snowplow_tracker.self_describing_json.SelfDescribingJson object at 0x000002495B4112B0>]}


============================== 21:50:58.994278 | e14d28bd-0192-4c21-8220-f5a64335a11c ==============================
[0m21:50:58.994278 [info ] [MainThread]: Running with dbt=1.11.2
[0m21:50:59.062282 [debug] [MainThread]: running dbt with arguments {'static_parser': 'True', 'no_print': 'None', 'version_check': 'True', 'target_path': 'None', 'warn_error_options': 'WarnErrorOptionsV2(error=[], warn=[], silence=[])', 'printer_width': '80', 'write_json': 'True', 'introspect': 'True', 'log_cache_events': 'False', 'empty': 'False', 'cache_selected_only': 'False', 'log_format': 'default', 'debug': 'False', 'fail_fast': 'False', 'profiles_dir': 'C:\\Users\\HP\\.dbt', 'send_anonymous_usage_stats': 'True', 'quiet': 'False', 'warn_error': 'None', 'partial_parse': 'True', 'indirect_selection': 'eager', 'invocation_command': 'dbt run', 'use_colors': 'True', 'use_experimental_parser': 'False', 'log_path': 'C:\\Users\\HP\\data_engineering_mastery\\dbt_process\\dbt_learn_osas\\logs'}
[0m21:55:20.893019 [debug] [MainThread]: Sending event: {'category': 'dbt', 'action': 'project_id', 'label': 'e14d28bd-0192-4c21-8220-f5a64335a11c', 'context': [<snowplow_tracker.self_describing_json.SelfDescribingJson object at 0x0000024972AA0230>]}
[0m21:55:28.046277 [debug] [MainThread]: Sending event: {'category': 'dbt', 'action': 'adapter_info', 'label': 'e14d28bd-0192-4c21-8220-f5a64335a11c', 'context': [<snowplow_tracker.self_describing_json.SelfDescribingJson object at 0x0000024972BF9B80>]}
[0m21:55:28.054304 [info ] [MainThread]: Registered adapter: bigquery=1.11.0
[0m21:55:36.977097 [debug] [MainThread]: checksum: 3d40d8bbe1bef07db1c24822f2dbfff8bc07f2a48ed4fe2658a40653aec0b54b, vars: {}, profile: , target: , version: 1.11.2
[0m21:55:36.983197 [info ] [MainThread]: Unable to do partial parsing because saved manifest not found. Starting full parse.
[0m21:55:37.011469 [debug] [MainThread]: Sending event: {'category': 'dbt', 'action': 'partial_parser', 'label': 'e14d28bd-0192-4c21-8220-f5a64335a11c', 'context': [<snowplow_tracker.self_describing_json.SelfDescribingJson object at 0x0000024972F711F0>]}
[0m21:56:17.254701 [debug] [MainThread]: Sending event: {'category': 'dbt', 'action': 'load_project', 'label': 'e14d28bd-0192-4c21-8220-f5a64335a11c', 'context': [<snowplow_tracker.self_describing_json.SelfDescribingJson object at 0x00000249732B0B90>]}
[0m21:56:18.962457 [debug] [MainThread]: Wrote artifact WritableManifest to C:\Users\HP\data_engineering_mastery\dbt_process\dbt_learn_osas\target\manifest.json
[0m21:56:18.979110 [debug] [MainThread]: Wrote artifact SemanticManifest to C:\Users\HP\data_engineering_mastery\dbt_process\dbt_learn_osas\target\semantic_manifest.json
[0m21:56:20.167027 [debug] [MainThread]: Sending event: {'category': 'dbt', 'action': 'resource_counts', 'label': 'e14d28bd-0192-4c21-8220-f5a64335a11c', 'context': [<snowplow_tracker.self_describing_json.SelfDescribingJson object at 0x000002497342E5D0>]}
[0m21:56:20.171030 [info ] [MainThread]: Found 2 models, 4 data tests, 538 macros
[0m21:56:20.175027 [debug] [MainThread]: Sending event: {'category': 'dbt', 'action': 'runnable_timing', 'label': 'e14d28bd-0192-4c21-8220-f5a64335a11c', 'context': [<snowplow_tracker.self_describing_json.SelfDescribingJson object at 0x00000249736F8260>]}
[0m21:56:20.293631 [info ] [MainThread]: 
[0m21:56:20.362404 [info ] [MainThread]: Concurrency: 4 threads (target='dev')
[0m21:56:20.691717 [info ] [MainThread]: 
[0m21:56:20.755766 [debug] [MainThread]: Acquiring new bigquery connection 'master'
[0m21:56:20.966479 [debug] [ThreadPool]: Acquiring new bigquery connection 'list_my-dbt-project-486616'
[0m21:56:20.968483 [debug] [ThreadPool]: Opening a new connection, currently in state init
[0m21:56:40.353160 [debug] [ThreadPool]: BigQuery adapter: Retry attempt 1 of 1 after error: TransportError(ConnectionError(ProtocolError('Connection aborted.', RemoteDisconnected('Remote end closed connection without response'))))
[0m21:56:58.604840 [debug] [ThreadPool]: BigQuery adapter: Unhandled error while running:
list dataset
[0m21:56:58.609370 [debug] [ThreadPool]: BigQuery adapter: ('Connection aborted.', RemoteDisconnected('Remote end closed connection without response'))
[0m21:56:58.613370 [debug] [MainThread]: Opening a new connection, currently in state init
[0m21:56:58.840080 [debug] [MainThread]: Connection 'master' was properly closed.
[0m21:56:58.844084 [debug] [MainThread]: Connection 'list_my-dbt-project-486616' was properly closed.
[0m21:56:58.846074 [info ] [MainThread]: 
[0m21:56:58.856075 [info ] [MainThread]: Finished running  in 0 hours 0 minutes and 38.09 seconds (38.09s).
[0m21:56:58.874154 [error] [MainThread]: Encountered an error:
Database Error
  ('Connection aborted.', RemoteDisconnected('Remote end closed connection without response'))
[0m21:56:58.933290 [debug] [MainThread]: Command `dbt run` failed at 21:56:58.931148 after 364.05 seconds
[0m21:56:58.940294 [debug] [MainThread]: Sending event: {'category': 'dbt', 'action': 'invocation', 'label': 'end', 'context': [<snowplow_tracker.self_describing_json.SelfDescribingJson object at 0x000002495B52B7A0>, <snowplow_tracker.self_describing_json.SelfDescribingJson object at 0x000002497340AAE0>, <snowplow_tracker.self_describing_json.SelfDescribingJson object at 0x00000249732ED0A0>]}
[0m21:56:58.949832 [debug] [MainThread]: Flushing usage events
[0m21:57:09.354070 [debug] [MainThread]: An error was encountered while trying to flush usage events
[0m22:01:33.249339 [debug] [MainThread]: Sending event: {'category': 'dbt', 'action': 'invocation', 'label': 'start', 'context': [<snowplow_tracker.self_describing_json.SelfDescribingJson object at 0x000002150EECFB90>, <snowplow_tracker.self_describing_json.SelfDescribingJson object at 0x000002150EECEC00>, <snowplow_tracker.self_describing_json.SelfDescribingJson object at 0x000002150EECF920>]}


============================== 22:01:33.275344 | 01a374ca-9d63-40fa-8d06-fb583346f530 ==============================
[0m22:01:33.275344 [info ] [MainThread]: Running with dbt=1.11.2
[0m22:01:33.318096 [debug] [MainThread]: running dbt with arguments {'static_parser': 'True', 'no_print': 'None', 'version_check': 'True', 'warn_error_options': 'WarnErrorOptionsV2(error=[], warn=[], silence=[])', 'target_path': 'None', 'printer_width': '80', 'write_json': 'True', 'empty': 'False', 'log_cache_events': 'False', 'introspect': 'True', 'cache_selected_only': 'False', 'fail_fast': 'False', 'debug': 'False', 'log_format': 'default', 'profiles_dir': 'C:\\Users\\HP\\.dbt', 'send_anonymous_usage_stats': 'True', 'quiet': 'False', 'warn_error': 'None', 'partial_parse': 'True', 'use_colors': 'True', 'invocation_command': 'dbt run', 'indirect_selection': 'eager', 'use_experimental_parser': 'False', 'log_path': 'C:\\Users\\HP\\data_engineering_mastery\\dbt_process\\dbt_learn_osas\\logs'}
[0m22:08:10.812216 [debug] [MainThread]: Sending event: {'category': 'dbt', 'action': 'project_id', 'label': '01a374ca-9d63-40fa-8d06-fb583346f530', 'context': [<snowplow_tracker.self_describing_json.SelfDescribingJson object at 0x000002150F73AA80>]}
[0m22:08:38.731067 [debug] [MainThread]: Sending event: {'category': 'dbt', 'action': 'adapter_info', 'label': '01a374ca-9d63-40fa-8d06-fb583346f530', 'context': [<snowplow_tracker.self_describing_json.SelfDescribingJson object at 0x00000215264C8770>]}
[0m22:08:38.759781 [info ] [MainThread]: Registered adapter: bigquery=1.11.0
[0m22:08:55.405111 [debug] [MainThread]: checksum: 3d40d8bbe1bef07db1c24822f2dbfff8bc07f2a48ed4fe2658a40653aec0b54b, vars: {}, profile: , target: , version: 1.11.2
[0m22:08:57.966194 [debug] [MainThread]: Partial parsing enabled: 0 files deleted, 0 files added, 0 files changed.
[0m22:08:57.969194 [debug] [MainThread]: Nothing changed, skipping partial parsing.
[0m22:08:57.972196 [debug] [MainThread]: Partial parsing enabled, no changes found, skipping parsing
[0m22:08:58.664032 [debug] [MainThread]: Sending event: {'category': 'dbt', 'action': 'load_project', 'label': '01a374ca-9d63-40fa-8d06-fb583346f530', 'context': [<snowplow_tracker.self_describing_json.SelfDescribingJson object at 0x0000021526866810>]}
[0m22:08:59.956938 [debug] [MainThread]: Wrote artifact WritableManifest to C:\Users\HP\data_engineering_mastery\dbt_process\dbt_learn_osas\target\manifest.json
[0m22:08:59.969948 [debug] [MainThread]: Wrote artifact SemanticManifest to C:\Users\HP\data_engineering_mastery\dbt_process\dbt_learn_osas\target\semantic_manifest.json
[0m22:09:00.848252 [debug] [MainThread]: Sending event: {'category': 'dbt', 'action': 'resource_counts', 'label': '01a374ca-9d63-40fa-8d06-fb583346f530', 'context': [<snowplow_tracker.self_describing_json.SelfDescribingJson object at 0x0000021526806300>]}
[0m22:09:00.855259 [info ] [MainThread]: Found 2 models, 4 data tests, 538 macros
[0m22:09:00.859249 [debug] [MainThread]: Sending event: {'category': 'dbt', 'action': 'runnable_timing', 'label': '01a374ca-9d63-40fa-8d06-fb583346f530', 'context': [<snowplow_tracker.self_describing_json.SelfDescribingJson object at 0x0000021526772A50>]}
[0m22:09:01.033315 [info ] [MainThread]: 
[0m22:09:01.182392 [info ] [MainThread]: Concurrency: 4 threads (target='dev')
[0m22:09:01.186396 [info ] [MainThread]: 
[0m22:09:01.190394 [debug] [MainThread]: Acquiring new bigquery connection 'master'
[0m22:09:02.776996 [debug] [ThreadPool]: Acquiring new bigquery connection 'list_my-dbt-project-486616'
[0m22:09:02.779992 [debug] [ThreadPool]: Opening a new connection, currently in state init
[0m22:09:20.764951 [debug] [ThreadPool]: Acquiring new bigquery connection 'list_my-dbt-project-486616_dbt_dataset'
[0m22:09:20.772844 [debug] [ThreadPool]: Opening a new connection, currently in state init
[0m22:09:36.189214 [debug] [MainThread]: Sending event: {'category': 'dbt', 'action': 'runnable_timing', 'label': '01a374ca-9d63-40fa-8d06-fb583346f530', 'context': [<snowplow_tracker.self_describing_json.SelfDescribingJson object at 0x0000021526707C80>]}
[0m22:09:36.196228 [debug] [MainThread]: Opening a new connection, currently in state init
[0m22:09:37.093880 [debug] [Thread-1 (]: Began running node model.dbt_learn_osas.my_first_dbt_model
[0m22:09:37.097208 [info ] [Thread-1 (]: 1 of 2 START sql table model dbt_dataset.my_first_dbt_model .................... [RUN]
[0m22:09:37.101207 [debug] [Thread-1 (]: Acquiring new bigquery connection 'model.dbt_learn_osas.my_first_dbt_model'
[0m22:09:37.104209 [debug] [Thread-1 (]: Began compiling node model.dbt_learn_osas.my_first_dbt_model
[0m22:09:37.206067 [debug] [Thread-1 (]: Writing injected SQL for node "model.dbt_learn_osas.my_first_dbt_model"
[0m22:09:37.258947 [debug] [Thread-1 (]: Began executing node model.dbt_learn_osas.my_first_dbt_model
[0m22:09:39.170732 [debug] [Thread-1 (]: Writing runtime sql for node "model.dbt_learn_osas.my_first_dbt_model"
[0m22:09:39.180734 [debug] [Thread-1 (]: On model.dbt_learn_osas.my_first_dbt_model: /* {"app": "dbt", "dbt_version": "1.11.2", "profile_name": "dbt_learn_osas", "target_name": "dev", "node_id": "model.dbt_learn_osas.my_first_dbt_model"} */

  
    

    create or replace table `my-dbt-project-486616`.`dbt_dataset`.`my_first_dbt_model`
      
    
    

    
    OPTIONS()
    as (
      /*
    Welcome to your first dbt model!
    Did you know that you can also configure models directly within SQL files?
    This will override configurations stated in dbt_project.yml

    Try changing "table" to "view" below
*/



with source_data as (

    select 1 as id
    union all
    select null as id

)

select *
from source_data

/*
    Uncomment the line below to remove records with null `id` values
*/

-- where id is not null
    );
  
[0m22:09:39.183740 [debug] [Thread-1 (]: Opening a new connection, currently in state init
[0m22:09:59.881880 [debug] [Thread-1 (]: BigQuery adapter: https://console.cloud.google.com/bigquery?project=my-dbt-project-486616&j=bq:EU:d0dd9790-3d13-4113-85b4-c6afe66d1bf4&page=queryresults
[0m22:10:01.274192 [debug] [Thread-1 (]: SQL status: OK in 1.386 seconds
[0m22:10:42.246331 [debug] [Thread-1 (]: Sending event: {'category': 'dbt', 'action': 'run_model', 'label': '01a374ca-9d63-40fa-8d06-fb583346f530', 'context': [<snowplow_tracker.self_describing_json.SelfDescribingJson object at 0x0000021526CB5340>]}
[0m22:10:42.253335 [info ] [Thread-1 (]: 1 of 2 OK created sql table model dbt_dataset.my_first_dbt_model ............... [[32mCREATE TABLE (2.0 rows, 0 processed)[0m in 65.10s]
[0m22:10:42.295228 [debug] [Thread-1 (]: Finished running node model.dbt_learn_osas.my_first_dbt_model
[0m22:10:42.300224 [debug] [Thread-3 (]: Began running node model.dbt_learn_osas.my_second_dbt_model
[0m22:10:42.305225 [info ] [Thread-3 (]: 2 of 2 START sql view model dbt_dataset.my_second_dbt_model .................... [RUN]
[0m22:10:42.312072 [debug] [Thread-3 (]: Acquiring new bigquery connection 'model.dbt_learn_osas.my_second_dbt_model'
[0m22:10:42.315078 [debug] [Thread-3 (]: Began compiling node model.dbt_learn_osas.my_second_dbt_model
[0m22:10:42.332081 [debug] [Thread-3 (]: Writing injected SQL for node "model.dbt_learn_osas.my_second_dbt_model"
[0m22:10:42.337077 [debug] [Thread-3 (]: Began executing node model.dbt_learn_osas.my_second_dbt_model
[0m22:10:43.045417 [debug] [Thread-3 (]: Writing runtime sql for node "model.dbt_learn_osas.my_second_dbt_model"
[0m22:10:43.057421 [debug] [Thread-3 (]: On model.dbt_learn_osas.my_second_dbt_model: /* {"app": "dbt", "dbt_version": "1.11.2", "profile_name": "dbt_learn_osas", "target_name": "dev", "node_id": "model.dbt_learn_osas.my_second_dbt_model"} */


  create or replace view `my-dbt-project-486616`.`dbt_dataset`.`my_second_dbt_model`
  OPTIONS()
  as -- Use the `ref` function to select from other models

select *
from `my-dbt-project-486616`.`dbt_dataset`.`my_first_dbt_model`
where id = 1;


[0m22:10:43.059418 [debug] [Thread-3 (]: Opening a new connection, currently in state init
[0m22:11:29.543429 [debug] [Thread-3 (]: BigQuery adapter: https://console.cloud.google.com/bigquery?project=my-dbt-project-486616&j=bq:EU:af25d988-e919-4e84-9358-5684e76fe273&page=queryresults
[0m22:11:30.834394 [debug] [Thread-3 (]: SQL status: OK in 1.284 seconds
[0m22:11:30.897846 [debug] [Thread-3 (]: Sending event: {'category': 'dbt', 'action': 'run_model', 'label': '01a374ca-9d63-40fa-8d06-fb583346f530', 'context': [<snowplow_tracker.self_describing_json.SelfDescribingJson object at 0x00000215273E6E40>]}
[0m22:11:30.907836 [info ] [Thread-3 (]: 2 of 2 OK created sql view model dbt_dataset.my_second_dbt_model ............... [[32mCREATE VIEW (0 processed)[0m in 48.59s]
[0m22:11:30.914830 [debug] [Thread-3 (]: Finished running node model.dbt_learn_osas.my_second_dbt_model
[0m22:11:30.943453 [debug] [MainThread]: Opening a new connection, currently in state closed
[0m22:11:31.357862 [debug] [MainThread]: Connection 'master' was properly closed.
[0m22:11:31.359864 [debug] [MainThread]: Connection 'list_my-dbt-project-486616' was properly closed.
[0m22:11:31.361638 [debug] [MainThread]: Connection 'list_my-dbt-project-486616_dbt_dataset' was properly closed.
[0m22:11:31.364676 [debug] [MainThread]: Connection 'model.dbt_learn_osas.my_first_dbt_model' was properly closed.
[0m22:11:31.366650 [debug] [MainThread]: Connection 'model.dbt_learn_osas.my_second_dbt_model' was properly closed.
[0m22:11:31.374896 [info ] [MainThread]: 
[0m22:11:31.494756 [info ] [MainThread]: Finished running 1 table model, 1 view model in 0 hours 2 minutes and 30.18 seconds (150.18s).
[0m22:11:31.665775 [debug] [MainThread]: Command end result
[0m22:11:32.998899 [debug] [MainThread]: Wrote artifact WritableManifest to C:\Users\HP\data_engineering_mastery\dbt_process\dbt_learn_osas\target\manifest.json
[0m22:11:33.329858 [debug] [MainThread]: Wrote artifact SemanticManifest to C:\Users\HP\data_engineering_mastery\dbt_process\dbt_learn_osas\target\semantic_manifest.json
[0m22:11:33.438597 [debug] [MainThread]: Wrote artifact RunExecutionResult to C:\Users\HP\data_engineering_mastery\dbt_process\dbt_learn_osas\target\run_results.json
[0m22:11:33.439597 [info ] [MainThread]: 
[0m22:11:33.450272 [info ] [MainThread]: [32mCompleted successfully[0m
[0m22:11:33.458277 [info ] [MainThread]: 
[0m22:11:33.471115 [info ] [MainThread]: Done. PASS=2 WARN=0 ERROR=0 SKIP=0 NO-OP=0 TOTAL=2
[0m22:11:33.754753 [debug] [MainThread]: Command `dbt run` succeeded at 22:11:33.740743 after 606.00 seconds
[0m22:11:33.946070 [debug] [MainThread]: Sending event: {'category': 'dbt', 'action': 'invocation', 'label': 'end', 'context': [<snowplow_tracker.self_describing_json.SelfDescribingJson object at 0x0000021526863800>, <snowplow_tracker.self_describing_json.SelfDescribingJson object at 0x0000021526860F50>, <snowplow_tracker.self_describing_json.SelfDescribingJson object at 0x0000021526616600>]}
[0m22:11:33.949071 [debug] [MainThread]: Flushing usage events
[0m22:11:39.219358 [debug] [MainThread]: An error was encountered while trying to flush usage events
[0m21:27:47.015360 [debug] [MainThread]: Sending event: {'category': 'dbt', 'action': 'invocation', 'label': 'start', 'context': [<snowplow_tracker.self_describing_json.SelfDescribingJson object at 0x000002429794B140>, <snowplow_tracker.self_describing_json.SelfDescribingJson object at 0x000002429B11FEC0>, <snowplow_tracker.self_describing_json.SelfDescribingJson object at 0x000002429B11F860>]}


============================== 21:27:47.028189 | 6adfc74f-f9be-4268-a0b0-0c32f6832198 ==============================
[0m21:27:47.028189 [info ] [MainThread]: Running with dbt=1.11.2
[0m21:27:47.031225 [debug] [MainThread]: running dbt with arguments {'static_parser': 'True', 'no_print': 'None', 'version_check': 'True', 'warn_error_options': 'WarnErrorOptionsV2(error=[], warn=[], silence=[])', 'target_path': 'None', 'printer_width': '80', 'write_json': 'True', 'empty': 'None', 'log_cache_events': 'False', 'introspect': 'True', 'cache_selected_only': 'False', 'log_format': 'default', 'debug': 'False', 'fail_fast': 'False', 'profiles_dir': 'C:\\Users\\HP\\.dbt', 'send_anonymous_usage_stats': 'True', 'quiet': 'False', 'warn_error': 'None', 'partial_parse': 'True', 'use_colors': 'True', 'invocation_command': 'dbt seed', 'indirect_selection': 'eager', 'use_experimental_parser': 'False', 'log_path': 'C:\\Users\\HP\\data_engineering_mastery\\dbt_process\\dbt_learn_osas\\logs'}
[0m21:29:34.535532 [debug] [MainThread]: Sending event: {'category': 'dbt', 'action': 'project_id', 'label': '6adfc74f-f9be-4268-a0b0-0c32f6832198', 'context': [<snowplow_tracker.self_describing_json.SelfDescribingJson object at 0x00000242B2800C20>]}
[0m21:29:35.212485 [debug] [MainThread]: Sending event: {'category': 'dbt', 'action': 'adapter_info', 'label': '6adfc74f-f9be-4268-a0b0-0c32f6832198', 'context': [<snowplow_tracker.self_describing_json.SelfDescribingJson object at 0x00000242B257FEC0>]}
[0m21:29:35.215481 [info ] [MainThread]: Registered adapter: bigquery=1.11.0
[0m21:29:39.125243 [debug] [MainThread]: checksum: 3d40d8bbe1bef07db1c24822f2dbfff8bc07f2a48ed4fe2658a40653aec0b54b, vars: {}, profile: , target: , version: 1.11.2
[0m21:29:44.460350 [debug] [MainThread]: Partial parsing enabled: 0 files deleted, 1 files added, 0 files changed.
[0m21:29:44.461354 [debug] [MainThread]: Partial parsing: added file: dbt_learn_osas://seeds\country_codes.csv
[0m21:29:45.535044 [debug] [MainThread]: Sending event: {'category': 'dbt', 'action': 'load_project', 'label': '6adfc74f-f9be-4268-a0b0-0c32f6832198', 'context': [<snowplow_tracker.self_describing_json.SelfDescribingJson object at 0x00000242B3099640>]}
[0m21:29:45.782202 [debug] [MainThread]: Wrote artifact WritableManifest to C:\Users\HP\data_engineering_mastery\dbt_process\dbt_learn_osas\target\manifest.json
[0m21:29:45.791760 [debug] [MainThread]: Wrote artifact SemanticManifest to C:\Users\HP\data_engineering_mastery\dbt_process\dbt_learn_osas\target\semantic_manifest.json
[0m21:29:45.919060 [debug] [MainThread]: Sending event: {'category': 'dbt', 'action': 'resource_counts', 'label': '6adfc74f-f9be-4268-a0b0-0c32f6832198', 'context': [<snowplow_tracker.self_describing_json.SelfDescribingJson object at 0x00000242B304D4C0>]}
[0m21:29:45.922060 [info ] [MainThread]: Found 2 models, 4 data tests, 1 seed, 538 macros
[0m21:29:45.927512 [debug] [MainThread]: Sending event: {'category': 'dbt', 'action': 'runnable_timing', 'label': '6adfc74f-f9be-4268-a0b0-0c32f6832198', 'context': [<snowplow_tracker.self_describing_json.SelfDescribingJson object at 0x00000242B2F2E180>]}
[0m21:29:45.936513 [info ] [MainThread]: 
[0m21:29:45.938511 [info ] [MainThread]: Concurrency: 4 threads (target='dev')
[0m21:29:45.940999 [info ] [MainThread]: 
[0m21:29:45.951049 [debug] [MainThread]: Acquiring new bigquery connection 'master'
[0m21:29:45.961132 [debug] [ThreadPool]: Acquiring new bigquery connection 'list_my-dbt-project-486616'
[0m21:29:45.966046 [debug] [ThreadPool]: Opening a new connection, currently in state init
[0m21:30:11.141941 [debug] [ThreadPool]: Acquiring new bigquery connection 'list_my-dbt-project-486616_dbt_dataset'
[0m21:30:11.144426 [debug] [ThreadPool]: Opening a new connection, currently in state init
[0m21:30:40.909261 [debug] [MainThread]: Sending event: {'category': 'dbt', 'action': 'runnable_timing', 'label': '6adfc74f-f9be-4268-a0b0-0c32f6832198', 'context': [<snowplow_tracker.self_describing_json.SelfDescribingJson object at 0x00000242B2A03410>]}
[0m21:30:40.911084 [debug] [MainThread]: Opening a new connection, currently in state init
[0m21:30:41.862605 [debug] [Thread-1 (]: Began running node seed.dbt_learn_osas.country_codes
[0m21:30:41.865686 [info ] [Thread-1 (]: 1 of 1 START seed file dbt_dataset.country_codes ............................... [RUN]
[0m21:30:41.876314 [debug] [Thread-1 (]: Acquiring new bigquery connection 'seed.dbt_learn_osas.country_codes'
[0m21:30:41.879057 [debug] [Thread-1 (]: Began compiling node seed.dbt_learn_osas.country_codes
[0m21:30:41.907524 [debug] [Thread-1 (]: Began executing node seed.dbt_learn_osas.country_codes
[0m21:30:51.594984 [debug] [Thread-1 (]: Opening a new connection, currently in state init
[0m21:31:22.617316 [error] [Thread-1 (]: [31mUnhandled error while executing [0m
400 Error while reading data, error message: CSV processing encountered too many errors, giving up. Rows: 3; errors: 1; max bad: 0; error percent: 0; reason: invalid, message: Error while reading data, error message: CSV processing encountered too many errors, giving up. Rows: 3; errors: 1; max bad: 0; error percent: 0; reason: invalid, message: Error while reading data, error message: CSV table references column position 1, but line contains only 1 columns.; line_number: 5 byte_offset_to_start_of_line: 75 column_index: 1 column_name: "country_name" column_type: STRING; reason: invalid, message: You are loading data without specifying data format, data will be treated as CSV format by default. If this is not what you mean, please specify data format by --source_format.
[0m21:31:23.141091 [debug] [Thread-1 (]: Traceback (most recent call last):
  File "C:\Users\HP\data_engineering_mastery\dbt_process\env\Lib\site-packages\dbt\task\base.py", line 363, in safe_run
    result = self.compile_and_execute(manifest, ctx)
             ^^^^^^^^^^^^^^^^^^^^^^^^^^^^^^^^^^^^^^^
  File "C:\Users\HP\data_engineering_mastery\dbt_process\env\Lib\site-packages\dbt\task\base.py", line 310, in compile_and_execute
    result = self.run(ctx.node, manifest)
             ^^^^^^^^^^^^^^^^^^^^^^^^^^^^
  File "C:\Users\HP\data_engineering_mastery\dbt_process\env\Lib\site-packages\dbt\task\base.py", line 410, in run
    return self.execute(compiled_node, manifest)
           ^^^^^^^^^^^^^^^^^^^^^^^^^^^^^^^^^^^^^
  File "C:\Users\HP\data_engineering_mastery\dbt_process\env\Lib\site-packages\dbt\task\run.py", line 336, in execute
    return self._execute_model(hook_ctx, context_config, model, context, materialization_macro)
           ^^^^^^^^^^^^^^^^^^^^^^^^^^^^^^^^^^^^^^^^^^^^^^^^^^^^^^^^^^^^^^^^^^^^^^^^^^^^^^^^^^^^
  File "C:\Users\HP\data_engineering_mastery\dbt_process\env\Lib\site-packages\dbt\task\run.py", line 296, in _execute_model
    result = MacroGenerator(
             ^^^^^^^^^^^^^^^
  File "C:\Users\HP\data_engineering_mastery\dbt_process\env\Lib\site-packages\dbt\clients\jinja.py", line 82, in __call__
    return self.call_macro(*args, **kwargs)
           ^^^^^^^^^^^^^^^^^^^^^^^^^^^^^^^^
  File "C:\Users\HP\data_engineering_mastery\dbt_process\env\Lib\site-packages\dbt_common\clients\jinja.py", line 395, in call_macro
    return macro(*args, **kwargs)
           ^^^^^^^^^^^^^^^^^^^^^^
  File "C:\Users\HP\data_engineering_mastery\dbt_process\env\Lib\site-packages\jinja2\runtime.py", line 770, in __call__
    return self._invoke(arguments, autoescape)
           ^^^^^^^^^^^^^^^^^^^^^^^^^^^^^^^^^^^
  File "C:\Users\HP\data_engineering_mastery\dbt_process\env\Lib\site-packages\jinja2\runtime.py", line 784, in _invoke
    rv = self._func(*arguments)
         ^^^^^^^^^^^^^^^^^^^^^^
  File "<template>", line 109, in macro
  File "C:\Users\HP\data_engineering_mastery\dbt_process\env\Lib\site-packages\jinja2\sandbox.py", line 401, in call
    return __context.call(__obj, *args, **kwargs)
           ^^^^^^^^^^^^^^^^^^^^^^^^^^^^^^^^^^^^^^
  File "C:\Users\HP\data_engineering_mastery\dbt_process\env\Lib\site-packages\jinja2\runtime.py", line 303, in call
    return __obj(*args, **kwargs)
           ^^^^^^^^^^^^^^^^^^^^^^
  File "C:\Users\HP\data_engineering_mastery\dbt_process\env\Lib\site-packages\dbt\clients\jinja.py", line 82, in __call__
    return self.call_macro(*args, **kwargs)
           ^^^^^^^^^^^^^^^^^^^^^^^^^^^^^^^^
  File "C:\Users\HP\data_engineering_mastery\dbt_process\env\Lib\site-packages\dbt_common\clients\jinja.py", line 395, in call_macro
    return macro(*args, **kwargs)
           ^^^^^^^^^^^^^^^^^^^^^^
  File "C:\Users\HP\data_engineering_mastery\dbt_process\env\Lib\site-packages\jinja2\runtime.py", line 770, in __call__
    return self._invoke(arguments, autoescape)
           ^^^^^^^^^^^^^^^^^^^^^^^^^^^^^^^^^^^
  File "C:\Users\HP\data_engineering_mastery\dbt_process\env\Lib\site-packages\jinja2\runtime.py", line 784, in _invoke
    rv = self._func(*arguments)
         ^^^^^^^^^^^^^^^^^^^^^^
  File "<template>", line 21, in macro
  File "C:\Users\HP\data_engineering_mastery\dbt_process\env\Lib\site-packages\jinja2\sandbox.py", line 401, in call
    return __context.call(__obj, *args, **kwargs)
           ^^^^^^^^^^^^^^^^^^^^^^^^^^^^^^^^^^^^^^
  File "C:\Users\HP\data_engineering_mastery\dbt_process\env\Lib\site-packages\jinja2\runtime.py", line 303, in call
    return __obj(*args, **kwargs)
           ^^^^^^^^^^^^^^^^^^^^^^
  File "C:\Users\HP\data_engineering_mastery\dbt_process\env\Lib\site-packages\dbt\clients\jinja.py", line 82, in __call__
    return self.call_macro(*args, **kwargs)
           ^^^^^^^^^^^^^^^^^^^^^^^^^^^^^^^^
  File "C:\Users\HP\data_engineering_mastery\dbt_process\env\Lib\site-packages\dbt_common\clients\jinja.py", line 395, in call_macro
    return macro(*args, **kwargs)
           ^^^^^^^^^^^^^^^^^^^^^^
  File "C:\Users\HP\data_engineering_mastery\dbt_process\env\Lib\site-packages\jinja2\runtime.py", line 770, in __call__
    return self._invoke(arguments, autoescape)
           ^^^^^^^^^^^^^^^^^^^^^^^^^^^^^^^^^^^
  File "C:\Users\HP\data_engineering_mastery\dbt_process\env\Lib\site-packages\jinja2\runtime.py", line 784, in _invoke
    rv = self._func(*arguments)
         ^^^^^^^^^^^^^^^^^^^^^^
  File "<template>", line 25, in macro
  File "C:\Users\HP\data_engineering_mastery\dbt_process\env\Lib\site-packages\jinja2\sandbox.py", line 401, in call
    return __context.call(__obj, *args, **kwargs)
           ^^^^^^^^^^^^^^^^^^^^^^^^^^^^^^^^^^^^^^
  File "C:\Users\HP\data_engineering_mastery\dbt_process\env\Lib\site-packages\jinja2\runtime.py", line 303, in call
    return __obj(*args, **kwargs)
           ^^^^^^^^^^^^^^^^^^^^^^
  File "C:\Users\HP\data_engineering_mastery\dbt_process\env\Lib\site-packages\dbt\adapters\bigquery\impl.py", line 878, in load_dataframe
    self.connections.write_dataframe_to_table(
  File "C:\Users\HP\data_engineering_mastery\dbt_process\env\Lib\site-packages\dbt\adapters\bigquery\connections.py", line 487, in write_dataframe_to_table
    self._write_file_to_table(client, file_path, table, load_config, fallback_timeout)
  File "C:\Users\HP\data_engineering_mastery\dbt_process\env\Lib\site-packages\dbt\adapters\bigquery\connections.py", line 519, in _write_file_to_table
    response = job.result(retry=self._retry.create_retry(fallback=fallback_timeout))
               ^^^^^^^^^^^^^^^^^^^^^^^^^^^^^^^^^^^^^^^^^^^^^^^^^^^^^^^^^^^^^^^^^^^^^
  File "C:\Users\HP\data_engineering_mastery\dbt_process\env\Lib\site-packages\google\cloud\bigquery\job\base.py", line 1047, in result
    return super(_AsyncJob, self).result(timeout=timeout, retry=retry)
           ^^^^^^^^^^^^^^^^^^^^^^^^^^^^^^^^^^^^^^^^^^^^^^^^^^^^^^^^^^^
  File "C:\Users\HP\data_engineering_mastery\dbt_process\env\Lib\site-packages\google\api_core\future\polling.py", line 261, in result
    raise self._exception
google.api_core.exceptions.BadRequest: 400 Error while reading data, error message: CSV processing encountered too many errors, giving up. Rows: 3; errors: 1; max bad: 0; error percent: 0; reason: invalid, message: Error while reading data, error message: CSV processing encountered too many errors, giving up. Rows: 3; errors: 1; max bad: 0; error percent: 0; reason: invalid, message: Error while reading data, error message: CSV table references column position 1, but line contains only 1 columns.; line_number: 5 byte_offset_to_start_of_line: 75 column_index: 1 column_name: "country_name" column_type: STRING; reason: invalid, message: You are loading data without specifying data format, data will be treated as CSV format by default. If this is not what you mean, please specify data format by --source_format.

[0m21:31:23.155192 [debug] [Thread-1 (]: Sending event: {'category': 'dbt', 'action': 'run_model', 'label': '6adfc74f-f9be-4268-a0b0-0c32f6832198', 'context': [<snowplow_tracker.self_describing_json.SelfDescribingJson object at 0x00000242B36F1040>]}
[0m21:31:23.167188 [error] [Thread-1 (]: 1 of 1 ERROR loading seed file dbt_dataset.country_codes ....................... [[31mERROR[0m in 41.27s]
[0m21:31:23.179123 [debug] [Thread-1 (]: Finished running node seed.dbt_learn_osas.country_codes
[0m21:31:23.188144 [debug] [Thread-7 (]: Marking all children of 'seed.dbt_learn_osas.country_codes' to be skipped because of status 'error'.  Reason: 400 Error while reading data, error message: CSV processing encountered too many errors, giving up. Rows: 3; errors: 1; max bad: 0; error percent: 0; reason: invalid, message: Error while reading data, error message: CSV processing encountered too many errors, giving up. Rows: 3; errors: 1; max bad: 0; error percent: 0; reason: invalid, message: Error while reading data, error message: CSV table references column position 1, but line contains only 1 columns.; line_number: 5 byte_offset_to_start_of_line: 75 column_index: 1 column_name: "country_name" column_type: STRING; reason: invalid, message: You are loading data without specifying data format, data will be treated as CSV format by default. If this is not what you mean, please specify data format by --source_format..
[0m21:31:23.197981 [debug] [MainThread]: Opening a new connection, currently in state closed
[0m21:31:23.406069 [debug] [MainThread]: Connection 'master' was properly closed.
[0m21:31:23.411478 [debug] [MainThread]: Connection 'list_my-dbt-project-486616' was properly closed.
[0m21:31:23.413122 [debug] [MainThread]: Connection 'list_my-dbt-project-486616_dbt_dataset' was properly closed.
[0m21:31:23.414118 [debug] [MainThread]: Connection 'seed.dbt_learn_osas.country_codes' was properly closed.
[0m21:31:23.416122 [info ] [MainThread]: 
[0m21:31:23.420117 [info ] [MainThread]: Finished running 1 seed in 0 hours 1 minutes and 37.47 seconds (97.47s).
[0m21:31:23.427526 [debug] [MainThread]: Command end result
[0m21:31:23.613068 [debug] [MainThread]: Wrote artifact WritableManifest to C:\Users\HP\data_engineering_mastery\dbt_process\dbt_learn_osas\target\manifest.json
[0m21:31:23.620544 [debug] [MainThread]: Wrote artifact SemanticManifest to C:\Users\HP\data_engineering_mastery\dbt_process\dbt_learn_osas\target\semantic_manifest.json
[0m21:31:23.695601 [debug] [MainThread]: Wrote artifact RunExecutionResult to C:\Users\HP\data_engineering_mastery\dbt_process\dbt_learn_osas\target\run_results.json
[0m21:31:23.698509 [info ] [MainThread]: 
[0m21:31:23.717050 [info ] [MainThread]: [31mCompleted with 1 error, 0 partial successes, and 0 warnings:[0m
[0m21:31:23.735111 [info ] [MainThread]: 
[0m21:31:23.737111 [error] [MainThread]: [31mFailure in seed country_codes (seeds\country_codes.csv)[0m
[0m21:31:23.814976 [error] [MainThread]:   400 Error while reading data, error message: CSV processing encountered too many errors, giving up. Rows: 3; errors: 1; max bad: 0; error percent: 0; reason: invalid, message: Error while reading data, error message: CSV processing encountered too many errors, giving up. Rows: 3; errors: 1; max bad: 0; error percent: 0; reason: invalid, message: Error while reading data, error message: CSV table references column position 1, but line contains only 1 columns.; line_number: 5 byte_offset_to_start_of_line: 75 column_index: 1 column_name: "country_name" column_type: STRING; reason: invalid, message: You are loading data without specifying data format, data will be treated as CSV format by default. If this is not what you mean, please specify data format by --source_format.
[0m21:31:23.852887 [info ] [MainThread]: 
[0m21:31:23.884292 [info ] [MainThread]: Done. PASS=0 WARN=0 ERROR=1 SKIP=0 NO-OP=0 TOTAL=1
[0m21:31:23.895480 [debug] [MainThread]: Command `dbt seed` failed at 21:31:23.895480 after 217.67 seconds
[0m21:31:23.897228 [debug] [MainThread]: Sending event: {'category': 'dbt', 'action': 'invocation', 'label': 'end', 'context': [<snowplow_tracker.self_describing_json.SelfDescribingJson object at 0x00000242B2E721B0>, <snowplow_tracker.self_describing_json.SelfDescribingJson object at 0x00000242B3075FD0>, <snowplow_tracker.self_describing_json.SelfDescribingJson object at 0x000002429AA880B0>]}
[0m21:31:23.899455 [debug] [MainThread]: Flushing usage events
[0m21:31:37.664379 [debug] [MainThread]: An error was encountered while trying to flush usage events
[0m21:33:38.175278 [debug] [MainThread]: Sending event: {'category': 'dbt', 'action': 'invocation', 'label': 'start', 'context': [<snowplow_tracker.self_describing_json.SelfDescribingJson object at 0x0000026E88270590>, <snowplow_tracker.self_describing_json.SelfDescribingJson object at 0x0000026E85FD4950>, <snowplow_tracker.self_describing_json.SelfDescribingJson object at 0x0000026E88D3FBF0>]}


============================== 21:33:38.191333 | bea95e57-8d2c-4f47-a9e8-0572479de23c ==============================
[0m21:33:38.191333 [info ] [MainThread]: Running with dbt=1.11.2
[0m21:33:38.208880 [debug] [MainThread]: running dbt with arguments {'static_parser': 'True', 'no_print': 'None', 'version_check': 'True', 'target_path': 'None', 'warn_error_options': 'WarnErrorOptionsV2(error=[], warn=[], silence=[])', 'printer_width': '80', 'write_json': 'True', 'introspect': 'True', 'log_cache_events': 'False', 'empty': 'None', 'cache_selected_only': 'False', 'log_format': 'default', 'debug': 'False', 'fail_fast': 'False', 'profiles_dir': 'C:\\Users\\HP\\.dbt', 'send_anonymous_usage_stats': 'True', 'quiet': 'False', 'warn_error': 'None', 'partial_parse': 'True', 'invocation_command': 'dbt seed', 'indirect_selection': 'eager', 'use_colors': 'True', 'use_experimental_parser': 'False', 'log_path': 'C:\\Users\\HP\\data_engineering_mastery\\dbt_process\\dbt_learn_osas\\logs'}
[0m21:35:29.732161 [debug] [MainThread]: Sending event: {'category': 'dbt', 'action': 'project_id', 'label': 'bea95e57-8d2c-4f47-a9e8-0572479de23c', 'context': [<snowplow_tracker.self_describing_json.SelfDescribingJson object at 0x0000026E9FC49970>]}
[0m21:35:30.217713 [debug] [MainThread]: Sending event: {'category': 'dbt', 'action': 'adapter_info', 'label': 'bea95e57-8d2c-4f47-a9e8-0572479de23c', 'context': [<snowplow_tracker.self_describing_json.SelfDescribingJson object at 0x0000026EA036CBC0>]}
[0m21:35:30.220116 [info ] [MainThread]: Registered adapter: bigquery=1.11.0
[0m21:35:34.373146 [debug] [MainThread]: checksum: 3d40d8bbe1bef07db1c24822f2dbfff8bc07f2a48ed4fe2658a40653aec0b54b, vars: {}, profile: , target: , version: 1.11.2
[0m21:35:35.017843 [debug] [MainThread]: Partial parsing enabled: 0 files deleted, 0 files added, 0 files changed.
[0m21:35:35.019210 [debug] [MainThread]: Nothing changed, skipping partial parsing.
[0m21:35:35.020962 [debug] [MainThread]: Partial parsing enabled, no changes found, skipping parsing
[0m21:35:35.190745 [debug] [MainThread]: Sending event: {'category': 'dbt', 'action': 'load_project', 'label': 'bea95e57-8d2c-4f47-a9e8-0572479de23c', 'context': [<snowplow_tracker.self_describing_json.SelfDescribingJson object at 0x0000026E8958EFC0>]}
[0m21:35:35.564784 [debug] [MainThread]: Wrote artifact WritableManifest to C:\Users\HP\data_engineering_mastery\dbt_process\dbt_learn_osas\target\manifest.json
[0m21:35:35.573679 [debug] [MainThread]: Wrote artifact SemanticManifest to C:\Users\HP\data_engineering_mastery\dbt_process\dbt_learn_osas\target\semantic_manifest.json
[0m21:35:35.691113 [debug] [MainThread]: Sending event: {'category': 'dbt', 'action': 'resource_counts', 'label': 'bea95e57-8d2c-4f47-a9e8-0572479de23c', 'context': [<snowplow_tracker.self_describing_json.SelfDescribingJson object at 0x0000026EA04EB500>]}
[0m21:35:35.692212 [info ] [MainThread]: Found 2 models, 4 data tests, 1 seed, 538 macros
[0m21:35:35.694118 [debug] [MainThread]: Sending event: {'category': 'dbt', 'action': 'runnable_timing', 'label': 'bea95e57-8d2c-4f47-a9e8-0572479de23c', 'context': [<snowplow_tracker.self_describing_json.SelfDescribingJson object at 0x0000026E895B2120>]}
[0m21:35:35.699200 [info ] [MainThread]: 
[0m21:35:35.699861 [info ] [MainThread]: Concurrency: 4 threads (target='dev')
[0m21:35:35.707129 [info ] [MainThread]: 
[0m21:35:35.708239 [debug] [MainThread]: Acquiring new bigquery connection 'master'
[0m21:35:35.720735 [debug] [ThreadPool]: Acquiring new bigquery connection 'list_my-dbt-project-486616'
[0m21:35:35.724733 [debug] [ThreadPool]: Opening a new connection, currently in state init
[0m21:36:45.651347 [debug] [ThreadPool]: BigQuery adapter: Retry attempt 1 of 1 after error: ConnectionError(ProtocolError('Connection aborted.', RemoteDisconnected('Remote end closed connection without response')))
[0m21:36:45.654367 [warn ] [ThreadPool]: BigQuery adapter: Reopening connection after ConnectionError(ProtocolError('Connection aborted.', RemoteDisconnected('Remote end closed connection without response')))
[0m21:36:54.700410 [debug] [ThreadPool]: Acquiring new bigquery connection 'list_my-dbt-project-486616_dbt_dataset'
[0m21:36:54.701682 [debug] [ThreadPool]: Opening a new connection, currently in state init
[0m21:37:30.618238 [debug] [MainThread]: Sending event: {'category': 'dbt', 'action': 'runnable_timing', 'label': 'bea95e57-8d2c-4f47-a9e8-0572479de23c', 'context': [<snowplow_tracker.self_describing_json.SelfDescribingJson object at 0x0000026E88DB9040>]}
[0m21:37:30.621258 [debug] [MainThread]: Opening a new connection, currently in state init
[0m21:37:30.749857 [debug] [Thread-1 (]: Began running node seed.dbt_learn_osas.country_codes
[0m21:37:30.752860 [info ] [Thread-1 (]: 1 of 1 START seed file dbt_dataset.country_codes ............................... [RUN]
[0m21:37:30.755858 [debug] [Thread-1 (]: Acquiring new bigquery connection 'seed.dbt_learn_osas.country_codes'
[0m21:37:30.757862 [debug] [Thread-1 (]: Began compiling node seed.dbt_learn_osas.country_codes
[0m21:37:30.760861 [debug] [Thread-1 (]: Began executing node seed.dbt_learn_osas.country_codes
[0m21:37:31.181745 [debug] [Thread-1 (]: Opening a new connection, currently in state init
[0m21:38:51.480635 [debug] [Thread-1 (]: On seed.dbt_learn_osas.country_codes: /* {"app": "dbt", "dbt_version": "1.11.2", "profile_name": "dbt_learn_osas", "target_name": "dev", "node_id": "seed.dbt_learn_osas.country_codes"} */

    alter table `my-dbt-project-486616`.`dbt_dataset`.`country_codes` set OPTIONS()
  
[0m21:38:55.342318 [debug] [Thread-1 (]: BigQuery adapter: https://console.cloud.google.com/bigquery?project=my-dbt-project-486616&j=bq:EU:d3ccdb08-aab4-41ea-94b7-417e6f4b81fc&page=queryresults
[0m21:39:13.830692 [debug] [Thread-1 (]: SQL status: OK in 18.486 seconds
[0m21:39:13.857315 [debug] [Thread-1 (]: Writing runtime SQL for node "seed.dbt_learn_osas.country_codes"
[0m21:39:14.046447 [debug] [Thread-1 (]: Sending event: {'category': 'dbt', 'action': 'run_model', 'label': 'bea95e57-8d2c-4f47-a9e8-0572479de23c', 'context': [<snowplow_tracker.self_describing_json.SelfDescribingJson object at 0x0000026E88671C70>]}
[0m21:39:14.056978 [info ] [Thread-1 (]: 1 of 1 OK loaded seed file dbt_dataset.country_codes ........................... [[32mINSERT 3[0m in 103.25s]
[0m21:39:14.115684 [debug] [Thread-1 (]: Finished running node seed.dbt_learn_osas.country_codes
[0m21:39:14.125982 [debug] [MainThread]: Opening a new connection, currently in state closed
[0m21:39:14.270687 [debug] [MainThread]: Connection 'master' was properly closed.
[0m21:39:14.274684 [debug] [MainThread]: Connection 'list_my-dbt-project-486616' was properly closed.
[0m21:39:14.276685 [debug] [MainThread]: Connection 'list_my-dbt-project-486616_dbt_dataset' was properly closed.
[0m21:39:14.280691 [debug] [MainThread]: Connection 'seed.dbt_learn_osas.country_codes' was properly closed.
[0m21:39:14.283110 [info ] [MainThread]: 
[0m21:39:14.304772 [info ] [MainThread]: Finished running 1 seed in 0 hours 3 minutes and 38.57 seconds (218.57s).
[0m21:39:14.312689 [debug] [MainThread]: Command end result
[0m21:39:14.500683 [debug] [MainThread]: Wrote artifact WritableManifest to C:\Users\HP\data_engineering_mastery\dbt_process\dbt_learn_osas\target\manifest.json
[0m21:39:14.513675 [debug] [MainThread]: Wrote artifact SemanticManifest to C:\Users\HP\data_engineering_mastery\dbt_process\dbt_learn_osas\target\semantic_manifest.json
[0m21:39:14.569778 [debug] [MainThread]: Wrote artifact RunExecutionResult to C:\Users\HP\data_engineering_mastery\dbt_process\dbt_learn_osas\target\run_results.json
[0m21:39:14.572931 [info ] [MainThread]: 
[0m21:39:14.630352 [info ] [MainThread]: [32mCompleted successfully[0m
[0m21:39:14.678880 [info ] [MainThread]: 
[0m21:39:14.709751 [info ] [MainThread]: Done. PASS=1 WARN=0 ERROR=0 SKIP=0 NO-OP=0 TOTAL=1
[0m21:39:14.747969 [debug] [MainThread]: Command `dbt seed` succeeded at 21:39:14.746971 after 337.13 seconds
[0m21:39:14.749984 [debug] [MainThread]: Sending event: {'category': 'dbt', 'action': 'invocation', 'label': 'end', 'context': [<snowplow_tracker.self_describing_json.SelfDescribingJson object at 0x0000026E88A5A930>, <snowplow_tracker.self_describing_json.SelfDescribingJson object at 0x0000026EA04F7320>, <snowplow_tracker.self_describing_json.SelfDescribingJson object at 0x0000026EA0B30380>]}
[0m21:39:14.753305 [debug] [MainThread]: Flushing usage events
[0m21:39:28.784991 [debug] [MainThread]: An error was encountered while trying to flush usage events
[0m22:10:40.747329 [debug] [MainThread]: Sending event: {'category': 'dbt', 'action': 'invocation', 'label': 'start', 'context': [<snowplow_tracker.self_describing_json.SelfDescribingJson object at 0x0000025E7331DD00>, <snowplow_tracker.self_describing_json.SelfDescribingJson object at 0x0000025E73F46F30>, <snowplow_tracker.self_describing_json.SelfDescribingJson object at 0x0000025E7331FF80>]}


============================== 22:10:40.764394 | 5907ae3f-ebb2-43cc-9dd0-7b6162de3bed ==============================
[0m22:10:40.764394 [info ] [MainThread]: Running with dbt=1.11.2
[0m22:10:40.773488 [debug] [MainThread]: running dbt with arguments {'static_parser': 'True', 'no_print': 'None', 'version_check': 'True', 'warn_error_options': 'WarnErrorOptionsV2(error=[], warn=[], silence=[])', 'target_path': 'None', 'printer_width': '80', 'write_json': 'True', 'empty': 'False', 'log_cache_events': 'False', 'introspect': 'True', 'cache_selected_only': 'False', 'fail_fast': 'False', 'debug': 'False', 'log_format': 'default', 'partial_parse': 'True', 'send_anonymous_usage_stats': 'True', 'quiet': 'False', 'warn_error': 'None', 'profiles_dir': 'C:\\Users\\HP\\.dbt', 'use_colors': 'True', 'indirect_selection': 'eager', 'invocation_command': 'dbt run', 'use_experimental_parser': 'False', 'log_path': 'C:\\Users\\HP\\data_engineering_mastery\\dbt_process\\dbt_learn_osas\\logs'}
[0m22:13:05.538240 [debug] [MainThread]: Sending event: {'category': 'dbt', 'action': 'project_id', 'label': '5907ae3f-ebb2-43cc-9dd0-7b6162de3bed', 'context': [<snowplow_tracker.self_describing_json.SelfDescribingJson object at 0x0000025E0B56CB30>]}
[0m22:13:06.051057 [debug] [MainThread]: Sending event: {'category': 'dbt', 'action': 'adapter_info', 'label': '5907ae3f-ebb2-43cc-9dd0-7b6162de3bed', 'context': [<snowplow_tracker.self_describing_json.SelfDescribingJson object at 0x0000025E071AB5F0>]}
[0m22:13:06.057053 [info ] [MainThread]: Registered adapter: bigquery=1.11.0
[0m22:13:14.537654 [debug] [MainThread]: checksum: 3d40d8bbe1bef07db1c24822f2dbfff8bc07f2a48ed4fe2658a40653aec0b54b, vars: {}, profile: , target: , version: 1.11.2
[0m22:13:20.087434 [debug] [MainThread]: Partial parsing enabled: 2 files deleted, 3 files added, 0 files changed.
[0m22:13:20.090550 [debug] [MainThread]: Partial parsing: added file: dbt_learn_osas://models\example\example\my_second_dbt_model.sql
[0m22:13:20.095488 [debug] [MainThread]: Partial parsing: added file: dbt_learn_osas://models\example\jaffle_shop\customer.sql
[0m22:13:20.098190 [debug] [MainThread]: Partial parsing: added file: dbt_learn_osas://models\example\example\my_first_dbt_model.sql
[0m22:13:20.101491 [debug] [MainThread]: Partial parsing: deleted file: dbt_learn_osas://models\example\my_first_dbt_model.sql
[0m22:13:20.110566 [debug] [MainThread]: Partial parsing: deleted file: dbt_learn_osas://models\example\my_second_dbt_model.sql
[0m22:13:22.200397 [debug] [MainThread]: Sending event: {'category': 'dbt', 'action': 'load_project', 'label': '5907ae3f-ebb2-43cc-9dd0-7b6162de3bed', 'context': [<snowplow_tracker.self_describing_json.SelfDescribingJson object at 0x0000025E0C1257F0>]}
[0m22:13:22.606420 [debug] [MainThread]: Wrote artifact WritableManifest to C:\Users\HP\data_engineering_mastery\dbt_process\dbt_learn_osas\target\manifest.json
[0m22:13:22.615413 [debug] [MainThread]: Wrote artifact SemanticManifest to C:\Users\HP\data_engineering_mastery\dbt_process\dbt_learn_osas\target\semantic_manifest.json
[0m22:13:22.752567 [debug] [MainThread]: Sending event: {'category': 'dbt', 'action': 'resource_counts', 'label': '5907ae3f-ebb2-43cc-9dd0-7b6162de3bed', 'context': [<snowplow_tracker.self_describing_json.SelfDescribingJson object at 0x0000025E0C0F3F20>]}
[0m22:13:22.754592 [info ] [MainThread]: Found 1 seed, 3 models, 4 data tests, 538 macros
[0m22:13:22.770591 [debug] [MainThread]: Sending event: {'category': 'dbt', 'action': 'runnable_timing', 'label': '5907ae3f-ebb2-43cc-9dd0-7b6162de3bed', 'context': [<snowplow_tracker.self_describing_json.SelfDescribingJson object at 0x0000025E0C13C320>]}
[0m22:13:22.779140 [info ] [MainThread]: 
[0m22:13:22.781136 [info ] [MainThread]: Concurrency: 4 threads (target='dev')
[0m22:13:22.788140 [info ] [MainThread]: 
[0m22:13:22.814891 [debug] [MainThread]: Acquiring new bigquery connection 'master'
[0m22:13:22.836707 [debug] [ThreadPool]: Acquiring new bigquery connection 'list_my-dbt-project-486616'
[0m22:13:22.845761 [debug] [ThreadPool]: Opening a new connection, currently in state init
[0m22:13:37.835450 [debug] [ThreadPool]: Acquiring new bigquery connection 'list_my-dbt-project-486616_dbt_dataset'
[0m22:13:37.837452 [debug] [ThreadPool]: Opening a new connection, currently in state init
[0m22:13:47.617450 [debug] [MainThread]: Sending event: {'category': 'dbt', 'action': 'runnable_timing', 'label': '5907ae3f-ebb2-43cc-9dd0-7b6162de3bed', 'context': [<snowplow_tracker.self_describing_json.SelfDescribingJson object at 0x0000025E712B9520>]}
[0m22:13:47.620209 [debug] [MainThread]: Opening a new connection, currently in state init
[0m22:13:48.011193 [debug] [Thread-1 (]: Began running node model.dbt_learn_osas.customer
[0m22:13:48.012246 [debug] [Thread-2 (]: Began running node model.dbt_learn_osas.my_first_dbt_model
[0m22:13:48.015263 [info ] [Thread-1 (]: 1 of 3 START sql view model dbt_dataset.customer ............................... [RUN]
[0m22:13:48.028374 [debug] [Thread-1 (]: Acquiring new bigquery connection 'model.dbt_learn_osas.customer'
[0m22:13:48.017404 [info ] [Thread-2 (]: 2 of 3 START sql table model dbt_dataset.my_first_dbt_model .................... [RUN]
[0m22:13:48.030379 [debug] [Thread-1 (]: Began compiling node model.dbt_learn_osas.customer
[0m22:13:48.034776 [debug] [Thread-2 (]: Acquiring new bigquery connection 'model.dbt_learn_osas.my_first_dbt_model'
[0m22:13:48.065662 [debug] [Thread-2 (]: Began compiling node model.dbt_learn_osas.my_first_dbt_model
[0m22:13:48.142266 [debug] [Thread-2 (]: Writing injected SQL for node "model.dbt_learn_osas.my_first_dbt_model"
[0m22:13:48.151254 [debug] [Thread-1 (]: Writing injected SQL for node "model.dbt_learn_osas.customer"
[0m22:13:48.161036 [debug] [Thread-1 (]: Began executing node model.dbt_learn_osas.customer
[0m22:13:48.163633 [debug] [Thread-2 (]: Began executing node model.dbt_learn_osas.my_first_dbt_model
[0m22:13:48.315688 [debug] [Thread-2 (]: Opening a new connection, currently in state init
[0m22:13:48.380584 [debug] [Thread-1 (]: Writing runtime sql for node "model.dbt_learn_osas.customer"
[0m22:13:48.535596 [debug] [Thread-1 (]: On model.dbt_learn_osas.customer: /* {"app": "dbt", "dbt_version": "1.11.2", "profile_name": "dbt_learn_osas", "target_name": "dev", "node_id": "model.dbt_learn_osas.customer"} */


  create or replace view `my-dbt-project-486616`.`dbt_dataset`.`customer`
  OPTIONS()
  as with customers as (
 
    select
        id as customer_id,
        first_name,
        last_name
 
    from dbt-tutorial.jaffle_shop.customers
 
),
 
orders as (
 
    select
        id as order_id,
        user_id as customer_id,
        order_date,
        status
 
    from dbt-tutorial.jaffle_shop.orders
 
),
 
customer_orders as (
 
    select
        customer_id,
 
        min(order_date) as first_order_date,
        max(order_date) as most_recent_order_date,
        count(order_id) as number_of_orders
 
    from orders
 
    group by 1
 
),
 
final as (
 
    select
        customers.customer_id,
        customers.first_name,
        customers.last_name,
        customer_orders.first_order_date,
        customer_orders.most_recent_order_date,
        coalesce(customer_orders.number_of_orders, 0) as number_of_orders
 
    from customers
 
    left join customer_orders using (customer_id)
 
)
 
select * from final;


[0m22:13:48.538219 [debug] [Thread-1 (]: Opening a new connection, currently in state init
[0m22:13:55.389382 [debug] [Thread-2 (]: Writing runtime sql for node "model.dbt_learn_osas.my_first_dbt_model"
[0m22:13:55.397383 [debug] [Thread-2 (]: On model.dbt_learn_osas.my_first_dbt_model: /* {"app": "dbt", "dbt_version": "1.11.2", "profile_name": "dbt_learn_osas", "target_name": "dev", "node_id": "model.dbt_learn_osas.my_first_dbt_model"} */

  
    

    create or replace table `my-dbt-project-486616`.`dbt_dataset`.`my_first_dbt_model`
      
    
    

    
    OPTIONS()
    as (
      /*
    Welcome to your first dbt model!
    Did you know that you can also configure models directly within SQL files?
    This will override configurations stated in dbt_project.yml

    Try changing "table" to "view" below
*/



with source_data as (

    select 1 as id
    union all
    select null as id

)

select *
from source_data

/*
    Uncomment the line below to remove records with null `id` values
*/

-- where id is not null
    );
  
[0m22:13:56.167293 [debug] [Thread-1 (]: BigQuery adapter: https://console.cloud.google.com/bigquery?project=my-dbt-project-486616&j=bq:EU:f500d898-6a79-499d-b6f3-5ffc971ebe5c&page=queryresults
[0m22:13:56.168292 [error] [Thread-1 (]: BigQuery adapter: https://console.cloud.google.com/bigquery?project=my-dbt-project-486616&j=bq:EU:f500d898-6a79-499d-b6f3-5ffc971ebe5c&page=queryresults
[0m22:13:56.173288 [debug] [Thread-2 (]: BigQuery adapter: https://console.cloud.google.com/bigquery?project=my-dbt-project-486616&j=bq:EU:60211644-d5f5-4581-9862-9516a6bf62b1&page=queryresults
[0m22:13:56.656003 [debug] [Thread-1 (]: Database Error in model customer (models\example\jaffle_shop\customer.sql)
  Access Denied: Table dbt-tutorial:jaffle_shop.customers: User does not have permission to query table dbt-tutorial:jaffle_shop.customers, or perhaps it does not exist.
  compiled code at target\run\dbt_learn_osas\models\example\jaffle_shop\customer.sql
[0m22:13:56.663637 [debug] [Thread-1 (]: Sending event: {'category': 'dbt', 'action': 'run_model', 'label': '5907ae3f-ebb2-43cc-9dd0-7b6162de3bed', 'context': [<snowplow_tracker.self_describing_json.SelfDescribingJson object at 0x0000025E0C24BCB0>]}
[0m22:13:56.665637 [error] [Thread-1 (]: 1 of 3 ERROR creating sql view model dbt_dataset.customer ...................... [[31mERROR[0m in 8.63s]
[0m22:13:56.669637 [debug] [Thread-1 (]: Finished running node model.dbt_learn_osas.customer
[0m22:13:56.671637 [debug] [Thread-7 (]: Marking all children of 'model.dbt_learn_osas.customer' to be skipped because of status 'error'.  Reason: Database Error in model customer (models\example\jaffle_shop\customer.sql)
  Access Denied: Table dbt-tutorial:jaffle_shop.customers: User does not have permission to query table dbt-tutorial:jaffle_shop.customers, or perhaps it does not exist.
  compiled code at target\run\dbt_learn_osas\models\example\jaffle_shop\customer.sql.
[0m22:13:59.432702 [debug] [Thread-2 (]: SQL status: OK in 3.250 seconds
[0m22:14:22.702091 [debug] [Thread-2 (]: Sending event: {'category': 'dbt', 'action': 'run_model', 'label': '5907ae3f-ebb2-43cc-9dd0-7b6162de3bed', 'context': [<snowplow_tracker.self_describing_json.SelfDescribingJson object at 0x0000025E0B9DB260>]}
[0m22:14:22.710655 [info ] [Thread-2 (]: 2 of 3 OK created sql table model dbt_dataset.my_first_dbt_model ............... [[32mCREATE TABLE (2.0 rows, 0 processed)[0m in 34.67s]
[0m22:14:22.716922 [debug] [Thread-2 (]: Finished running node model.dbt_learn_osas.my_first_dbt_model
[0m22:14:22.719951 [debug] [Thread-4 (]: Began running node model.dbt_learn_osas.my_second_dbt_model
[0m22:14:22.721636 [info ] [Thread-4 (]: 3 of 3 START sql view model dbt_dataset.my_second_dbt_model .................... [RUN]
[0m22:14:22.727639 [debug] [Thread-4 (]: Acquiring new bigquery connection 'model.dbt_learn_osas.my_second_dbt_model'
[0m22:14:22.730170 [debug] [Thread-4 (]: Began compiling node model.dbt_learn_osas.my_second_dbt_model
[0m22:14:22.743339 [debug] [Thread-4 (]: Writing injected SQL for node "model.dbt_learn_osas.my_second_dbt_model"
[0m22:14:22.752340 [debug] [Thread-4 (]: Began executing node model.dbt_learn_osas.my_second_dbt_model
[0m22:14:22.779606 [debug] [Thread-4 (]: Writing runtime sql for node "model.dbt_learn_osas.my_second_dbt_model"
[0m22:14:22.783448 [debug] [Thread-4 (]: On model.dbt_learn_osas.my_second_dbt_model: /* {"app": "dbt", "dbt_version": "1.11.2", "profile_name": "dbt_learn_osas", "target_name": "dev", "node_id": "model.dbt_learn_osas.my_second_dbt_model"} */


  create or replace view `my-dbt-project-486616`.`dbt_dataset`.`my_second_dbt_model`
  OPTIONS()
  as -- Use the `ref` function to select from other models

select *
from `my-dbt-project-486616`.`dbt_dataset`.`my_first_dbt_model`
where id = 1;


[0m22:14:22.790473 [debug] [Thread-4 (]: Opening a new connection, currently in state init
[0m22:14:35.154580 [debug] [Thread-4 (]: BigQuery adapter: https://console.cloud.google.com/bigquery?project=my-dbt-project-486616&j=bq:EU:fd689916-09f1-4edb-8013-06cd0f6707cf&page=queryresults
[0m22:14:36.728184 [debug] [Thread-4 (]: SQL status: OK in 1.570 seconds
[0m22:14:36.765623 [debug] [Thread-4 (]: Sending event: {'category': 'dbt', 'action': 'run_model', 'label': '5907ae3f-ebb2-43cc-9dd0-7b6162de3bed', 'context': [<snowplow_tracker.self_describing_json.SelfDescribingJson object at 0x0000025E0C2528A0>]}
[0m22:14:36.771501 [info ] [Thread-4 (]: 3 of 3 OK created sql view model dbt_dataset.my_second_dbt_model ............... [[32mCREATE VIEW (0 processed)[0m in 14.04s]
[0m22:14:37.056478 [debug] [Thread-4 (]: Finished running node model.dbt_learn_osas.my_second_dbt_model
[0m22:14:37.078352 [debug] [MainThread]: Opening a new connection, currently in state closed
[0m22:14:37.534207 [debug] [MainThread]: Connection 'master' was properly closed.
[0m22:14:37.536209 [debug] [MainThread]: Connection 'list_my-dbt-project-486616' was properly closed.
[0m22:14:37.538405 [debug] [MainThread]: Connection 'list_my-dbt-project-486616_dbt_dataset' was properly closed.
[0m22:14:37.541208 [debug] [MainThread]: Connection 'model.dbt_learn_osas.customer' was properly closed.
[0m22:14:37.545365 [debug] [MainThread]: Connection 'model.dbt_learn_osas.my_first_dbt_model' was properly closed.
[0m22:14:37.554377 [debug] [MainThread]: Connection 'model.dbt_learn_osas.my_second_dbt_model' was properly closed.
[0m22:14:37.556374 [info ] [MainThread]: 
[0m22:14:37.561916 [info ] [MainThread]: Finished running 1 table model, 2 view models in 0 hours 1 minutes and 14.74 seconds (74.74s).
[0m22:14:37.591472 [debug] [MainThread]: Command end result
[0m22:14:37.793492 [debug] [MainThread]: Wrote artifact WritableManifest to C:\Users\HP\data_engineering_mastery\dbt_process\dbt_learn_osas\target\manifest.json
[0m22:14:37.806556 [debug] [MainThread]: Wrote artifact SemanticManifest to C:\Users\HP\data_engineering_mastery\dbt_process\dbt_learn_osas\target\semantic_manifest.json
[0m22:14:37.838906 [debug] [MainThread]: Wrote artifact RunExecutionResult to C:\Users\HP\data_engineering_mastery\dbt_process\dbt_learn_osas\target\run_results.json
[0m22:14:37.841059 [info ] [MainThread]: 
[0m22:14:37.858026 [info ] [MainThread]: [31mCompleted with 1 error, 0 partial successes, and 0 warnings:[0m
[0m22:14:37.866383 [info ] [MainThread]: 
[0m22:14:37.877458 [error] [MainThread]: [31mFailure in model customer (models\example\jaffle_shop\customer.sql)[0m
[0m22:14:37.882215 [error] [MainThread]:   Database Error in model customer (models\example\jaffle_shop\customer.sql)
  Access Denied: Table dbt-tutorial:jaffle_shop.customers: User does not have permission to query table dbt-tutorial:jaffle_shop.customers, or perhaps it does not exist.
  compiled code at target\run\dbt_learn_osas\models\example\jaffle_shop\customer.sql
[0m22:14:37.961199 [info ] [MainThread]: 
[0m22:14:37.978202 [info ] [MainThread]:   compiled code at target\compiled\dbt_learn_osas\models\example\jaffle_shop\customer.sql
[0m22:14:38.014240 [info ] [MainThread]: 
[0m22:14:38.049912 [info ] [MainThread]: Done. PASS=2 WARN=0 ERROR=1 SKIP=0 NO-OP=0 TOTAL=3
[0m22:14:38.096718 [debug] [MainThread]: Command `dbt run` failed at 22:14:38.095382 after 237.89 seconds
[0m22:14:38.100676 [debug] [MainThread]: Sending event: {'category': 'dbt', 'action': 'invocation', 'label': 'end', 'context': [<snowplow_tracker.self_describing_json.SelfDescribingJson object at 0x0000025E73BEF6E0>, <snowplow_tracker.self_describing_json.SelfDescribingJson object at 0x0000025E0BE51760>, <snowplow_tracker.self_describing_json.SelfDescribingJson object at 0x0000025E0C1A95B0>]}
[0m22:14:38.109344 [debug] [MainThread]: Flushing usage events
[0m22:14:47.536607 [debug] [MainThread]: An error was encountered while trying to flush usage events
[0m22:15:16.016177 [debug] [MainThread]: Sending event: {'category': 'dbt', 'action': 'invocation', 'label': 'start', 'context': [<snowplow_tracker.self_describing_json.SelfDescribingJson object at 0x000001D94AE7B230>, <snowplow_tracker.self_describing_json.SelfDescribingJson object at 0x000001D94E456FF0>, <snowplow_tracker.self_describing_json.SelfDescribingJson object at 0x000001D94E79EE70>]}


============================== 22:15:16.035979 | a7835185-4fb1-47b0-bb4f-e60d3ed9c97c ==============================
[0m22:15:16.035979 [info ] [MainThread]: Running with dbt=1.11.2
[0m22:15:16.038595 [debug] [MainThread]: running dbt with arguments {'version_check': 'True', 'no_print': 'None', 'static_parser': 'True', 'warn_error_options': 'WarnErrorOptionsV2(error=[], warn=[], silence=[])', 'target_path': 'None', 'printer_width': '80', 'write_json': 'True', 'empty': 'False', 'log_cache_events': 'False', 'introspect': 'True', 'cache_selected_only': 'False', 'fail_fast': 'False', 'debug': 'False', 'log_format': 'default', 'profiles_dir': 'C:\\Users\\HP\\.dbt', 'send_anonymous_usage_stats': 'True', 'quiet': 'False', 'warn_error': 'None', 'partial_parse': 'True', 'invocation_command': 'dbt run', 'indirect_selection': 'eager', 'use_colors': 'True', 'use_experimental_parser': 'False', 'log_path': 'C:\\Users\\HP\\data_engineering_mastery\\dbt_process\\dbt_learn_osas\\logs'}
[0m22:16:38.468443 [debug] [MainThread]: Sending event: {'category': 'dbt', 'action': 'project_id', 'label': 'a7835185-4fb1-47b0-bb4f-e60d3ed9c97c', 'context': [<snowplow_tracker.self_describing_json.SelfDescribingJson object at 0x000001D965F736E0>]}
[0m22:16:39.102547 [debug] [MainThread]: Sending event: {'category': 'dbt', 'action': 'adapter_info', 'label': 'a7835185-4fb1-47b0-bb4f-e60d3ed9c97c', 'context': [<snowplow_tracker.self_describing_json.SelfDescribingJson object at 0x000001D94EFEB5F0>]}
[0m22:16:39.106454 [info ] [MainThread]: Registered adapter: bigquery=1.11.0
[0m22:16:43.326174 [debug] [MainThread]: checksum: 3d40d8bbe1bef07db1c24822f2dbfff8bc07f2a48ed4fe2658a40653aec0b54b, vars: {}, profile: , target: , version: 1.11.2
[0m22:16:44.366428 [debug] [MainThread]: Partial parsing enabled: 0 files deleted, 0 files added, 0 files changed.
[0m22:16:44.369426 [debug] [MainThread]: Nothing changed, skipping partial parsing.
[0m22:16:44.370429 [debug] [MainThread]: Partial parsing enabled, no changes found, skipping parsing
[0m22:16:44.601402 [debug] [MainThread]: Sending event: {'category': 'dbt', 'action': 'load_project', 'label': 'a7835185-4fb1-47b0-bb4f-e60d3ed9c97c', 'context': [<snowplow_tracker.self_describing_json.SelfDescribingJson object at 0x000001D966597FB0>]}
[0m22:16:44.940958 [debug] [MainThread]: Wrote artifact WritableManifest to C:\Users\HP\data_engineering_mastery\dbt_process\dbt_learn_osas\target\manifest.json
[0m22:16:44.953102 [debug] [MainThread]: Wrote artifact SemanticManifest to C:\Users\HP\data_engineering_mastery\dbt_process\dbt_learn_osas\target\semantic_manifest.json
[0m22:16:45.086164 [debug] [MainThread]: Sending event: {'category': 'dbt', 'action': 'resource_counts', 'label': 'a7835185-4fb1-47b0-bb4f-e60d3ed9c97c', 'context': [<snowplow_tracker.self_describing_json.SelfDescribingJson object at 0x000001D9665C4890>]}
[0m22:16:45.088181 [info ] [MainThread]: Found 1 seed, 3 models, 4 data tests, 538 macros
[0m22:16:45.092176 [debug] [MainThread]: Sending event: {'category': 'dbt', 'action': 'runnable_timing', 'label': 'a7835185-4fb1-47b0-bb4f-e60d3ed9c97c', 'context': [<snowplow_tracker.self_describing_json.SelfDescribingJson object at 0x000001D9665BFDA0>]}
[0m22:16:45.101133 [info ] [MainThread]: 
[0m22:16:45.108236 [info ] [MainThread]: Concurrency: 4 threads (target='dev')
[0m22:16:45.114503 [info ] [MainThread]: 
[0m22:16:45.157192 [debug] [MainThread]: Acquiring new bigquery connection 'master'
[0m22:16:45.201276 [debug] [ThreadPool]: Acquiring new bigquery connection 'list_my-dbt-project-486616'
[0m22:16:45.206273 [debug] [ThreadPool]: Opening a new connection, currently in state init
[0m22:16:53.362003 [debug] [ThreadPool]: Acquiring new bigquery connection 'list_my-dbt-project-486616_dbt_dataset'
[0m22:16:53.369120 [debug] [ThreadPool]: Opening a new connection, currently in state init
[0m22:17:03.727051 [debug] [MainThread]: Sending event: {'category': 'dbt', 'action': 'runnable_timing', 'label': 'a7835185-4fb1-47b0-bb4f-e60d3ed9c97c', 'context': [<snowplow_tracker.self_describing_json.SelfDescribingJson object at 0x000001D94EFE9DF0>]}
[0m22:17:03.729272 [debug] [MainThread]: Opening a new connection, currently in state init
[0m22:17:03.857253 [debug] [Thread-1 (]: Began running node model.dbt_learn_osas.customer
[0m22:17:03.859431 [debug] [Thread-2 (]: Began running node model.dbt_learn_osas.my_first_dbt_model
[0m22:17:03.862182 [info ] [Thread-1 (]: 1 of 3 START sql view model dbt_dataset.customer ............................... [RUN]
[0m22:17:03.865249 [info ] [Thread-2 (]: 2 of 3 START sql table model dbt_dataset.my_first_dbt_model .................... [RUN]
[0m22:17:03.868244 [debug] [Thread-1 (]: Acquiring new bigquery connection 'model.dbt_learn_osas.customer'
[0m22:17:03.871244 [debug] [Thread-2 (]: Acquiring new bigquery connection 'model.dbt_learn_osas.my_first_dbt_model'
[0m22:17:03.873821 [debug] [Thread-1 (]: Began compiling node model.dbt_learn_osas.customer
[0m22:17:03.876823 [debug] [Thread-2 (]: Began compiling node model.dbt_learn_osas.my_first_dbt_model
[0m22:17:03.956430 [debug] [Thread-2 (]: Writing injected SQL for node "model.dbt_learn_osas.my_first_dbt_model"
[0m22:17:03.959431 [debug] [Thread-1 (]: Writing injected SQL for node "model.dbt_learn_osas.customer"
[0m22:17:03.964469 [debug] [Thread-2 (]: Began executing node model.dbt_learn_osas.my_first_dbt_model
[0m22:17:03.969405 [debug] [Thread-1 (]: Began executing node model.dbt_learn_osas.customer
[0m22:17:04.139524 [debug] [Thread-2 (]: Opening a new connection, currently in state init
[0m22:17:04.821324 [debug] [Thread-1 (]: Writing runtime sql for node "model.dbt_learn_osas.customer"
[0m22:17:04.829785 [debug] [Thread-1 (]: On model.dbt_learn_osas.customer: /* {"app": "dbt", "dbt_version": "1.11.2", "profile_name": "dbt_learn_osas", "target_name": "dev", "node_id": "model.dbt_learn_osas.customer"} */


  create or replace view `my-dbt-project-486616`.`dbt_dataset`.`customer`
  OPTIONS()
  as with customers as (
 
    select
        id as customer_id,
        first_name,
        last_name
 
    from dbt-tutorial.jaffle_shop.customers
 
),
 
orders as (
 
    select
        id as order_id,
        user_id as customer_id,
        order_date,
        status
 
    from dbt-tutorial.jaffle_shop.orders
 
),
 
customer_orders as (
 
    select
        customer_id,
 
        min(order_date) as first_order_date,
        max(order_date) as most_recent_order_date,
        count(order_id) as number_of_orders
 
    from orders
 
    group by 1
 
),
 
final as (
 
    select
        customers.customer_id,
        customers.first_name,
        customers.last_name,
        customer_orders.first_order_date,
        customer_orders.most_recent_order_date,
        coalesce(customer_orders.number_of_orders, 0) as number_of_orders
 
    from customers
 
    left join customer_orders using (customer_id)
 
)
 
select * from final;


[0m22:17:04.833497 [debug] [Thread-1 (]: Opening a new connection, currently in state init
[0m22:17:26.778288 [debug] [Thread-2 (]: Writing runtime sql for node "model.dbt_learn_osas.my_first_dbt_model"
[0m22:17:26.782285 [debug] [Thread-2 (]: On model.dbt_learn_osas.my_first_dbt_model: /* {"app": "dbt", "dbt_version": "1.11.2", "profile_name": "dbt_learn_osas", "target_name": "dev", "node_id": "model.dbt_learn_osas.my_first_dbt_model"} */

  
    

    create or replace table `my-dbt-project-486616`.`dbt_dataset`.`my_first_dbt_model`
      
    
    

    
    OPTIONS()
    as (
      /*
    Welcome to your first dbt model!
    Did you know that you can also configure models directly within SQL files?
    This will override configurations stated in dbt_project.yml

    Try changing "table" to "view" below
*/



with source_data as (

    select 1 as id
    union all
    select null as id

)

select *
from source_data

/*
    Uncomment the line below to remove records with null `id` values
*/

-- where id is not null
    );
  
[0m22:17:28.039284 [debug] [Thread-2 (]: BigQuery adapter: https://console.cloud.google.com/bigquery?project=my-dbt-project-486616&j=bq:EU:e19c8fea-0472-40ef-b5a4-112aca6609bf&page=queryresults
[0m22:17:28.042381 [debug] [Thread-1 (]: BigQuery adapter: https://console.cloud.google.com/bigquery?project=my-dbt-project-486616&j=bq:EU:4e6ef67d-60b6-4814-8230-b8e7286cb224&page=queryresults
[0m22:17:28.047883 [error] [Thread-1 (]: BigQuery adapter: https://console.cloud.google.com/bigquery?project=my-dbt-project-486616&j=bq:EU:4e6ef67d-60b6-4814-8230-b8e7286cb224&page=queryresults
[0m22:17:28.105426 [debug] [Thread-1 (]: Database Error in model customer (models\example\jaffle_shop\customer.sql)
  Access Denied: Table dbt-tutorial:jaffle_shop.customers: User does not have permission to query table dbt-tutorial:jaffle_shop.customers, or perhaps it does not exist.
  compiled code at target\run\dbt_learn_osas\models\example\jaffle_shop\customer.sql
[0m22:17:28.119123 [debug] [Thread-1 (]: Sending event: {'category': 'dbt', 'action': 'run_model', 'label': 'a7835185-4fb1-47b0-bb4f-e60d3ed9c97c', 'context': [<snowplow_tracker.self_describing_json.SelfDescribingJson object at 0x000001D9666B9D00>]}
[0m22:17:28.121114 [error] [Thread-1 (]: 1 of 3 ERROR creating sql view model dbt_dataset.customer ...................... [[31mERROR[0m in 24.24s]
[0m22:17:28.209862 [debug] [Thread-1 (]: Finished running node model.dbt_learn_osas.customer
[0m22:17:28.216377 [debug] [Thread-7 (]: Marking all children of 'model.dbt_learn_osas.customer' to be skipped because of status 'error'.  Reason: Database Error in model customer (models\example\jaffle_shop\customer.sql)
  Access Denied: Table dbt-tutorial:jaffle_shop.customers: User does not have permission to query table dbt-tutorial:jaffle_shop.customers, or perhaps it does not exist.
  compiled code at target\run\dbt_learn_osas\models\example\jaffle_shop\customer.sql.
[0m22:17:29.661826 [debug] [Thread-2 (]: SQL status: OK in 1.617 seconds
[0m22:17:30.769277 [debug] [Thread-2 (]: Sending event: {'category': 'dbt', 'action': 'run_model', 'label': 'a7835185-4fb1-47b0-bb4f-e60d3ed9c97c', 'context': [<snowplow_tracker.self_describing_json.SelfDescribingJson object at 0x000001D966DB60C0>]}
[0m22:17:30.772268 [info ] [Thread-2 (]: 2 of 3 OK created sql table model dbt_dataset.my_first_dbt_model ............... [[32mCREATE TABLE (2.0 rows, 0 processed)[0m in 26.90s]
[0m22:17:30.775272 [debug] [Thread-2 (]: Finished running node model.dbt_learn_osas.my_first_dbt_model
[0m22:17:30.777378 [debug] [Thread-4 (]: Began running node model.dbt_learn_osas.my_second_dbt_model
[0m22:17:30.779268 [info ] [Thread-4 (]: 3 of 3 START sql view model dbt_dataset.my_second_dbt_model .................... [RUN]
[0m22:17:30.782116 [debug] [Thread-4 (]: Acquiring new bigquery connection 'model.dbt_learn_osas.my_second_dbt_model'
[0m22:17:30.784121 [debug] [Thread-4 (]: Began compiling node model.dbt_learn_osas.my_second_dbt_model
[0m22:17:30.803495 [debug] [Thread-4 (]: Writing injected SQL for node "model.dbt_learn_osas.my_second_dbt_model"
[0m22:17:30.807498 [debug] [Thread-4 (]: Began executing node model.dbt_learn_osas.my_second_dbt_model
[0m22:17:30.821380 [debug] [Thread-4 (]: Writing runtime sql for node "model.dbt_learn_osas.my_second_dbt_model"
[0m22:17:30.826462 [debug] [Thread-4 (]: On model.dbt_learn_osas.my_second_dbt_model: /* {"app": "dbt", "dbt_version": "1.11.2", "profile_name": "dbt_learn_osas", "target_name": "dev", "node_id": "model.dbt_learn_osas.my_second_dbt_model"} */


  create or replace view `my-dbt-project-486616`.`dbt_dataset`.`my_second_dbt_model`
  OPTIONS()
  as -- Use the `ref` function to select from other models

select *
from `my-dbt-project-486616`.`dbt_dataset`.`my_first_dbt_model`
where id = 1;


[0m22:17:30.830469 [debug] [Thread-4 (]: Opening a new connection, currently in state init
[0m22:17:37.729165 [debug] [Thread-4 (]: BigQuery adapter: https://console.cloud.google.com/bigquery?project=my-dbt-project-486616&j=bq:EU:20966d09-11a1-4b08-b070-6b836bf6227d&page=queryresults
[0m22:17:42.939546 [debug] [Thread-4 (]: SQL status: OK in 5.208 seconds
[0m22:17:42.952063 [debug] [Thread-4 (]: Sending event: {'category': 'dbt', 'action': 'run_model', 'label': 'a7835185-4fb1-47b0-bb4f-e60d3ed9c97c', 'context': [<snowplow_tracker.self_describing_json.SelfDescribingJson object at 0x000001D9665CFC80>]}
[0m22:17:42.955084 [info ] [Thread-4 (]: 3 of 3 OK created sql view model dbt_dataset.my_second_dbt_model ............... [[32mCREATE VIEW (0 processed)[0m in 12.17s]
[0m22:17:42.957082 [debug] [Thread-4 (]: Finished running node model.dbt_learn_osas.my_second_dbt_model
[0m22:17:42.963123 [debug] [MainThread]: Opening a new connection, currently in state closed
[0m22:17:43.075248 [debug] [MainThread]: Connection 'master' was properly closed.
[0m22:17:43.077243 [debug] [MainThread]: Connection 'list_my-dbt-project-486616' was properly closed.
[0m22:17:43.079243 [debug] [MainThread]: Connection 'list_my-dbt-project-486616_dbt_dataset' was properly closed.
[0m22:17:43.081242 [debug] [MainThread]: Connection 'model.dbt_learn_osas.customer' was properly closed.
[0m22:17:43.082241 [debug] [MainThread]: Connection 'model.dbt_learn_osas.my_first_dbt_model' was properly closed.
[0m22:17:43.085245 [debug] [MainThread]: Connection 'model.dbt_learn_osas.my_second_dbt_model' was properly closed.
[0m22:17:43.087250 [info ] [MainThread]: 
[0m22:17:43.089247 [info ] [MainThread]: Finished running 1 table model, 2 view models in 0 hours 0 minutes and 57.93 seconds (57.93s).
[0m22:17:43.096315 [debug] [MainThread]: Command end result
[0m22:17:43.258214 [debug] [MainThread]: Wrote artifact WritableManifest to C:\Users\HP\data_engineering_mastery\dbt_process\dbt_learn_osas\target\manifest.json
[0m22:17:43.269214 [debug] [MainThread]: Wrote artifact SemanticManifest to C:\Users\HP\data_engineering_mastery\dbt_process\dbt_learn_osas\target\semantic_manifest.json
[0m22:17:43.301310 [debug] [MainThread]: Wrote artifact RunExecutionResult to C:\Users\HP\data_engineering_mastery\dbt_process\dbt_learn_osas\target\run_results.json
[0m22:17:43.305106 [info ] [MainThread]: 
[0m22:17:43.309096 [info ] [MainThread]: [31mCompleted with 1 error, 0 partial successes, and 0 warnings:[0m
[0m22:17:43.322049 [info ] [MainThread]: 
[0m22:17:43.340286 [error] [MainThread]: [31mFailure in model customer (models\example\jaffle_shop\customer.sql)[0m
[0m22:17:43.352222 [error] [MainThread]:   Database Error in model customer (models\example\jaffle_shop\customer.sql)
  Access Denied: Table dbt-tutorial:jaffle_shop.customers: User does not have permission to query table dbt-tutorial:jaffle_shop.customers, or perhaps it does not exist.
  compiled code at target\run\dbt_learn_osas\models\example\jaffle_shop\customer.sql
[0m22:17:43.359183 [info ] [MainThread]: 
[0m22:17:43.401293 [info ] [MainThread]:   compiled code at target\compiled\dbt_learn_osas\models\example\jaffle_shop\customer.sql
[0m22:17:43.456196 [info ] [MainThread]: 
[0m22:17:43.476344 [info ] [MainThread]: Done. PASS=2 WARN=0 ERROR=1 SKIP=0 NO-OP=0 TOTAL=3
[0m22:17:43.489567 [debug] [MainThread]: Command `dbt run` failed at 22:17:43.489567 after 148.06 seconds
[0m22:17:43.491562 [debug] [MainThread]: Sending event: {'category': 'dbt', 'action': 'invocation', 'label': 'end', 'context': [<snowplow_tracker.self_describing_json.SelfDescribingJson object at 0x000001D94DBEB680>, <snowplow_tracker.self_describing_json.SelfDescribingJson object at 0x000001D96638C6B0>, <snowplow_tracker.self_describing_json.SelfDescribingJson object at 0x000001D96638FD10>]}
[0m22:17:43.502298 [debug] [MainThread]: Flushing usage events
[0m22:17:57.479079 [debug] [MainThread]: An error was encountered while trying to flush usage events
[0m22:35:01.049895 [debug] [MainThread]: Sending event: {'category': 'dbt', 'action': 'invocation', 'label': 'start', 'context': [<snowplow_tracker.self_describing_json.SelfDescribingJson object at 0x000002317214F1A0>, <snowplow_tracker.self_describing_json.SelfDescribingJson object at 0x000002317214CC20>, <snowplow_tracker.self_describing_json.SelfDescribingJson object at 0x000002317214C3E0>]}


============================== 22:35:01.069427 | e958d465-0544-4dd6-8524-38ca705e770a ==============================
[0m22:35:01.069427 [info ] [MainThread]: Running with dbt=1.11.2
[0m22:35:01.072029 [debug] [MainThread]: running dbt with arguments {'static_parser': 'True', 'no_print': 'None', 'version_check': 'True', 'warn_error_options': 'WarnErrorOptionsV2(error=[], warn=[], silence=[])', 'target_path': 'None', 'printer_width': '80', 'write_json': 'True', 'empty': 'False', 'log_cache_events': 'False', 'introspect': 'True', 'cache_selected_only': 'False', 'fail_fast': 'False', 'debug': 'False', 'log_format': 'default', 'profiles_dir': 'C:\\Users\\HP\\.dbt', 'send_anonymous_usage_stats': 'True', 'quiet': 'False', 'warn_error': 'None', 'partial_parse': 'True', 'invocation_command': 'dbt run', 'indirect_selection': 'eager', 'use_colors': 'True', 'use_experimental_parser': 'False', 'log_path': 'C:\\Users\\HP\\data_engineering_mastery\\dbt_process\\dbt_learn_osas\\logs'}
[0m22:37:21.892634 [debug] [MainThread]: Sending event: {'category': 'dbt', 'action': 'project_id', 'label': 'e958d465-0544-4dd6-8524-38ca705e770a', 'context': [<snowplow_tracker.self_describing_json.SelfDescribingJson object at 0x0000023109984E30>]}
[0m22:37:22.546616 [debug] [MainThread]: Sending event: {'category': 'dbt', 'action': 'adapter_info', 'label': 'e958d465-0544-4dd6-8524-38ca705e770a', 'context': [<snowplow_tracker.self_describing_json.SelfDescribingJson object at 0x0000023109B2F0E0>]}
[0m22:37:22.548685 [info ] [MainThread]: Registered adapter: bigquery=1.11.0
[0m22:37:26.779162 [debug] [MainThread]: checksum: 3d40d8bbe1bef07db1c24822f2dbfff8bc07f2a48ed4fe2658a40653aec0b54b, vars: {}, profile: , target: , version: 1.11.2
[0m22:37:27.687347 [debug] [MainThread]: Partial parsing enabled: 0 files deleted, 0 files added, 0 files changed.
[0m22:37:27.689738 [debug] [MainThread]: Nothing changed, skipping partial parsing.
[0m22:37:27.692772 [debug] [MainThread]: Partial parsing enabled, no changes found, skipping parsing
[0m22:37:27.933532 [debug] [MainThread]: Sending event: {'category': 'dbt', 'action': 'load_project', 'label': 'e958d465-0544-4dd6-8524-38ca705e770a', 'context': [<snowplow_tracker.self_describing_json.SelfDescribingJson object at 0x0000023109D065D0>]}
[0m22:37:28.354383 [debug] [MainThread]: Wrote artifact WritableManifest to C:\Users\HP\data_engineering_mastery\dbt_process\dbt_learn_osas\target\manifest.json
[0m22:37:28.365309 [debug] [MainThread]: Wrote artifact SemanticManifest to C:\Users\HP\data_engineering_mastery\dbt_process\dbt_learn_osas\target\semantic_manifest.json
[0m22:37:28.482682 [debug] [MainThread]: Sending event: {'category': 'dbt', 'action': 'resource_counts', 'label': 'e958d465-0544-4dd6-8524-38ca705e770a', 'context': [<snowplow_tracker.self_describing_json.SelfDescribingJson object at 0x000002310A1647A0>]}
[0m22:37:28.484678 [info ] [MainThread]: Found 1 seed, 3 models, 4 data tests, 538 macros
[0m22:37:28.489679 [debug] [MainThread]: Sending event: {'category': 'dbt', 'action': 'runnable_timing', 'label': 'e958d465-0544-4dd6-8524-38ca705e770a', 'context': [<snowplow_tracker.self_describing_json.SelfDescribingJson object at 0x0000023109D056A0>]}
[0m22:37:28.498559 [info ] [MainThread]: 
[0m22:37:28.519177 [info ] [MainThread]: Concurrency: 4 threads (target='dev')
[0m22:37:28.521173 [info ] [MainThread]: 
[0m22:37:28.532795 [debug] [MainThread]: Acquiring new bigquery connection 'master'
[0m22:37:28.578503 [debug] [ThreadPool]: Acquiring new bigquery connection 'list_my-dbt-project-486616'
[0m22:37:28.581464 [debug] [ThreadPool]: Opening a new connection, currently in state init
[0m22:37:44.157907 [debug] [ThreadPool]: Acquiring new bigquery connection 'list_my-dbt-project-486616_dbt_dataset'
[0m22:37:44.160904 [debug] [ThreadPool]: Opening a new connection, currently in state init
[0m22:37:54.091224 [debug] [MainThread]: Sending event: {'category': 'dbt', 'action': 'runnable_timing', 'label': 'e958d465-0544-4dd6-8524-38ca705e770a', 'context': [<snowplow_tracker.self_describing_json.SelfDescribingJson object at 0x0000023109A5D6D0>]}
[0m22:37:54.095220 [debug] [MainThread]: Opening a new connection, currently in state init
[0m22:37:54.230829 [debug] [Thread-1 (]: Began running node model.dbt_learn_osas.customer
[0m22:37:54.232077 [debug] [Thread-2 (]: Began running node model.dbt_learn_osas.my_first_dbt_model
[0m22:37:54.234630 [info ] [Thread-1 (]: 1 of 3 START sql view model dbt_dataset.customer ............................... [RUN]
[0m22:37:54.239725 [debug] [Thread-1 (]: Acquiring new bigquery connection 'model.dbt_learn_osas.customer'
[0m22:37:54.243346 [debug] [Thread-1 (]: Began compiling node model.dbt_learn_osas.customer
[0m22:37:54.236723 [info ] [Thread-2 (]: 2 of 3 START sql table model dbt_dataset.my_first_dbt_model .................... [RUN]
[0m22:37:54.272994 [debug] [Thread-2 (]: Acquiring new bigquery connection 'model.dbt_learn_osas.my_first_dbt_model'
[0m22:37:54.312645 [debug] [Thread-1 (]: Writing injected SQL for node "model.dbt_learn_osas.customer"
[0m22:37:54.315655 [debug] [Thread-2 (]: Began compiling node model.dbt_learn_osas.my_first_dbt_model
[0m22:37:54.319072 [debug] [Thread-1 (]: Began executing node model.dbt_learn_osas.customer
[0m22:37:54.341260 [debug] [Thread-2 (]: Writing injected SQL for node "model.dbt_learn_osas.my_first_dbt_model"
[0m22:37:54.470351 [debug] [Thread-1 (]: Writing runtime sql for node "model.dbt_learn_osas.customer"
[0m22:37:54.474406 [debug] [Thread-1 (]: On model.dbt_learn_osas.customer: /* {"app": "dbt", "dbt_version": "1.11.2", "profile_name": "dbt_learn_osas", "target_name": "dev", "node_id": "model.dbt_learn_osas.customer"} */


  create or replace view `my-dbt-project-486616`.`dbt_dataset`.`customer`
  OPTIONS()
  as with customers as (
 
    select
        id as customer_id,
        first_name,
        last_name
 
    from dbt-tutorial.jaffle_shop.customers
 
),
 
orders as (
 
    select
        id as order_id,
        user_id as customer_id,
        order_date,
        status
 
    from dbt-tutorial.jaffle_shop.orders
 
),
 
customer_orders as (
 
    select
        customer_id,
 
        min(order_date) as first_order_date,
        max(order_date) as most_recent_order_date,
        count(order_id) as number_of_orders
 
    from orders
 
    group by 1
 
),
 
final as (
 
    select
        customers.customer_id,
        customers.first_name,
        customers.last_name,
        customer_orders.first_order_date,
        customer_orders.most_recent_order_date,
        coalesce(customer_orders.number_of_orders, 0) as number_of_orders
 
    from customers
 
    left join customer_orders using (customer_id)
 
)
 
select * from final;


[0m22:37:54.477409 [debug] [Thread-2 (]: Began executing node model.dbt_learn_osas.my_first_dbt_model
[0m22:37:54.479409 [debug] [Thread-1 (]: Opening a new connection, currently in state init
[0m22:37:54.527725 [debug] [Thread-2 (]: Opening a new connection, currently in state init
[0m22:38:04.716321 [debug] [Thread-1 (]: BigQuery adapter: https://console.cloud.google.com/bigquery?project=my-dbt-project-486616&j=bq:EU:02803079-c6d5-466a-b5a8-6c0f2cd1d4c6&page=queryresults
[0m22:38:04.718649 [error] [Thread-1 (]: BigQuery adapter: https://console.cloud.google.com/bigquery?project=my-dbt-project-486616&j=bq:EU:02803079-c6d5-466a-b5a8-6c0f2cd1d4c6&page=queryresults
[0m22:38:04.763206 [debug] [Thread-1 (]: Database Error in model customer (models\example\jaffle_shop\customer.sql)
  Access Denied: Table dbt-tutorial:jaffle_shop.customers: User does not have permission to query table dbt-tutorial:jaffle_shop.customers, or perhaps it does not exist.
  compiled code at target\run\dbt_learn_osas\models\example\jaffle_shop\customer.sql
[0m22:38:04.772609 [debug] [Thread-1 (]: Sending event: {'category': 'dbt', 'action': 'run_model', 'label': 'e958d465-0544-4dd6-8524-38ca705e770a', 'context': [<snowplow_tracker.self_describing_json.SelfDescribingJson object at 0x000002310A16E720>]}
[0m22:38:04.775600 [error] [Thread-1 (]: 1 of 3 ERROR creating sql view model dbt_dataset.customer ...................... [[31mERROR[0m in 10.53s]
[0m22:38:04.778589 [debug] [Thread-1 (]: Finished running node model.dbt_learn_osas.customer
[0m22:38:04.782476 [debug] [Thread-7 (]: Marking all children of 'model.dbt_learn_osas.customer' to be skipped because of status 'error'.  Reason: Database Error in model customer (models\example\jaffle_shop\customer.sql)
  Access Denied: Table dbt-tutorial:jaffle_shop.customers: User does not have permission to query table dbt-tutorial:jaffle_shop.customers, or perhaps it does not exist.
  compiled code at target\run\dbt_learn_osas\models\example\jaffle_shop\customer.sql.
[0m22:38:12.304462 [debug] [Thread-2 (]: Writing runtime sql for node "model.dbt_learn_osas.my_first_dbt_model"
[0m22:38:12.308331 [debug] [Thread-2 (]: On model.dbt_learn_osas.my_first_dbt_model: /* {"app": "dbt", "dbt_version": "1.11.2", "profile_name": "dbt_learn_osas", "target_name": "dev", "node_id": "model.dbt_learn_osas.my_first_dbt_model"} */

  
    

    create or replace table `my-dbt-project-486616`.`dbt_dataset`.`my_first_dbt_model`
      
    
    

    
    OPTIONS()
    as (
      /*
    Welcome to your first dbt model!
    Did you know that you can also configure models directly within SQL files?
    This will override configurations stated in dbt_project.yml

    Try changing "table" to "view" below
*/



with source_data as (

    select 1 as id
    union all
    select null as id

)

select *
from source_data

/*
    Uncomment the line below to remove records with null `id` values
*/

-- where id is not null
    );
  
[0m22:38:14.096368 [debug] [Thread-2 (]: BigQuery adapter: https://console.cloud.google.com/bigquery?project=my-dbt-project-486616&j=bq:EU:109fe765-1add-477a-a776-6413962af44f&page=queryresults
[0m22:38:16.507362 [debug] [Thread-2 (]: SQL status: OK in 2.406 seconds
[0m22:38:23.387558 [debug] [Thread-2 (]: Sending event: {'category': 'dbt', 'action': 'run_model', 'label': 'e958d465-0544-4dd6-8524-38ca705e770a', 'context': [<snowplow_tracker.self_describing_json.SelfDescribingJson object at 0x000002310A9C1670>]}
[0m22:38:23.391553 [info ] [Thread-2 (]: 2 of 3 OK created sql table model dbt_dataset.my_first_dbt_model ............... [[32mCREATE TABLE (2.0 rows, 0 processed)[0m in 29.12s]
[0m22:38:23.395555 [debug] [Thread-2 (]: Finished running node model.dbt_learn_osas.my_first_dbt_model
[0m22:38:23.398672 [debug] [Thread-4 (]: Began running node model.dbt_learn_osas.my_second_dbt_model
[0m22:38:23.401628 [info ] [Thread-4 (]: 3 of 3 START sql view model dbt_dataset.my_second_dbt_model .................... [RUN]
[0m22:38:23.406646 [debug] [Thread-4 (]: Acquiring new bigquery connection 'model.dbt_learn_osas.my_second_dbt_model'
[0m22:38:23.409650 [debug] [Thread-4 (]: Began compiling node model.dbt_learn_osas.my_second_dbt_model
[0m22:38:23.430650 [debug] [Thread-4 (]: Writing injected SQL for node "model.dbt_learn_osas.my_second_dbt_model"
[0m22:38:23.435650 [debug] [Thread-4 (]: Began executing node model.dbt_learn_osas.my_second_dbt_model
[0m22:38:23.476837 [debug] [Thread-4 (]: Writing runtime sql for node "model.dbt_learn_osas.my_second_dbt_model"
[0m22:38:23.479837 [debug] [Thread-4 (]: On model.dbt_learn_osas.my_second_dbt_model: /* {"app": "dbt", "dbt_version": "1.11.2", "profile_name": "dbt_learn_osas", "target_name": "dev", "node_id": "model.dbt_learn_osas.my_second_dbt_model"} */


  create or replace view `my-dbt-project-486616`.`dbt_dataset`.`my_second_dbt_model`
  OPTIONS()
  as -- Use the `ref` function to select from other models

select *
from `my-dbt-project-486616`.`dbt_dataset`.`my_first_dbt_model`
where id = 1;


[0m22:38:23.481373 [debug] [Thread-4 (]: Opening a new connection, currently in state init
[0m22:38:32.035554 [debug] [Thread-4 (]: BigQuery adapter: https://console.cloud.google.com/bigquery?project=my-dbt-project-486616&j=bq:EU:04f64ce2-653f-41af-bc81-26871674ba5e&page=queryresults
[0m22:38:36.034992 [debug] [Thread-4 (]: SQL status: OK in 3.997 seconds
[0m22:38:36.053239 [debug] [Thread-4 (]: Sending event: {'category': 'dbt', 'action': 'run_model', 'label': 'e958d465-0544-4dd6-8524-38ca705e770a', 'context': [<snowplow_tracker.self_describing_json.SelfDescribingJson object at 0x000002310A209070>]}
[0m22:38:36.056235 [info ] [Thread-4 (]: 3 of 3 OK created sql view model dbt_dataset.my_second_dbt_model ............... [[32mCREATE VIEW (0 processed)[0m in 12.65s]
[0m22:38:36.066787 [debug] [Thread-4 (]: Finished running node model.dbt_learn_osas.my_second_dbt_model
[0m22:38:36.073243 [debug] [MainThread]: Opening a new connection, currently in state closed
[0m22:38:36.232666 [debug] [MainThread]: Connection 'master' was properly closed.
[0m22:38:36.234966 [debug] [MainThread]: Connection 'list_my-dbt-project-486616' was properly closed.
[0m22:38:36.236664 [debug] [MainThread]: Connection 'list_my-dbt-project-486616_dbt_dataset' was properly closed.
[0m22:38:36.238663 [debug] [MainThread]: Connection 'model.dbt_learn_osas.customer' was properly closed.
[0m22:38:36.240661 [debug] [MainThread]: Connection 'model.dbt_learn_osas.my_first_dbt_model' was properly closed.
[0m22:38:36.245506 [debug] [MainThread]: Connection 'model.dbt_learn_osas.my_second_dbt_model' was properly closed.
[0m22:38:36.248612 [info ] [MainThread]: 
[0m22:38:36.251136 [info ] [MainThread]: Finished running 1 table model, 2 view models in 0 hours 1 minutes and 7.72 seconds (67.72s).
[0m22:38:36.257686 [debug] [MainThread]: Command end result
[0m22:38:36.417045 [debug] [MainThread]: Wrote artifact WritableManifest to C:\Users\HP\data_engineering_mastery\dbt_process\dbt_learn_osas\target\manifest.json
[0m22:38:36.429115 [debug] [MainThread]: Wrote artifact SemanticManifest to C:\Users\HP\data_engineering_mastery\dbt_process\dbt_learn_osas\target\semantic_manifest.json
[0m22:38:36.459456 [debug] [MainThread]: Wrote artifact RunExecutionResult to C:\Users\HP\data_engineering_mastery\dbt_process\dbt_learn_osas\target\run_results.json
[0m22:38:36.460454 [info ] [MainThread]: 
[0m22:38:36.466460 [info ] [MainThread]: [31mCompleted with 1 error, 0 partial successes, and 0 warnings:[0m
[0m22:38:36.468547 [info ] [MainThread]: 
[0m22:38:36.470457 [error] [MainThread]: [31mFailure in model customer (models\example\jaffle_shop\customer.sql)[0m
[0m22:38:36.475994 [error] [MainThread]:   Database Error in model customer (models\example\jaffle_shop\customer.sql)
  Access Denied: Table dbt-tutorial:jaffle_shop.customers: User does not have permission to query table dbt-tutorial:jaffle_shop.customers, or perhaps it does not exist.
  compiled code at target\run\dbt_learn_osas\models\example\jaffle_shop\customer.sql
[0m22:38:36.479992 [info ] [MainThread]: 
[0m22:38:36.491539 [info ] [MainThread]:   compiled code at target\compiled\dbt_learn_osas\models\example\jaffle_shop\customer.sql
[0m22:38:36.493696 [info ] [MainThread]: 
[0m22:38:36.496558 [info ] [MainThread]: Done. PASS=2 WARN=0 ERROR=1 SKIP=0 NO-OP=0 TOTAL=3
[0m22:38:36.501164 [debug] [MainThread]: Command `dbt run` failed at 22:38:36.500654 after 215.91 seconds
[0m22:38:36.511179 [debug] [MainThread]: Sending event: {'category': 'dbt', 'action': 'invocation', 'label': 'end', 'context': [<snowplow_tracker.self_describing_json.SelfDescribingJson object at 0x0000023172785940>, <snowplow_tracker.self_describing_json.SelfDescribingJson object at 0x000002310A15FFE0>, <snowplow_tracker.self_describing_json.SelfDescribingJson object at 0x000002310A133BC0>]}
[0m22:38:36.513732 [debug] [MainThread]: Flushing usage events
[0m22:38:43.714266 [debug] [MainThread]: An error was encountered while trying to flush usage events
[0m22:53:38.590812 [debug] [MainThread]: Sending event: {'category': 'dbt', 'action': 'invocation', 'label': 'start', 'context': [<snowplow_tracker.self_describing_json.SelfDescribingJson object at 0x0000023061296F00>, <snowplow_tracker.self_describing_json.SelfDescribingJson object at 0x00000230612962A0>, <snowplow_tracker.self_describing_json.SelfDescribingJson object at 0x00000230612709B0>]}


============================== 22:53:38.607392 | 500648b1-90ce-46c8-9f20-8cdb6d1856e6 ==============================
[0m22:53:38.607392 [info ] [MainThread]: Running with dbt=1.11.2
[0m22:53:38.610399 [debug] [MainThread]: running dbt with arguments {'version_check': 'True', 'no_print': 'None', 'static_parser': 'True', 'target_path': 'None', 'warn_error_options': 'WarnErrorOptionsV2(error=[], warn=[], silence=[])', 'printer_width': '80', 'write_json': 'True', 'empty': 'False', 'log_cache_events': 'False', 'introspect': 'True', 'cache_selected_only': 'False', 'log_format': 'default', 'debug': 'False', 'fail_fast': 'False', 'partial_parse': 'True', 'send_anonymous_usage_stats': 'True', 'quiet': 'False', 'warn_error': 'None', 'profiles_dir': 'C:\\Users\\HP\\.dbt', 'use_colors': 'True', 'indirect_selection': 'eager', 'invocation_command': 'dbt run', 'use_experimental_parser': 'False', 'log_path': 'C:\\Users\\HP\\data_engineering_mastery\\dbt_process\\dbt_learn_osas\\logs'}
[0m22:55:23.532876 [debug] [MainThread]: Sending event: {'category': 'dbt', 'action': 'project_id', 'label': '500648b1-90ce-46c8-9f20-8cdb6d1856e6', 'context': [<snowplow_tracker.self_describing_json.SelfDescribingJson object at 0x00000230790B9B20>]}
[0m22:55:24.317814 [debug] [MainThread]: Sending event: {'category': 'dbt', 'action': 'adapter_info', 'label': '500648b1-90ce-46c8-9f20-8cdb6d1856e6', 'context': [<snowplow_tracker.self_describing_json.SelfDescribingJson object at 0x000002307164FE60>]}
[0m22:55:24.320508 [info ] [MainThread]: Registered adapter: bigquery=1.11.0
[0m22:55:33.977894 [debug] [MainThread]: checksum: 3d40d8bbe1bef07db1c24822f2dbfff8bc07f2a48ed4fe2658a40653aec0b54b, vars: {}, profile: , target: , version: 1.11.2
[0m22:55:35.000539 [debug] [MainThread]: Partial parsing enabled: 1 files deleted, 1 files added, 0 files changed.
[0m22:55:35.002613 [debug] [MainThread]: Partial parsing: added file: dbt_learn_osas://models\example\jaffle_shop\customer_orders.sql
[0m22:55:35.005626 [debug] [MainThread]: Partial parsing: deleted file: dbt_learn_osas://models\example\jaffle_shop\customer.sql
[0m22:55:36.679419 [debug] [MainThread]: Sending event: {'category': 'dbt', 'action': 'load_project', 'label': '500648b1-90ce-46c8-9f20-8cdb6d1856e6', 'context': [<snowplow_tracker.self_describing_json.SelfDescribingJson object at 0x000002307998FF20>]}
[0m22:55:37.131709 [debug] [MainThread]: Wrote artifact WritableManifest to C:\Users\HP\data_engineering_mastery\dbt_process\dbt_learn_osas\target\manifest.json
[0m22:55:37.159197 [debug] [MainThread]: Wrote artifact SemanticManifest to C:\Users\HP\data_engineering_mastery\dbt_process\dbt_learn_osas\target\semantic_manifest.json
[0m22:55:37.322694 [debug] [MainThread]: Sending event: {'category': 'dbt', 'action': 'resource_counts', 'label': '500648b1-90ce-46c8-9f20-8cdb6d1856e6', 'context': [<snowplow_tracker.self_describing_json.SelfDescribingJson object at 0x0000023079954410>]}
[0m22:55:37.325037 [info ] [MainThread]: Found 1 seed, 3 models, 4 data tests, 538 macros
[0m22:55:37.330647 [debug] [MainThread]: Sending event: {'category': 'dbt', 'action': 'runnable_timing', 'label': '500648b1-90ce-46c8-9f20-8cdb6d1856e6', 'context': [<snowplow_tracker.self_describing_json.SelfDescribingJson object at 0x0000023079795820>]}
[0m22:55:37.346359 [info ] [MainThread]: 
[0m22:55:37.349726 [info ] [MainThread]: Concurrency: 4 threads (target='dev')
[0m22:55:37.364505 [info ] [MainThread]: 
[0m22:55:37.368516 [debug] [MainThread]: Acquiring new bigquery connection 'master'
[0m22:55:37.435582 [debug] [ThreadPool]: Acquiring new bigquery connection 'list_my-dbt-project-486616'
[0m22:55:37.441004 [debug] [ThreadPool]: Opening a new connection, currently in state init
[0m22:55:48.120592 [debug] [ThreadPool]: Acquiring new bigquery connection 'list_my-dbt-project-486616_dbt_dataset'
[0m22:55:48.123948 [debug] [ThreadPool]: Opening a new connection, currently in state init
[0m22:56:05.111485 [debug] [MainThread]: Sending event: {'category': 'dbt', 'action': 'runnable_timing', 'label': '500648b1-90ce-46c8-9f20-8cdb6d1856e6', 'context': [<snowplow_tracker.self_describing_json.SelfDescribingJson object at 0x00000230797956D0>]}
[0m22:56:05.114484 [debug] [MainThread]: Opening a new connection, currently in state init
[0m22:56:05.299499 [debug] [Thread-1 (]: Began running node model.dbt_learn_osas.customer_orders
[0m22:56:05.300497 [debug] [Thread-2 (]: Began running node model.dbt_learn_osas.my_first_dbt_model
[0m22:56:05.303565 [info ] [Thread-1 (]: 1 of 3 START sql view model dbt_dataset.customer_orders ........................ [RUN]
[0m22:56:05.306560 [info ] [Thread-2 (]: 2 of 3 START sql table model dbt_dataset.my_first_dbt_model .................... [RUN]
[0m22:56:05.309560 [debug] [Thread-1 (]: Acquiring new bigquery connection 'model.dbt_learn_osas.customer_orders'
[0m22:56:05.313044 [debug] [Thread-2 (]: Acquiring new bigquery connection 'model.dbt_learn_osas.my_first_dbt_model'
[0m22:56:05.314650 [debug] [Thread-1 (]: Began compiling node model.dbt_learn_osas.customer_orders
[0m22:56:05.316805 [debug] [Thread-2 (]: Began compiling node model.dbt_learn_osas.my_first_dbt_model
[0m22:56:05.385592 [debug] [Thread-1 (]: Writing injected SQL for node "model.dbt_learn_osas.customer_orders"
[0m22:56:05.399591 [debug] [Thread-2 (]: Writing injected SQL for node "model.dbt_learn_osas.my_first_dbt_model"
[0m22:56:05.405594 [debug] [Thread-1 (]: Began executing node model.dbt_learn_osas.customer_orders
[0m22:56:05.424851 [debug] [Thread-2 (]: Began executing node model.dbt_learn_osas.my_first_dbt_model
[0m22:56:05.527823 [debug] [Thread-2 (]: Opening a new connection, currently in state init
[0m22:56:05.614785 [debug] [Thread-1 (]: Writing runtime sql for node "model.dbt_learn_osas.customer_orders"
[0m22:56:05.756662 [debug] [Thread-1 (]: On model.dbt_learn_osas.customer_orders: /* {"app": "dbt", "dbt_version": "1.11.2", "profile_name": "dbt_learn_osas", "target_name": "dev", "node_id": "model.dbt_learn_osas.customer_orders"} */


  create or replace view `my-dbt-project-486616`.`dbt_dataset`.`customer_orders`
  OPTIONS()
  as with customers as (
 
    select
        id as customer_id,
        first_name,
        last_name
 
    from my-dbt-project-486616.dbt_dataset.customers
 
),
 
orders as (
 
    select
        id as order_id,
        user_id as customer_id,
        order_date,
        status
 
    from my-dbt-project-486616.dbt_dataset.orders
 
),
 
customer_orders as (
 
    select
        customer_id,
 
        min(order_date) as first_order_date,
        max(order_date) as most_recent_order_date,
        count(order_id) as number_of_orders
 
    from orders
 
    group by 1
 
),
 
final as (
 
    select
        customers.customer_id,
        customers.first_name,
        customers.last_name,
        customer_orders.first_order_date,
        customer_orders.most_recent_order_date,
        coalesce(customer_orders.number_of_orders, 0) as number_of_orders
 
    from customers
 
    left join customer_orders using (customer_id)
 
)
 
select * from final;


[0m22:56:05.760662 [debug] [Thread-1 (]: Opening a new connection, currently in state init
[0m22:56:22.329872 [debug] [Thread-1 (]: BigQuery adapter: https://console.cloud.google.com/bigquery?project=my-dbt-project-486616&j=bq:EU:7aad92a0-4126-4030-919e-52a2612abc69&page=queryresults
[0m22:56:24.703460 [debug] [Thread-2 (]: Writing runtime sql for node "model.dbt_learn_osas.my_first_dbt_model"
[0m22:56:24.708458 [debug] [Thread-2 (]: On model.dbt_learn_osas.my_first_dbt_model: /* {"app": "dbt", "dbt_version": "1.11.2", "profile_name": "dbt_learn_osas", "target_name": "dev", "node_id": "model.dbt_learn_osas.my_first_dbt_model"} */

  
    

    create or replace table `my-dbt-project-486616`.`dbt_dataset`.`my_first_dbt_model`
      
    
    

    
    OPTIONS()
    as (
      /*
    Welcome to your first dbt model!
    Did you know that you can also configure models directly within SQL files?
    This will override configurations stated in dbt_project.yml

    Try changing "table" to "view" below
*/



with source_data as (

    select 1 as id
    union all
    select null as id

)

select *
from source_data

/*
    Uncomment the line below to remove records with null `id` values
*/

-- where id is not null
    );
  
[0m22:56:28.846819 [debug] [Thread-1 (]: SQL status: OK in 6.515 seconds
[0m22:56:29.505885 [debug] [Thread-1 (]: Sending event: {'category': 'dbt', 'action': 'run_model', 'label': '500648b1-90ce-46c8-9f20-8cdb6d1856e6', 'context': [<snowplow_tracker.self_describing_json.SelfDescribingJson object at 0x0000023061295BE0>]}
[0m22:56:29.508954 [info ] [Thread-1 (]: 1 of 3 OK created sql view model dbt_dataset.customer_orders ................... [[32mCREATE VIEW (0 processed)[0m in 24.19s]
[0m22:56:29.513553 [debug] [Thread-1 (]: Finished running node model.dbt_learn_osas.customer_orders
[0m22:56:32.649767 [debug] [Thread-2 (]: BigQuery adapter: https://console.cloud.google.com/bigquery?project=my-dbt-project-486616&j=bq:EU:342a88ec-d33d-4e8c-b0e1-358d18d99182&page=queryresults
[0m22:56:35.116104 [debug] [Thread-2 (]: SQL status: OK in 2.464 seconds
[0m22:56:36.497871 [debug] [Thread-2 (]: Sending event: {'category': 'dbt', 'action': 'run_model', 'label': '500648b1-90ce-46c8-9f20-8cdb6d1856e6', 'context': [<snowplow_tracker.self_describing_json.SelfDescribingJson object at 0x0000023079A618E0>]}
[0m22:56:36.500517 [info ] [Thread-2 (]: 2 of 3 OK created sql table model dbt_dataset.my_first_dbt_model ............... [[32mCREATE TABLE (2.0 rows, 0 processed)[0m in 31.18s]
[0m22:56:36.506588 [debug] [Thread-2 (]: Finished running node model.dbt_learn_osas.my_first_dbt_model
[0m22:56:36.509625 [debug] [Thread-4 (]: Began running node model.dbt_learn_osas.my_second_dbt_model
[0m22:56:36.512737 [info ] [Thread-4 (]: 3 of 3 START sql view model dbt_dataset.my_second_dbt_model .................... [RUN]
[0m22:56:36.520782 [debug] [Thread-4 (]: Acquiring new bigquery connection 'model.dbt_learn_osas.my_second_dbt_model'
[0m22:56:36.522800 [debug] [Thread-4 (]: Began compiling node model.dbt_learn_osas.my_second_dbt_model
[0m22:56:36.543858 [debug] [Thread-4 (]: Writing injected SQL for node "model.dbt_learn_osas.my_second_dbt_model"
[0m22:56:36.547860 [debug] [Thread-4 (]: Began executing node model.dbt_learn_osas.my_second_dbt_model
[0m22:56:36.580878 [debug] [Thread-4 (]: Writing runtime sql for node "model.dbt_learn_osas.my_second_dbt_model"
[0m22:56:36.597785 [debug] [Thread-4 (]: On model.dbt_learn_osas.my_second_dbt_model: /* {"app": "dbt", "dbt_version": "1.11.2", "profile_name": "dbt_learn_osas", "target_name": "dev", "node_id": "model.dbt_learn_osas.my_second_dbt_model"} */


  create or replace view `my-dbt-project-486616`.`dbt_dataset`.`my_second_dbt_model`
  OPTIONS()
  as -- Use the `ref` function to select from other models

select *
from `my-dbt-project-486616`.`dbt_dataset`.`my_first_dbt_model`
where id = 1;


[0m22:56:36.609448 [debug] [Thread-4 (]: Opening a new connection, currently in state init
[0m22:56:55.349869 [debug] [Thread-4 (]: BigQuery adapter: https://console.cloud.google.com/bigquery?project=my-dbt-project-486616&j=bq:EU:94b6fcee-7e29-4f8c-a13b-85366fbec757&page=queryresults
[0m22:56:58.157467 [debug] [Thread-4 (]: SQL status: OK in 2.804 seconds
[0m22:56:58.172557 [debug] [Thread-4 (]: Sending event: {'category': 'dbt', 'action': 'run_model', 'label': '500648b1-90ce-46c8-9f20-8cdb6d1856e6', 'context': [<snowplow_tracker.self_describing_json.SelfDescribingJson object at 0x000002307B079550>]}
[0m22:56:58.175580 [info ] [Thread-4 (]: 3 of 3 OK created sql view model dbt_dataset.my_second_dbt_model ............... [[32mCREATE VIEW (0 processed)[0m in 21.65s]
[0m22:56:58.189635 [debug] [Thread-4 (]: Finished running node model.dbt_learn_osas.my_second_dbt_model
[0m22:56:58.196788 [debug] [MainThread]: Opening a new connection, currently in state closed
[0m22:56:58.373455 [debug] [MainThread]: Connection 'master' was properly closed.
[0m22:56:58.375259 [debug] [MainThread]: Connection 'list_my-dbt-project-486616' was properly closed.
[0m22:56:58.377478 [debug] [MainThread]: Connection 'list_my-dbt-project-486616_dbt_dataset' was properly closed.
[0m22:56:58.380110 [debug] [MainThread]: Connection 'model.dbt_learn_osas.customer_orders' was properly closed.
[0m22:56:58.381774 [debug] [MainThread]: Connection 'model.dbt_learn_osas.my_first_dbt_model' was properly closed.
[0m22:56:58.385862 [debug] [MainThread]: Connection 'model.dbt_learn_osas.my_second_dbt_model' was properly closed.
[0m22:56:58.388541 [info ] [MainThread]: 
[0m22:56:58.392393 [info ] [MainThread]: Finished running 1 table model, 2 view models in 0 hours 1 minutes and 21.02 seconds (81.02s).
[0m22:56:58.398627 [debug] [MainThread]: Command end result
[0m22:56:58.555237 [debug] [MainThread]: Wrote artifact WritableManifest to C:\Users\HP\data_engineering_mastery\dbt_process\dbt_learn_osas\target\manifest.json
[0m22:56:58.566474 [debug] [MainThread]: Wrote artifact SemanticManifest to C:\Users\HP\data_engineering_mastery\dbt_process\dbt_learn_osas\target\semantic_manifest.json
[0m22:56:58.605835 [debug] [MainThread]: Wrote artifact RunExecutionResult to C:\Users\HP\data_engineering_mastery\dbt_process\dbt_learn_osas\target\run_results.json
[0m22:56:58.607636 [info ] [MainThread]: 
[0m22:56:58.614634 [info ] [MainThread]: [32mCompleted successfully[0m
[0m22:56:58.617636 [info ] [MainThread]: 
[0m22:56:58.623125 [info ] [MainThread]: Done. PASS=3 WARN=0 ERROR=0 SKIP=0 NO-OP=0 TOTAL=3
[0m22:56:58.629092 [debug] [MainThread]: Command `dbt run` succeeded at 22:56:58.628092 after 200.57 seconds
[0m22:56:58.635639 [debug] [MainThread]: Sending event: {'category': 'dbt', 'action': 'invocation', 'label': 'end', 'context': [<snowplow_tracker.self_describing_json.SelfDescribingJson object at 0x0000023062020FB0>, <snowplow_tracker.self_describing_json.SelfDescribingJson object at 0x0000023079255F70>, <snowplow_tracker.self_describing_json.SelfDescribingJson object at 0x0000023079300200>]}
[0m22:56:58.639148 [debug] [MainThread]: Flushing usage events
[0m22:57:10.225744 [debug] [MainThread]: An error was encountered while trying to flush usage events
[0m23:08:52.576113 [debug] [MainThread]: Sending event: {'category': 'dbt', 'action': 'invocation', 'label': 'start', 'context': [<snowplow_tracker.self_describing_json.SelfDescribingJson object at 0x0000018DAD6D04D0>, <snowplow_tracker.self_describing_json.SelfDescribingJson object at 0x0000018DAE1D1FA0>, <snowplow_tracker.self_describing_json.SelfDescribingJson object at 0x0000018DAE1D2D80>]}


============================== 23:08:52.590395 | 35521208-9e23-4d95-8a6b-a6a08d2468c1 ==============================
[0m23:08:52.590395 [info ] [MainThread]: Running with dbt=1.11.2
[0m23:08:52.593418 [debug] [MainThread]: running dbt with arguments {'version_check': 'True', 'no_print': 'None', 'static_parser': 'True', 'warn_error_options': 'WarnErrorOptionsV2(error=[], warn=[], silence=[])', 'target_path': 'None', 'printer_width': '80', 'write_json': 'True', 'empty': 'False', 'log_cache_events': 'False', 'introspect': 'True', 'cache_selected_only': 'False', 'log_format': 'default', 'debug': 'False', 'fail_fast': 'False', 'partial_parse': 'True', 'send_anonymous_usage_stats': 'True', 'quiet': 'False', 'warn_error': 'None', 'profiles_dir': 'C:\\Users\\HP\\.dbt', 'invocation_command': 'dbt run --select customer_orders', 'use_colors': 'True', 'indirect_selection': 'eager', 'use_experimental_parser': 'False', 'log_path': 'C:\\Users\\HP\\data_engineering_mastery\\dbt_process\\dbt_learn_osas\\logs'}
[0m23:10:10.933256 [debug] [MainThread]: Sending event: {'category': 'dbt', 'action': 'project_id', 'label': '35521208-9e23-4d95-8a6b-a6a08d2468c1', 'context': [<snowplow_tracker.self_describing_json.SelfDescribingJson object at 0x0000018DC5927C50>]}
[0m23:10:11.534466 [debug] [MainThread]: Sending event: {'category': 'dbt', 'action': 'adapter_info', 'label': '35521208-9e23-4d95-8a6b-a6a08d2468c1', 'context': [<snowplow_tracker.self_describing_json.SelfDescribingJson object at 0x0000018DC56627E0>]}
[0m23:10:11.536468 [info ] [MainThread]: Registered adapter: bigquery=1.11.0
[0m23:10:14.864738 [debug] [MainThread]: checksum: 3d40d8bbe1bef07db1c24822f2dbfff8bc07f2a48ed4fe2658a40653aec0b54b, vars: {}, profile: , target: , version: 1.11.2
[0m23:10:15.300062 [info ] [MainThread]: Unable to do partial parsing because a project config has changed
[0m23:10:15.303071 [debug] [MainThread]: Sending event: {'category': 'dbt', 'action': 'partial_parser', 'label': '35521208-9e23-4d95-8a6b-a6a08d2468c1', 'context': [<snowplow_tracker.self_describing_json.SelfDescribingJson object at 0x0000018DC5ED60C0>]}
[0m23:10:21.265179 [debug] [MainThread]: Sending event: {'category': 'dbt', 'action': 'load_project', 'label': '35521208-9e23-4d95-8a6b-a6a08d2468c1', 'context': [<snowplow_tracker.self_describing_json.SelfDescribingJson object at 0x0000018DC62C1700>]}
[0m23:10:22.038674 [debug] [MainThread]: Wrote artifact WritableManifest to C:\Users\HP\data_engineering_mastery\dbt_process\dbt_learn_osas\target\manifest.json
[0m23:10:22.047953 [debug] [MainThread]: Wrote artifact SemanticManifest to C:\Users\HP\data_engineering_mastery\dbt_process\dbt_learn_osas\target\semantic_manifest.json
[0m23:10:22.169585 [debug] [MainThread]: Sending event: {'category': 'dbt', 'action': 'resource_counts', 'label': '35521208-9e23-4d95-8a6b-a6a08d2468c1', 'context': [<snowplow_tracker.self_describing_json.SelfDescribingJson object at 0x0000018DC5FB7B00>]}
[0m23:10:22.172124 [info ] [MainThread]: Found 3 models, 1 seed, 4 data tests, 538 macros
[0m23:10:22.175120 [debug] [MainThread]: Sending event: {'category': 'dbt', 'action': 'runnable_timing', 'label': '35521208-9e23-4d95-8a6b-a6a08d2468c1', 'context': [<snowplow_tracker.self_describing_json.SelfDescribingJson object at 0x0000018DC634FBC0>]}
[0m23:10:22.179940 [info ] [MainThread]: 
[0m23:10:22.182952 [info ] [MainThread]: Concurrency: 4 threads (target='dev')
[0m23:10:22.183951 [info ] [MainThread]: 
[0m23:10:22.188961 [debug] [MainThread]: Acquiring new bigquery connection 'master'
[0m23:10:22.195456 [debug] [ThreadPool]: Acquiring new bigquery connection 'list_my-dbt-project-486616'
[0m23:10:22.207537 [debug] [ThreadPool]: Opening a new connection, currently in state init
[0m23:10:27.659925 [debug] [ThreadPool]: Acquiring new bigquery connection 'list_my-dbt-project-486616_dbt_dataset'
[0m23:10:27.665827 [debug] [ThreadPool]: Opening a new connection, currently in state init
[0m23:10:36.978560 [debug] [MainThread]: Sending event: {'category': 'dbt', 'action': 'runnable_timing', 'label': '35521208-9e23-4d95-8a6b-a6a08d2468c1', 'context': [<snowplow_tracker.self_describing_json.SelfDescribingJson object at 0x0000018DC638B860>]}
[0m23:10:36.981859 [debug] [MainThread]: Opening a new connection, currently in state init
[0m23:10:37.080223 [debug] [Thread-1 (]: Began running node model.dbt_learn_osas.customer_orders
[0m23:10:37.081223 [info ] [Thread-1 (]: 1 of 1 START sql table model dbt_dataset.customer_orders ....................... [RUN]
[0m23:10:37.087292 [debug] [Thread-1 (]: Acquiring new bigquery connection 'model.dbt_learn_osas.customer_orders'
[0m23:10:37.090048 [debug] [Thread-1 (]: Began compiling node model.dbt_learn_osas.customer_orders
[0m23:10:37.139020 [debug] [Thread-1 (]: Writing injected SQL for node "model.dbt_learn_osas.customer_orders"
[0m23:10:37.149146 [debug] [Thread-1 (]: Began executing node model.dbt_learn_osas.customer_orders
[0m23:10:37.200009 [debug] [Thread-1 (]: Opening a new connection, currently in state init
[0m23:10:52.016424 [debug] [Thread-1 (]: Writing runtime sql for node "model.dbt_learn_osas.customer_orders"
[0m23:10:52.022154 [debug] [Thread-1 (]: On model.dbt_learn_osas.customer_orders: /* {"app": "dbt", "dbt_version": "1.11.2", "profile_name": "dbt_learn_osas", "target_name": "dev", "node_id": "model.dbt_learn_osas.customer_orders"} */

  
    

    create or replace table `my-dbt-project-486616`.`dbt_dataset`.`customer_orders`
      
    
    

    
    OPTIONS()
    as (
      with customers as (
 
    select
        id as customer_id,
        first_name,
        last_name
 
    from my-dbt-project-486616.dbt_dataset.customers
 
),
 
orders as (
 
    select
        id as order_id,
        user_id as customer_id,
        order_date,
        status
 
    from my-dbt-project-486616.dbt_dataset.orders
 
),
 
customer_orders as (
 
    select
        customer_id,
 
        min(order_date) as first_order_date,
        max(order_date) as most_recent_order_date,
        count(order_id) as number_of_orders
 
    from orders
 
    group by 1
 
),
 
final as (
 
    select
        customers.customer_id,
        customers.first_name,
        customers.last_name,
        customer_orders.first_order_date,
        customer_orders.most_recent_order_date,
        coalesce(customer_orders.number_of_orders, 0) as number_of_orders
 
    from customers
 
    left join customer_orders using (customer_id)
 
)
 
select * from final
    );
  
[0m23:10:54.409077 [debug] [Thread-1 (]: BigQuery adapter: https://console.cloud.google.com/bigquery?project=my-dbt-project-486616&j=bq:EU:60513302-f910-4c5f-8041-315bcb1c4085&page=queryresults
[0m23:10:56.508638 [debug] [Thread-1 (]: SQL status: OK in 2.097 seconds
[0m23:11:01.658948 [debug] [Thread-1 (]: Sending event: {'category': 'dbt', 'action': 'run_model', 'label': '35521208-9e23-4d95-8a6b-a6a08d2468c1', 'context': [<snowplow_tracker.self_describing_json.SelfDescribingJson object at 0x0000018DBF98A7B0>]}
[0m23:11:01.664497 [info ] [Thread-1 (]: 1 of 1 OK created sql table model dbt_dataset.customer_orders .................. [[32mCREATE TABLE (100.0 rows, 4.3 KiB processed)[0m in 24.57s]
[0m23:11:01.672758 [debug] [Thread-1 (]: Finished running node model.dbt_learn_osas.customer_orders
[0m23:11:01.680764 [debug] [MainThread]: Opening a new connection, currently in state closed
[0m23:11:01.779039 [debug] [MainThread]: Connection 'master' was properly closed.
[0m23:11:01.781515 [debug] [MainThread]: Connection 'list_my-dbt-project-486616' was properly closed.
[0m23:11:01.783408 [debug] [MainThread]: Connection 'list_my-dbt-project-486616_dbt_dataset' was properly closed.
[0m23:11:01.784093 [debug] [MainThread]: Connection 'model.dbt_learn_osas.customer_orders' was properly closed.
[0m23:11:01.786086 [info ] [MainThread]: 
[0m23:11:01.790088 [info ] [MainThread]: Finished running 1 table model in 0 hours 0 minutes and 39.60 seconds (39.60s).
[0m23:11:01.796217 [debug] [MainThread]: Command end result
[0m23:11:01.908246 [debug] [MainThread]: Wrote artifact WritableManifest to C:\Users\HP\data_engineering_mastery\dbt_process\dbt_learn_osas\target\manifest.json
[0m23:11:01.920022 [debug] [MainThread]: Wrote artifact SemanticManifest to C:\Users\HP\data_engineering_mastery\dbt_process\dbt_learn_osas\target\semantic_manifest.json
[0m23:11:01.945353 [debug] [MainThread]: Wrote artifact RunExecutionResult to C:\Users\HP\data_engineering_mastery\dbt_process\dbt_learn_osas\target\run_results.json
[0m23:11:01.947353 [info ] [MainThread]: 
[0m23:11:01.950884 [info ] [MainThread]: [32mCompleted successfully[0m
[0m23:11:01.953881 [info ] [MainThread]: 
[0m23:11:01.960878 [info ] [MainThread]: Done. PASS=1 WARN=0 ERROR=0 SKIP=0 NO-OP=0 TOTAL=1
[0m23:11:01.965881 [debug] [MainThread]: Command `dbt run` succeeded at 23:11:01.964879 after 129.85 seconds
[0m23:11:01.967251 [debug] [MainThread]: Sending event: {'category': 'dbt', 'action': 'invocation', 'label': 'end', 'context': [<snowplow_tracker.self_describing_json.SelfDescribingJson object at 0x0000018DAD5E3D40>, <snowplow_tracker.self_describing_json.SelfDescribingJson object at 0x0000018DC5FC72F0>, <snowplow_tracker.self_describing_json.SelfDescribingJson object at 0x0000018DC622D8E0>]}
[0m23:11:01.969277 [debug] [MainThread]: Flushing usage events
[0m23:11:08.624952 [debug] [MainThread]: An error was encountered while trying to flush usage events
[0m21:29:46.451454 [debug] [MainThread]: Sending event: {'category': 'dbt', 'action': 'invocation', 'label': 'start', 'context': [<snowplow_tracker.self_describing_json.SelfDescribingJson object at 0x0000010B307D4B90>, <snowplow_tracker.self_describing_json.SelfDescribingJson object at 0x0000010B3311CBC0>, <snowplow_tracker.self_describing_json.SelfDescribingJson object at 0x0000010B30EC8920>]}


============================== 21:29:46.468862 | fec708c8-68c8-4e69-a4b6-d1e5a1945224 ==============================
[0m21:29:46.468862 [info ] [MainThread]: Running with dbt=1.11.2
[0m21:29:46.475738 [debug] [MainThread]: running dbt with arguments {'static_parser': 'True', 'no_print': 'None', 'version_check': 'True', 'target_path': 'None', 'warn_error_options': 'WarnErrorOptionsV2(error=[], warn=[], silence=[])', 'printer_width': '80', 'write_json': 'True', 'introspect': 'True', 'log_cache_events': 'False', 'empty': 'None', 'cache_selected_only': 'False', 'log_format': 'default', 'debug': 'False', 'fail_fast': 'False', 'partial_parse': 'True', 'send_anonymous_usage_stats': 'True', 'quiet': 'False', 'warn_error': 'None', 'profiles_dir': 'C:\\Users\\HP\\.dbt', 'indirect_selection': 'eager', 'use_colors': 'True', 'invocation_command': 'dbt debug', 'use_experimental_parser': 'False', 'log_path': 'C:\\Users\\HP\\data_engineering_mastery\\dbt_process\\dbt_learn_osas\\logs'}
[0m21:29:46.608973 [info ] [MainThread]: dbt version: 1.11.2
[0m21:29:46.617162 [info ] [MainThread]: python version: 3.12.0
[0m21:29:46.619231 [info ] [MainThread]: python path: C:\Users\HP\data_engineering_mastery\dbt_process\env\Scripts\python.exe
[0m21:29:46.621251 [info ] [MainThread]: os info: Windows-11-10.0.22000-SP0
[0m21:31:03.404506 [info ] [MainThread]: Using profiles dir at C:\Users\HP\.dbt
[0m21:31:03.409687 [info ] [MainThread]: Using profiles.yml file at C:\Users\HP\.dbt\profiles.yml
[0m21:31:03.411848 [info ] [MainThread]: Using dbt_project.yml file at C:\Users\HP\data_engineering_mastery\dbt_process\dbt_learn_osas\dbt_project.yml
[0m21:31:03.413685 [info ] [MainThread]: adapter type: bigquery
[0m21:31:03.419473 [info ] [MainThread]: adapter version: 1.11.0
[0m21:31:03.779182 [info ] [MainThread]: Configuration:
[0m21:31:03.781177 [info ] [MainThread]:   profiles.yml file [[32mOK found and valid[0m]
[0m21:31:03.783180 [info ] [MainThread]:   dbt_project.yml file [[32mOK found and valid[0m]
[0m21:31:03.784179 [info ] [MainThread]: Required dependencies:
[0m21:31:03.786836 [debug] [MainThread]: Executing "git --help"
[0m21:31:03.875806 [debug] [MainThread]: STDOUT: "b"usage: git [-v | --version] [-h | --help] [-C <path>] [-c <name>=<value>]\n           [--exec-path[=<path>]] [--html-path] [--man-path] [--info-path]\n           [-p | --paginate | -P | --no-pager] [--no-replace-objects] [--bare]\n           [--git-dir=<path>] [--work-tree=<path>] [--namespace=<name>]\n           [--config-env=<name>=<envvar>] <command> [<args>]\n\nThese are common Git commands used in various situations:\n\nstart a working area (see also: git help tutorial)\n   clone     Clone a repository into a new directory\n   init      Create an empty Git repository or reinitialize an existing one\n\nwork on the current change (see also: git help everyday)\n   add       Add file contents to the index\n   mv        Move or rename a file, a directory, or a symlink\n   restore   Restore working tree files\n   rm        Remove files from the working tree and from the index\n\nexamine the history and state (see also: git help revisions)\n   bisect    Use binary search to find the commit that introduced a bug\n   diff      Show changes between commits, commit and working tree, etc\n   grep      Print lines matching a pattern\n   log       Show commit logs\n   show      Show various types of objects\n   status    Show the working tree status\n\ngrow, mark and tweak your common history\n   branch    List, create, or delete branches\n   commit    Record changes to the repository\n   merge     Join two or more development histories together\n   rebase    Reapply commits on top of another base tip\n   reset     Reset current HEAD to the specified state\n   switch    Switch branches\n   tag       Create, list, delete or verify a tag object signed with GPG\n\ncollaborate (see also: git help workflows)\n   fetch     Download objects and refs from another repository\n   pull      Fetch from and integrate with another repository or a local branch\n   push      Update remote refs along with associated objects\n\n'git help -a' and 'git help -g' list available subcommands and some\nconcept guides. See 'git help <command>' or 'git help <concept>'\nto read about a specific subcommand or concept.\nSee 'git help git' for an overview of the system.\n""
[0m21:31:03.877535 [debug] [MainThread]: STDERR: "b''"
[0m21:31:03.879044 [info ] [MainThread]:  - git [[32mOK found[0m]

[0m21:31:03.882041 [info ] [MainThread]: Connection:
[0m21:31:03.883042 [info ] [MainThread]:   method: service-account
[0m21:31:03.890001 [info ] [MainThread]:   database: my-dbt-project-486616
[0m21:31:03.892992 [info ] [MainThread]:   execution_project: my-dbt-project-486616
[0m21:31:03.896992 [info ] [MainThread]:   schema: dbt_dataset
[0m21:31:03.899559 [info ] [MainThread]:   location: EU
[0m21:31:03.902560 [info ] [MainThread]:   priority: interactive
[0m21:31:03.911640 [info ] [MainThread]:   maximum_bytes_billed: None
[0m21:31:03.916636 [info ] [MainThread]:   impersonate_service_account: None
[0m21:31:03.921395 [info ] [MainThread]:   job_retry_deadline_seconds: None
[0m21:31:03.928886 [info ] [MainThread]:   job_retries: 1
[0m21:31:03.957520 [info ] [MainThread]:   job_creation_timeout_seconds: None
[0m21:31:03.962538 [info ] [MainThread]:   job_execution_timeout_seconds: 300
[0m21:31:03.969995 [info ] [MainThread]:   timeout_seconds: 300
[0m21:31:03.980744 [info ] [MainThread]:   client_id: None
[0m21:31:03.991737 [info ] [MainThread]:   token_uri: None
[0m21:31:04.002792 [info ] [MainThread]:   compute_region: None
[0m21:31:04.012816 [info ] [MainThread]:   dataproc_cluster_name: None
[0m21:31:04.014924 [info ] [MainThread]:   gcs_bucket: None
[0m21:31:04.019937 [info ] [MainThread]:   dataproc_batch: None
[0m21:31:04.030129 [info ] [MainThread]: Registered adapter: bigquery=1.11.0
[0m21:31:07.890618 [debug] [MainThread]: Acquiring new bigquery connection 'debug'
[0m21:31:07.892611 [debug] [MainThread]: On debug: select 1 as id
[0m21:31:07.893611 [debug] [MainThread]: Opening a new connection, currently in state init
[0m21:31:21.073455 [debug] [MainThread]: BigQuery adapter: https://console.cloud.google.com/bigquery?project=my-dbt-project-486616&j=bq:EU:2b76cdc4-a063-47b3-95d4-520b622080ed&page=queryresults
[0m21:31:21.681423 [debug] [MainThread]: SQL status: OK in 0.604 seconds
[0m21:31:22.921374 [info ] [MainThread]:   Connection test: [[32mOK connection ok[0m]

[0m21:31:22.925366 [info ] [MainThread]: [32mAll checks passed![0m
[0m21:31:22.934373 [debug] [MainThread]: Command `dbt debug` succeeded at 21:31:22.933367 after 97.13 seconds
[0m21:31:22.937373 [debug] [MainThread]: Connection 'debug' was properly closed.
[0m21:31:22.940440 [debug] [MainThread]: Sending event: {'category': 'dbt', 'action': 'invocation', 'label': 'end', 'context': [<snowplow_tracker.self_describing_json.SelfDescribingJson object at 0x0000010B33DAB710>, <snowplow_tracker.self_describing_json.SelfDescribingJson object at 0x0000010B4AE8EB10>, <snowplow_tracker.self_describing_json.SelfDescribingJson object at 0x0000010B4AD67860>]}
[0m21:31:22.942543 [debug] [MainThread]: Flushing usage events
[0m21:31:26.497176 [debug] [MainThread]: An error was encountered while trying to flush usage events
[0m21:55:16.585742 [debug] [MainThread]: Sending event: {'category': 'dbt', 'action': 'invocation', 'label': 'start', 'context': [<snowplow_tracker.self_describing_json.SelfDescribingJson object at 0x00000184BF894530>, <snowplow_tracker.self_describing_json.SelfDescribingJson object at 0x00000184BF897B30>, <snowplow_tracker.self_describing_json.SelfDescribingJson object at 0x00000184BF897C80>]}


============================== 21:55:16.613065 | 1bba4c78-035f-4629-a048-0b4a556608c7 ==============================
[0m21:55:16.613065 [info ] [MainThread]: Running with dbt=1.11.2
[0m21:55:16.616063 [debug] [MainThread]: running dbt with arguments {'version_check': 'True', 'no_print': 'None', 'static_parser': 'True', 'target_path': 'None', 'warn_error_options': 'WarnErrorOptionsV2(error=[], warn=[], silence=[])', 'printer_width': '80', 'write_json': 'True', 'introspect': 'True', 'log_cache_events': 'False', 'empty': 'False', 'cache_selected_only': 'False', 'fail_fast': 'False', 'debug': 'False', 'log_format': 'default', 'partial_parse': 'True', 'send_anonymous_usage_stats': 'True', 'quiet': 'False', 'warn_error': 'None', 'profiles_dir': 'C:\\Users\\HP\\.dbt', 'invocation_command': 'dbt run --select +customer_orders', 'use_colors': 'True', 'indirect_selection': 'eager', 'use_experimental_parser': 'False', 'log_path': 'C:\\Users\\HP\\data_engineering_mastery\\dbt_process\\dbt_learn_osas\\logs'}
[0m21:57:08.598366 [debug] [MainThread]: Sending event: {'category': 'dbt', 'action': 'project_id', 'label': '1bba4c78-035f-4629-a048-0b4a556608c7', 'context': [<snowplow_tracker.self_describing_json.SelfDescribingJson object at 0x00000184D733B9B0>]}
[0m21:57:09.292495 [debug] [MainThread]: Sending event: {'category': 'dbt', 'action': 'adapter_info', 'label': '1bba4c78-035f-4629-a048-0b4a556608c7', 'context': [<snowplow_tracker.self_describing_json.SelfDescribingJson object at 0x00000184D75540B0>]}
[0m21:57:09.294585 [info ] [MainThread]: Registered adapter: bigquery=1.11.0
[0m21:57:14.659385 [debug] [MainThread]: checksum: 3d40d8bbe1bef07db1c24822f2dbfff8bc07f2a48ed4fe2658a40653aec0b54b, vars: {}, profile: , target: , version: 1.11.2
[0m21:57:15.359288 [info ] [MainThread]: Unable to do partial parsing because a project config has changed
[0m21:57:15.362293 [debug] [MainThread]: Sending event: {'category': 'dbt', 'action': 'partial_parser', 'label': '1bba4c78-035f-4629-a048-0b4a556608c7', 'context': [<snowplow_tracker.self_describing_json.SelfDescribingJson object at 0x00000184D7C9B980>]}
[0m21:57:31.512443 [warn ] [MainThread]: [[33mWARNING[0m]: Configuration paths exist in your dbt_project.yml file which do not apply to any resources.
There are 1 unused configuration paths:
- models.dbt_learn_osas.jaffle_shop
[0m21:57:31.567424 [debug] [MainThread]: Sending event: {'category': 'dbt', 'action': 'load_project', 'label': '1bba4c78-035f-4629-a048-0b4a556608c7', 'context': [<snowplow_tracker.self_describing_json.SelfDescribingJson object at 0x00000184D810B500>]}
[0m21:57:31.942249 [debug] [MainThread]: Wrote artifact WritableManifest to C:\Users\HP\data_engineering_mastery\dbt_process\dbt_learn_osas\target\manifest.json
[0m21:57:31.954974 [debug] [MainThread]: Wrote artifact SemanticManifest to C:\Users\HP\data_engineering_mastery\dbt_process\dbt_learn_osas\target\semantic_manifest.json
[0m21:57:32.097620 [debug] [MainThread]: Sending event: {'category': 'dbt', 'action': 'resource_counts', 'label': '1bba4c78-035f-4629-a048-0b4a556608c7', 'context': [<snowplow_tracker.self_describing_json.SelfDescribingJson object at 0x00000184D8131F40>]}
[0m21:57:32.100623 [info ] [MainThread]: Found 5 models, 1 seed, 4 data tests, 538 macros
[0m21:57:32.104623 [debug] [MainThread]: Sending event: {'category': 'dbt', 'action': 'runnable_timing', 'label': '1bba4c78-035f-4629-a048-0b4a556608c7', 'context': [<snowplow_tracker.self_describing_json.SelfDescribingJson object at 0x00000184D7B5C290>]}
[0m21:57:32.116258 [info ] [MainThread]: 
[0m21:57:32.150525 [info ] [MainThread]: Concurrency: 4 threads (target='dev')
[0m21:57:32.201637 [info ] [MainThread]: 
[0m21:57:32.207584 [debug] [MainThread]: Acquiring new bigquery connection 'master'
[0m21:57:32.299876 [debug] [ThreadPool]: Acquiring new bigquery connection 'list_my-dbt-project-486616'
[0m21:57:32.306886 [debug] [ThreadPool]: Opening a new connection, currently in state init
[0m21:57:40.132452 [debug] [ThreadPool]: Acquiring new bigquery connection 'list_my-dbt-project-486616_dbt_dataset'
[0m21:57:40.135963 [debug] [ThreadPool]: Opening a new connection, currently in state init
[0m21:57:51.474097 [debug] [MainThread]: Sending event: {'category': 'dbt', 'action': 'runnable_timing', 'label': '1bba4c78-035f-4629-a048-0b4a556608c7', 'context': [<snowplow_tracker.self_describing_json.SelfDescribingJson object at 0x00000184BD429820>]}
[0m21:57:51.477668 [debug] [MainThread]: Opening a new connection, currently in state init
[0m21:57:51.677681 [debug] [Thread-1 (]: Began running node model.dbt_learn_osas.stg_customers
[0m21:57:51.684792 [debug] [Thread-2 (]: Began running node model.dbt_learn_osas.stg_orders
[0m21:57:51.681674 [info ] [Thread-1 (]: 1 of 3 START sql table model dbt_dataset.stg_customers ......................... [RUN]
[0m21:57:51.687191 [info ] [Thread-2 (]: 2 of 3 START sql table model dbt_dataset.stg_orders ............................ [RUN]
[0m21:57:51.694210 [debug] [Thread-1 (]: Acquiring new bigquery connection 'model.dbt_learn_osas.stg_customers'
[0m21:57:51.697188 [debug] [Thread-2 (]: Acquiring new bigquery connection 'model.dbt_learn_osas.stg_orders'
[0m21:57:51.700960 [debug] [Thread-1 (]: Began compiling node model.dbt_learn_osas.stg_customers
[0m21:57:51.704958 [debug] [Thread-2 (]: Began compiling node model.dbt_learn_osas.stg_orders
[0m21:57:51.785052 [debug] [Thread-1 (]: Writing injected SQL for node "model.dbt_learn_osas.stg_customers"
[0m21:57:51.786823 [debug] [Thread-2 (]: Writing injected SQL for node "model.dbt_learn_osas.stg_orders"
[0m21:57:51.793165 [debug] [Thread-2 (]: Began executing node model.dbt_learn_osas.stg_orders
[0m21:57:51.797250 [debug] [Thread-1 (]: Began executing node model.dbt_learn_osas.stg_customers
[0m21:57:52.089839 [debug] [Thread-1 (]: Writing runtime sql for node "model.dbt_learn_osas.stg_customers"
[0m21:57:52.103118 [debug] [Thread-2 (]: Writing runtime sql for node "model.dbt_learn_osas.stg_orders"
[0m21:57:52.115264 [debug] [Thread-2 (]: On model.dbt_learn_osas.stg_orders: /* {"app": "dbt", "dbt_version": "1.11.2", "profile_name": "dbt_learn_osas", "target_name": "dev", "node_id": "model.dbt_learn_osas.stg_orders"} */

  
    

    create or replace table `my-dbt-project-486616`.`dbt_dataset`.`stg_orders`
      
    
    

    
    OPTIONS()
    as (
      select
        id as order_id,
        user_id as customer_id,
        order_date,
        status

    from my-dbt-project-486616.dbt_dataset.orders
    );
  
[0m21:57:52.117886 [debug] [Thread-1 (]: On model.dbt_learn_osas.stg_customers: /* {"app": "dbt", "dbt_version": "1.11.2", "profile_name": "dbt_learn_osas", "target_name": "dev", "node_id": "model.dbt_learn_osas.stg_customers"} */

  
    

    create or replace table `my-dbt-project-486616`.`dbt_dataset`.`stg_customers`
      
    
    

    
    OPTIONS()
    as (
      select
        id as customer_id,
        first_name,
        last_name

    from my-dbt-project-486616.dbt_dataset.customers
    );
  
[0m21:57:52.120880 [debug] [Thread-2 (]: Opening a new connection, currently in state init
[0m21:57:52.124806 [debug] [Thread-1 (]: Opening a new connection, currently in state init
[0m21:58:00.951382 [debug] [Thread-2 (]: BigQuery adapter: https://console.cloud.google.com/bigquery?project=my-dbt-project-486616&j=bq:EU:ff6d95f4-ba5b-4825-ba99-8e2f7b961276&page=queryresults
[0m21:58:02.775995 [debug] [Thread-2 (]: SQL status: OK in 1.820 seconds
[0m21:58:04.702189 [debug] [Thread-2 (]: Sending event: {'category': 'dbt', 'action': 'run_model', 'label': '1bba4c78-035f-4629-a048-0b4a556608c7', 'context': [<snowplow_tracker.self_describing_json.SelfDescribingJson object at 0x00000184D8164C80>]}
[0m21:58:04.708686 [info ] [Thread-2 (]: 2 of 3 OK created sql table model dbt_dataset.stg_orders ....................... [[32mCREATE TABLE (99.0 rows, 3.3 KiB processed)[0m in 12.99s]
[0m21:58:04.718661 [debug] [Thread-2 (]: Finished running node model.dbt_learn_osas.stg_orders
[0m21:58:10.781497 [debug] [Thread-1 (]: BigQuery adapter: https://console.cloud.google.com/bigquery?project=my-dbt-project-486616&j=bq:EU:4f587ef4-c870-472b-b7ad-6988ba4c414e&page=queryresults
[0m21:58:12.265731 [debug] [Thread-1 (]: SQL status: OK in 1.482 seconds
[0m21:58:13.481384 [debug] [Thread-1 (]: Sending event: {'category': 'dbt', 'action': 'run_model', 'label': '1bba4c78-035f-4629-a048-0b4a556608c7', 'context': [<snowplow_tracker.self_describing_json.SelfDescribingJson object at 0x00000184D8132FF0>]}
[0m21:58:13.485310 [info ] [Thread-1 (]: 1 of 3 OK created sql table model dbt_dataset.stg_customers .................... [[32mCREATE TABLE (100.0 rows, 1.9 KiB processed)[0m in 21.79s]
[0m21:58:13.492313 [debug] [Thread-1 (]: Finished running node model.dbt_learn_osas.stg_customers
[0m21:58:13.497092 [debug] [Thread-4 (]: Began running node model.dbt_learn_osas.customer_orders
[0m21:58:13.501982 [info ] [Thread-4 (]: 3 of 3 START sql table model dbt_dataset.customer_orders ....................... [RUN]
[0m21:58:13.509989 [debug] [Thread-4 (]: Acquiring new bigquery connection 'model.dbt_learn_osas.customer_orders'
[0m21:58:13.513983 [debug] [Thread-4 (]: Began compiling node model.dbt_learn_osas.customer_orders
[0m21:58:13.550042 [debug] [Thread-4 (]: Writing injected SQL for node "model.dbt_learn_osas.customer_orders"
[0m21:58:13.559873 [debug] [Thread-4 (]: Began executing node model.dbt_learn_osas.customer_orders
[0m21:58:13.574875 [debug] [Thread-4 (]: Opening a new connection, currently in state init
[0m21:58:27.700456 [debug] [Thread-4 (]: Writing runtime sql for node "model.dbt_learn_osas.customer_orders"
[0m21:58:27.708073 [debug] [Thread-4 (]: On model.dbt_learn_osas.customer_orders: /* {"app": "dbt", "dbt_version": "1.11.2", "profile_name": "dbt_learn_osas", "target_name": "dev", "node_id": "model.dbt_learn_osas.customer_orders"} */

  
    

    create or replace table `my-dbt-project-486616`.`dbt_dataset`.`customer_orders`
      
    
    

    
    OPTIONS()
    as (
      with customers as (
 
    select * from `my-dbt-project-486616`.`dbt_dataset`.`stg_customers`
 
),
 
orders as (
 
    select * from `my-dbt-project-486616`.`dbt_dataset`.`stg_orders`
 
),
 
customer_orders as (
 
    select
        customer_id,
 
        min(order_date) as first_order_date,
        max(order_date) as most_recent_order_date,
        count(order_id) as number_of_orders
 
    from orders
 
    group by 1
 
),
 
final as (
 
    select
        customers.customer_id,
        customers.first_name,
        customers.last_name,
        customer_orders.first_order_date,
        customer_orders.most_recent_order_date,
        coalesce(customer_orders.number_of_orders, 0) as number_of_orders
 
    from customers
 
    left join customer_orders using (customer_id)
 
)
 
select * from final
    );
  
[0m21:58:28.885212 [debug] [Thread-4 (]: BigQuery adapter: https://console.cloud.google.com/bigquery?project=my-dbt-project-486616&j=bq:EU:8be43d1a-3952-4295-8543-bc025f510bdf&page=queryresults
[0m21:58:31.254540 [debug] [Thread-4 (]: SQL status: OK in 2.366 seconds
[0m21:58:31.997494 [debug] [Thread-4 (]: Sending event: {'category': 'dbt', 'action': 'run_model', 'label': '1bba4c78-035f-4629-a048-0b4a556608c7', 'context': [<snowplow_tracker.self_describing_json.SelfDescribingJson object at 0x00000184D98E6810>]}
[0m21:58:32.001324 [info ] [Thread-4 (]: 3 of 3 OK created sql table model dbt_dataset.customer_orders .................. [[32mCREATE TABLE (100.0 rows, 4.3 KiB processed)[0m in 18.49s]
[0m21:58:32.017431 [debug] [Thread-4 (]: Finished running node model.dbt_learn_osas.customer_orders
[0m21:58:32.024430 [debug] [MainThread]: Opening a new connection, currently in state closed
[0m21:58:32.222158 [debug] [MainThread]: Connection 'master' was properly closed.
[0m21:58:32.226274 [debug] [MainThread]: Connection 'list_my-dbt-project-486616' was properly closed.
[0m21:58:32.229127 [debug] [MainThread]: Connection 'list_my-dbt-project-486616_dbt_dataset' was properly closed.
[0m21:58:32.231268 [debug] [MainThread]: Connection 'model.dbt_learn_osas.stg_customers' was properly closed.
[0m21:58:32.234221 [debug] [MainThread]: Connection 'model.dbt_learn_osas.stg_orders' was properly closed.
[0m21:58:32.237062 [debug] [MainThread]: Connection 'model.dbt_learn_osas.customer_orders' was properly closed.
[0m21:58:32.240442 [info ] [MainThread]: 
[0m21:58:32.246898 [info ] [MainThread]: Finished running 3 table models in 0 hours 1 minutes and 0.04 seconds (60.04s).
[0m21:58:32.260810 [debug] [MainThread]: Command end result
[0m21:58:32.525212 [debug] [MainThread]: Wrote artifact WritableManifest to C:\Users\HP\data_engineering_mastery\dbt_process\dbt_learn_osas\target\manifest.json
[0m21:58:32.536246 [debug] [MainThread]: Wrote artifact SemanticManifest to C:\Users\HP\data_engineering_mastery\dbt_process\dbt_learn_osas\target\semantic_manifest.json
[0m21:58:32.571548 [debug] [MainThread]: Wrote artifact RunExecutionResult to C:\Users\HP\data_engineering_mastery\dbt_process\dbt_learn_osas\target\run_results.json
[0m21:58:32.573553 [info ] [MainThread]: 
[0m21:58:32.580097 [info ] [MainThread]: [32mCompleted successfully[0m
[0m21:58:32.618233 [info ] [MainThread]: 
[0m21:58:32.634967 [info ] [MainThread]: Done. PASS=3 WARN=0 ERROR=0 SKIP=0 NO-OP=0 TOTAL=3
[0m21:58:32.705514 [debug] [MainThread]: Command `dbt run` succeeded at 21:58:32.702487 after 196.94 seconds
[0m21:58:32.713484 [debug] [MainThread]: Sending event: {'category': 'dbt', 'action': 'invocation', 'label': 'end', 'context': [<snowplow_tracker.self_describing_json.SelfDescribingJson object at 0x00000184BF9C2A50>, <snowplow_tracker.self_describing_json.SelfDescribingJson object at 0x00000184D8020F80>, <snowplow_tracker.self_describing_json.SelfDescribingJson object at 0x00000184BF9140E0>]}
[0m21:58:32.738233 [debug] [MainThread]: Flushing usage events
[0m21:58:39.748637 [debug] [MainThread]: An error was encountered while trying to flush usage events
[0m08:59:29.749282 [debug] [MainThread]: Sending event: {'category': 'dbt', 'action': 'invocation', 'label': 'start', 'context': [<snowplow_tracker.self_describing_json.SelfDescribingJson object at 0x0000014F4A6B48F0>, <snowplow_tracker.self_describing_json.SelfDescribingJson object at 0x0000014F4A3E95E0>, <snowplow_tracker.self_describing_json.SelfDescribingJson object at 0x0000014F4708D4C0>]}


============================== 08:59:29.765981 | dfa3c3ca-af4c-433d-8897-7fc70d3dccec ==============================
[0m08:59:29.765981 [info ] [MainThread]: Running with dbt=1.11.2
[0m08:59:29.770095 [debug] [MainThread]: running dbt with arguments {'version_check': 'True', 'no_print': 'None', 'static_parser': 'True', 'warn_error_options': 'WarnErrorOptionsV2(error=[], warn=[], silence=[])', 'target_path': 'None', 'printer_width': '80', 'write_json': 'True', 'empty': 'False', 'log_cache_events': 'False', 'introspect': 'True', 'cache_selected_only': 'False', 'fail_fast': 'False', 'debug': 'False', 'log_format': 'default', 'partial_parse': 'True', 'send_anonymous_usage_stats': 'True', 'quiet': 'False', 'warn_error': 'None', 'profiles_dir': 'C:\\Users\\HP\\.dbt', 'indirect_selection': 'eager', 'use_colors': 'True', 'invocation_command': 'dbt run', 'use_experimental_parser': 'False', 'log_path': 'C:\\Users\\HP\\data_engineering_mastery\\dbt_process\\dbt_learn_osas\\logs'}
[0m09:00:47.384646 [debug] [MainThread]: Sending event: {'category': 'dbt', 'action': 'project_id', 'label': 'dfa3c3ca-af4c-433d-8897-7fc70d3dccec', 'context': [<snowplow_tracker.self_describing_json.SelfDescribingJson object at 0x0000014F61FB8140>]}
[0m09:00:47.828563 [debug] [MainThread]: Sending event: {'category': 'dbt', 'action': 'adapter_info', 'label': 'dfa3c3ca-af4c-433d-8897-7fc70d3dccec', 'context': [<snowplow_tracker.self_describing_json.SelfDescribingJson object at 0x0000014F615EE4E0>]}
[0m09:00:47.831470 [info ] [MainThread]: Registered adapter: bigquery=1.11.0
[0m09:00:51.190536 [debug] [MainThread]: checksum: 3d40d8bbe1bef07db1c24822f2dbfff8bc07f2a48ed4fe2658a40653aec0b54b, vars: {}, profile: , target: , version: 1.11.2
[0m09:00:51.465890 [info ] [MainThread]: Unable to do partial parsing because a project config has changed
[0m09:00:51.468745 [debug] [MainThread]: Sending event: {'category': 'dbt', 'action': 'partial_parser', 'label': 'dfa3c3ca-af4c-433d-8897-7fc70d3dccec', 'context': [<snowplow_tracker.self_describing_json.SelfDescribingJson object at 0x0000014F623F69C0>]}
[0m09:01:00.023176 [warn ] [MainThread]: [[33mWARNING[0m]: Configuration paths exist in your dbt_project.yml file which do not apply to any resources.
There are 1 unused configuration paths:
- models.dbt_learn_osas.jaffle_shop
[0m09:01:00.034016 [debug] [MainThread]: Sending event: {'category': 'dbt', 'action': 'load_project', 'label': 'dfa3c3ca-af4c-433d-8897-7fc70d3dccec', 'context': [<snowplow_tracker.self_describing_json.SelfDescribingJson object at 0x0000014F6289C2F0>]}
[0m09:01:00.359817 [debug] [MainThread]: Wrote artifact WritableManifest to C:\Users\HP\data_engineering_mastery\dbt_process\dbt_learn_osas\target\manifest.json
[0m09:01:00.367743 [debug] [MainThread]: Wrote artifact SemanticManifest to C:\Users\HP\data_engineering_mastery\dbt_process\dbt_learn_osas\target\semantic_manifest.json
[0m09:01:00.461586 [debug] [MainThread]: Sending event: {'category': 'dbt', 'action': 'resource_counts', 'label': 'dfa3c3ca-af4c-433d-8897-7fc70d3dccec', 'context': [<snowplow_tracker.self_describing_json.SelfDescribingJson object at 0x0000014F62894680>]}
[0m09:01:00.463596 [info ] [MainThread]: Found 5 models, 1 seed, 4 data tests, 538 macros
[0m09:01:00.465564 [debug] [MainThread]: Sending event: {'category': 'dbt', 'action': 'runnable_timing', 'label': 'dfa3c3ca-af4c-433d-8897-7fc70d3dccec', 'context': [<snowplow_tracker.self_describing_json.SelfDescribingJson object at 0x0000014F628833B0>]}
[0m09:01:00.470089 [info ] [MainThread]: 
[0m09:01:00.473412 [info ] [MainThread]: Concurrency: 4 threads (target='dev')
[0m09:01:00.475939 [info ] [MainThread]: 
[0m09:01:00.479476 [debug] [MainThread]: Acquiring new bigquery connection 'master'
[0m09:01:00.498153 [debug] [ThreadPool]: Acquiring new bigquery connection 'list_my-dbt-project-486616'
[0m09:01:00.501345 [debug] [ThreadPool]: Opening a new connection, currently in state init
[0m09:01:05.225029 [debug] [ThreadPool]: Acquiring new bigquery connection 'list_my-dbt-project-486616_dbt_dataset'
[0m09:01:05.226034 [debug] [ThreadPool]: Opening a new connection, currently in state init
[0m09:01:10.276842 [debug] [MainThread]: Sending event: {'category': 'dbt', 'action': 'runnable_timing', 'label': 'dfa3c3ca-af4c-433d-8897-7fc70d3dccec', 'context': [<snowplow_tracker.self_describing_json.SelfDescribingJson object at 0x0000014F6284AA80>]}
[0m09:01:10.277844 [debug] [MainThread]: Opening a new connection, currently in state init
[0m09:01:10.397885 [debug] [Thread-1 (]: Began running node model.dbt_learn_osas.my_first_dbt_model
[0m09:01:10.399058 [debug] [Thread-2 (]: Began running node model.dbt_learn_osas.stg_customers
[0m09:01:10.401058 [debug] [Thread-3 (]: Began running node model.dbt_learn_osas.stg_orders
[0m09:01:10.403377 [info ] [Thread-1 (]: 1 of 5 START sql table model dbt_dataset.my_first_dbt_model .................... [RUN]
[0m09:01:10.403377 [info ] [Thread-2 (]: 2 of 5 START sql view model dbt_dataset.stg_customers .......................... [RUN]
[0m09:01:10.410277 [debug] [Thread-1 (]: Acquiring new bigquery connection 'model.dbt_learn_osas.my_first_dbt_model'
[0m09:01:10.410277 [debug] [Thread-2 (]: Acquiring new bigquery connection 'model.dbt_learn_osas.stg_customers'
[0m09:01:10.415802 [debug] [Thread-1 (]: Began compiling node model.dbt_learn_osas.my_first_dbt_model
[0m09:01:10.408011 [info ] [Thread-3 (]: 3 of 5 START sql view model dbt_dataset.stg_orders ............................. [RUN]
[0m09:01:10.417790 [debug] [Thread-2 (]: Began compiling node model.dbt_learn_osas.stg_customers
[0m09:01:10.440482 [debug] [Thread-3 (]: Acquiring new bigquery connection 'model.dbt_learn_osas.stg_orders'
[0m09:01:10.466387 [debug] [Thread-1 (]: Writing injected SQL for node "model.dbt_learn_osas.my_first_dbt_model"
[0m09:01:10.476337 [debug] [Thread-2 (]: Writing injected SQL for node "model.dbt_learn_osas.stg_customers"
[0m09:01:10.478416 [debug] [Thread-3 (]: Began compiling node model.dbt_learn_osas.stg_orders
[0m09:01:10.481384 [debug] [Thread-1 (]: Began executing node model.dbt_learn_osas.my_first_dbt_model
[0m09:01:10.486399 [debug] [Thread-3 (]: Writing injected SQL for node "model.dbt_learn_osas.stg_orders"
[0m09:01:10.489556 [debug] [Thread-2 (]: Began executing node model.dbt_learn_osas.stg_customers
[0m09:01:10.515527 [debug] [Thread-1 (]: Opening a new connection, currently in state init
[0m09:01:10.558427 [debug] [Thread-2 (]: Opening a new connection, currently in state init
[0m09:01:10.558427 [debug] [Thread-3 (]: Began executing node model.dbt_learn_osas.stg_orders
[0m09:01:10.740393 [debug] [Thread-3 (]: Opening a new connection, currently in state init
[0m09:01:11.049062 [debug] [Thread-2 (]: Compilation Error in model stg_customers (models\example\jaffle_shop\stg_customers.sql)
  Trying to create view `my-dbt-project-486616`.`dbt_dataset`.`stg_customers`, but it currently exists as a table. Either drop `my-dbt-project-486616`.`dbt_dataset`.`stg_customers` manually, or run dbt with `--full-refresh` and dbt will drop it for you.
  
  > in macro bigquery__handle_existing_table (macros\materializations\view.sql)
  > called by macro handle_existing_table (macros\relations\view\replace.sql)
  > called by macro bigquery__create_or_replace_view (macros\relations\view\replace.sql)
  > called by macro materialization_view_bigquery (macros\materializations\view.sql)
  > called by model stg_customers (models\example\jaffle_shop\stg_customers.sql)
[0m09:01:11.057206 [debug] [Thread-3 (]: Compilation Error in model stg_orders (models\example\jaffle_shop\stg_orders.sql)
  Trying to create view `my-dbt-project-486616`.`dbt_dataset`.`stg_orders`, but it currently exists as a table. Either drop `my-dbt-project-486616`.`dbt_dataset`.`stg_orders` manually, or run dbt with `--full-refresh` and dbt will drop it for you.
  
  > in macro bigquery__handle_existing_table (macros\materializations\view.sql)
  > called by macro handle_existing_table (macros\relations\view\replace.sql)
  > called by macro bigquery__create_or_replace_view (macros\relations\view\replace.sql)
  > called by macro materialization_view_bigquery (macros\materializations\view.sql)
  > called by model stg_orders (models\example\jaffle_shop\stg_orders.sql)
[0m09:01:11.065159 [debug] [Thread-2 (]: Sending event: {'category': 'dbt', 'action': 'run_model', 'label': 'dfa3c3ca-af4c-433d-8897-7fc70d3dccec', 'context': [<snowplow_tracker.self_describing_json.SelfDescribingJson object at 0x0000014F4A035EE0>]}
[0m09:01:11.067494 [debug] [Thread-3 (]: Sending event: {'category': 'dbt', 'action': 'run_model', 'label': 'dfa3c3ca-af4c-433d-8897-7fc70d3dccec', 'context': [<snowplow_tracker.self_describing_json.SelfDescribingJson object at 0x0000014F6277B170>]}
[0m09:01:11.068615 [error] [Thread-2 (]: 2 of 5 ERROR creating sql view model dbt_dataset.stg_customers ................. [[31mERROR[0m in 0.65s]
[0m09:01:11.073616 [debug] [Thread-2 (]: Finished running node model.dbt_learn_osas.stg_customers
[0m09:01:11.071031 [error] [Thread-3 (]: 3 of 5 ERROR creating sql view model dbt_dataset.stg_orders .................... [[31mERROR[0m in 0.62s]
[0m09:01:11.076951 [debug] [Thread-7 (]: Marking all children of 'model.dbt_learn_osas.stg_customers' to be skipped because of status 'error'.  Reason: Compilation Error in model stg_customers (models\example\jaffle_shop\stg_customers.sql)
  Trying to create view `my-dbt-project-486616`.`dbt_dataset`.`stg_customers`, but it currently exists as a table. Either drop `my-dbt-project-486616`.`dbt_dataset`.`stg_customers` manually, or run dbt with `--full-refresh` and dbt will drop it for you.
  
  > in macro bigquery__handle_existing_table (macros\materializations\view.sql)
  > called by macro handle_existing_table (macros\relations\view\replace.sql)
  > called by macro bigquery__create_or_replace_view (macros\relations\view\replace.sql)
  > called by macro materialization_view_bigquery (macros\materializations\view.sql)
  > called by model stg_customers (models\example\jaffle_shop\stg_customers.sql).
[0m09:01:11.079716 [debug] [Thread-3 (]: Finished running node model.dbt_learn_osas.stg_orders
[0m09:01:11.085013 [debug] [Thread-7 (]: Marking all children of 'model.dbt_learn_osas.stg_orders' to be skipped because of status 'error'.  Reason: Compilation Error in model stg_orders (models\example\jaffle_shop\stg_orders.sql)
  Trying to create view `my-dbt-project-486616`.`dbt_dataset`.`stg_orders`, but it currently exists as a table. Either drop `my-dbt-project-486616`.`dbt_dataset`.`stg_orders` manually, or run dbt with `--full-refresh` and dbt will drop it for you.
  
  > in macro bigquery__handle_existing_table (macros\materializations\view.sql)
  > called by macro handle_existing_table (macros\relations\view\replace.sql)
  > called by macro bigquery__create_or_replace_view (macros\relations\view\replace.sql)
  > called by macro materialization_view_bigquery (macros\materializations\view.sql)
  > called by model stg_orders (models\example\jaffle_shop\stg_orders.sql).
[0m09:01:11.089185 [debug] [Thread-4 (]: Began running node model.dbt_learn_osas.customer_orders
[0m09:01:11.089185 [info ] [Thread-4 (]: 4 of 5 SKIP relation dbt_dataset.customer_orders ............................... [[33mSKIP[0m]
[0m09:01:11.093506 [debug] [Thread-4 (]: Finished running node model.dbt_learn_osas.customer_orders
[0m09:01:15.112245 [debug] [Thread-1 (]: Writing runtime sql for node "model.dbt_learn_osas.my_first_dbt_model"
[0m09:01:15.118331 [debug] [Thread-1 (]: On model.dbt_learn_osas.my_first_dbt_model: /* {"app": "dbt", "dbt_version": "1.11.2", "profile_name": "dbt_learn_osas", "target_name": "dev", "node_id": "model.dbt_learn_osas.my_first_dbt_model"} */

  
    

    create or replace table `my-dbt-project-486616`.`dbt_dataset`.`my_first_dbt_model`
      
    
    

    
    OPTIONS()
    as (
      /*
    Welcome to your first dbt model!
    Did you know that you can also configure models directly within SQL files?
    This will override configurations stated in dbt_project.yml

    Try changing "table" to "view" below
*/



with source_data as (

    select 1 as id
    union all
    select null as id

)

select *
from source_data

/*
    Uncomment the line below to remove records with null `id` values
*/

-- where id is not null
    );
  
[0m09:01:16.292198 [debug] [Thread-1 (]: BigQuery adapter: https://console.cloud.google.com/bigquery?project=my-dbt-project-486616&j=bq:EU:2c0727cc-fd35-4473-b88e-e30738ca3ca8&page=queryresults
[0m09:01:19.380784 [debug] [Thread-1 (]: SQL status: OK in 3.087 seconds
[0m09:01:26.642445 [debug] [Thread-1 (]: Sending event: {'category': 'dbt', 'action': 'run_model', 'label': 'dfa3c3ca-af4c-433d-8897-7fc70d3dccec', 'context': [<snowplow_tracker.self_describing_json.SelfDescribingJson object at 0x0000014F640D6510>]}
[0m09:01:26.642445 [info ] [Thread-1 (]: 1 of 5 OK created sql table model dbt_dataset.my_first_dbt_model ............... [[32mCREATE TABLE (2.0 rows, 0 processed)[0m in 16.23s]
[0m09:01:26.649817 [debug] [Thread-1 (]: Finished running node model.dbt_learn_osas.my_first_dbt_model
[0m09:01:26.651817 [debug] [Thread-3 (]: Began running node model.dbt_learn_osas.my_second_dbt_model
[0m09:01:26.654821 [info ] [Thread-3 (]: 5 of 5 START sql view model dbt_dataset.my_second_dbt_model .................... [RUN]
[0m09:01:26.657479 [debug] [Thread-3 (]: Re-using an available connection from the pool (formerly model.dbt_learn_osas.stg_orders, now model.dbt_learn_osas.my_second_dbt_model)
[0m09:01:26.659066 [debug] [Thread-3 (]: Began compiling node model.dbt_learn_osas.my_second_dbt_model
[0m09:01:26.665913 [debug] [Thread-3 (]: Writing injected SQL for node "model.dbt_learn_osas.my_second_dbt_model"
[0m09:01:26.674932 [debug] [Thread-3 (]: Began executing node model.dbt_learn_osas.my_second_dbt_model
[0m09:01:26.723880 [debug] [Thread-3 (]: Writing runtime sql for node "model.dbt_learn_osas.my_second_dbt_model"
[0m09:01:26.728816 [debug] [Thread-3 (]: On model.dbt_learn_osas.my_second_dbt_model: /* {"app": "dbt", "dbt_version": "1.11.2", "profile_name": "dbt_learn_osas", "target_name": "dev", "node_id": "model.dbt_learn_osas.my_second_dbt_model"} */


  create or replace view `my-dbt-project-486616`.`dbt_dataset`.`my_second_dbt_model`
  OPTIONS()
  as -- Use the `ref` function to select from other models

select *
from `my-dbt-project-486616`.`dbt_dataset`.`my_first_dbt_model`
where id = 1;


[0m09:01:26.731198 [debug] [Thread-3 (]: Opening a new connection, currently in state closed
[0m09:01:38.376096 [debug] [Thread-3 (]: BigQuery adapter: https://console.cloud.google.com/bigquery?project=my-dbt-project-486616&j=bq:EU:310aa620-bcf2-4b35-909e-d202996f6e07&page=queryresults
[0m09:01:39.354769 [debug] [Thread-3 (]: SQL status: OK in 0.970 seconds
[0m09:01:39.376819 [debug] [Thread-3 (]: Sending event: {'category': 'dbt', 'action': 'run_model', 'label': 'dfa3c3ca-af4c-433d-8897-7fc70d3dccec', 'context': [<snowplow_tracker.self_describing_json.SelfDescribingJson object at 0x0000014F62A50F80>]}
[0m09:01:39.383251 [info ] [Thread-3 (]: 5 of 5 OK created sql view model dbt_dataset.my_second_dbt_model ............... [[32mCREATE VIEW (0 processed)[0m in 12.72s]
[0m09:01:39.390155 [debug] [Thread-3 (]: Finished running node model.dbt_learn_osas.my_second_dbt_model
[0m09:01:39.403023 [debug] [MainThread]: Opening a new connection, currently in state closed
[0m09:01:39.556883 [debug] [MainThread]: Connection 'master' was properly closed.
[0m09:01:39.556883 [debug] [MainThread]: Connection 'list_my-dbt-project-486616' was properly closed.
[0m09:01:39.556883 [debug] [MainThread]: Connection 'list_my-dbt-project-486616_dbt_dataset' was properly closed.
[0m09:01:39.562606 [debug] [MainThread]: Connection 'model.dbt_learn_osas.my_first_dbt_model' was properly closed.
[0m09:01:39.562606 [debug] [MainThread]: Connection 'model.dbt_learn_osas.stg_customers' was properly closed.
[0m09:01:39.565845 [debug] [MainThread]: Connection 'model.dbt_learn_osas.my_second_dbt_model' was properly closed.
[0m09:01:39.566809 [info ] [MainThread]: 
[0m09:01:39.569368 [info ] [MainThread]: Finished running 1 table model, 4 view models in 0 hours 0 minutes and 39.09 seconds (39.09s).
[0m09:01:39.575596 [debug] [MainThread]: Command end result
[0m09:01:39.679197 [debug] [MainThread]: Wrote artifact WritableManifest to C:\Users\HP\data_engineering_mastery\dbt_process\dbt_learn_osas\target\manifest.json
[0m09:01:39.686271 [debug] [MainThread]: Wrote artifact SemanticManifest to C:\Users\HP\data_engineering_mastery\dbt_process\dbt_learn_osas\target\semantic_manifest.json
[0m09:01:39.708898 [debug] [MainThread]: Wrote artifact RunExecutionResult to C:\Users\HP\data_engineering_mastery\dbt_process\dbt_learn_osas\target\run_results.json
[0m09:01:39.709907 [info ] [MainThread]: 
[0m09:01:39.712227 [info ] [MainThread]: [31mCompleted with 2 errors, 0 partial successes, and 0 warnings:[0m
[0m09:01:39.715621 [info ] [MainThread]: 
[0m09:01:39.718158 [error] [MainThread]: [31mFailure in model stg_customers (models\example\jaffle_shop\stg_customers.sql)[0m
[0m09:01:39.721803 [error] [MainThread]:   Compilation Error in model stg_customers (models\example\jaffle_shop\stg_customers.sql)
  Trying to create view `my-dbt-project-486616`.`dbt_dataset`.`stg_customers`, but it currently exists as a table. Either drop `my-dbt-project-486616`.`dbt_dataset`.`stg_customers` manually, or run dbt with `--full-refresh` and dbt will drop it for you.
  
  > in macro bigquery__handle_existing_table (macros\materializations\view.sql)
  > called by macro handle_existing_table (macros\relations\view\replace.sql)
  > called by macro bigquery__create_or_replace_view (macros\relations\view\replace.sql)
  > called by macro materialization_view_bigquery (macros\materializations\view.sql)
  > called by model stg_customers (models\example\jaffle_shop\stg_customers.sql)
[0m09:01:39.737546 [info ] [MainThread]: 
[0m09:01:39.748645 [info ] [MainThread]:   compiled code at target\compiled\dbt_learn_osas\models\example\jaffle_shop\stg_customers.sql
[0m09:01:39.751294 [info ] [MainThread]: 
[0m09:01:39.753899 [error] [MainThread]: [31mFailure in model stg_orders (models\example\jaffle_shop\stg_orders.sql)[0m
[0m09:01:39.765329 [error] [MainThread]:   Compilation Error in model stg_orders (models\example\jaffle_shop\stg_orders.sql)
  Trying to create view `my-dbt-project-486616`.`dbt_dataset`.`stg_orders`, but it currently exists as a table. Either drop `my-dbt-project-486616`.`dbt_dataset`.`stg_orders` manually, or run dbt with `--full-refresh` and dbt will drop it for you.
  
  > in macro bigquery__handle_existing_table (macros\materializations\view.sql)
  > called by macro handle_existing_table (macros\relations\view\replace.sql)
  > called by macro bigquery__create_or_replace_view (macros\relations\view\replace.sql)
  > called by macro materialization_view_bigquery (macros\materializations\view.sql)
  > called by model stg_orders (models\example\jaffle_shop\stg_orders.sql)
[0m09:01:39.780213 [info ] [MainThread]: 
[0m09:01:39.783608 [info ] [MainThread]:   compiled code at target\compiled\dbt_learn_osas\models\example\jaffle_shop\stg_orders.sql
[0m09:01:39.791748 [info ] [MainThread]: 
[0m09:01:39.798037 [info ] [MainThread]: Done. PASS=2 WARN=0 ERROR=2 SKIP=1 NO-OP=0 TOTAL=5
[0m09:01:39.799036 [debug] [MainThread]: Command `dbt run` failed at 09:01:39.799036 after 130.54 seconds
[0m09:01:39.799036 [debug] [MainThread]: Sending event: {'category': 'dbt', 'action': 'invocation', 'label': 'end', 'context': [<snowplow_tracker.self_describing_json.SelfDescribingJson object at 0x0000014F4A267A40>, <snowplow_tracker.self_describing_json.SelfDescribingJson object at 0x0000014F62634BF0>, <snowplow_tracker.self_describing_json.SelfDescribingJson object at 0x0000014F627C67E0>]}
[0m09:01:39.813550 [debug] [MainThread]: Flushing usage events
[0m09:01:42.470469 [debug] [MainThread]: An error was encountered while trying to flush usage events
[0m09:04:37.880194 [debug] [MainThread]: Sending event: {'category': 'dbt', 'action': 'invocation', 'label': 'start', 'context': [<snowplow_tracker.self_describing_json.SelfDescribingJson object at 0x0000018990F2BDD0>, <snowplow_tracker.self_describing_json.SelfDescribingJson object at 0x0000018990314A10>, <snowplow_tracker.self_describing_json.SelfDescribingJson object at 0x000001898EE280B0>]}


============================== 09:04:37.895599 | 448c6ed6-25f1-4f3f-af23-ff5d4eaf80ec ==============================
[0m09:04:37.895599 [info ] [MainThread]: Running with dbt=1.11.2
[0m09:04:37.898378 [debug] [MainThread]: running dbt with arguments {'static_parser': 'True', 'no_print': 'None', 'version_check': 'True', 'warn_error_options': 'WarnErrorOptionsV2(error=[], warn=[], silence=[])', 'target_path': 'None', 'printer_width': '80', 'write_json': 'True', 'empty': 'False', 'log_cache_events': 'False', 'introspect': 'True', 'cache_selected_only': 'False', 'log_format': 'default', 'debug': 'False', 'fail_fast': 'False', 'profiles_dir': 'C:\\Users\\HP\\.dbt', 'send_anonymous_usage_stats': 'True', 'quiet': 'False', 'warn_error': 'None', 'partial_parse': 'True', 'invocation_command': 'dbt run --full-refresh', 'use_colors': 'True', 'indirect_selection': 'eager', 'use_experimental_parser': 'False', 'log_path': 'C:\\Users\\HP\\data_engineering_mastery\\dbt_process\\dbt_learn_osas\\logs'}
[0m09:05:23.605964 [debug] [MainThread]: Sending event: {'category': 'dbt', 'action': 'project_id', 'label': '448c6ed6-25f1-4f3f-af23-ff5d4eaf80ec', 'context': [<snowplow_tracker.self_describing_json.SelfDescribingJson object at 0x00000189A826E000>]}
[0m09:05:23.929825 [debug] [MainThread]: Sending event: {'category': 'dbt', 'action': 'adapter_info', 'label': '448c6ed6-25f1-4f3f-af23-ff5d4eaf80ec', 'context': [<snowplow_tracker.self_describing_json.SelfDescribingJson object at 0x00000189911DAA20>]}
[0m09:05:23.937831 [info ] [MainThread]: Registered adapter: bigquery=1.11.0
[0m09:05:26.468591 [debug] [MainThread]: checksum: 3d40d8bbe1bef07db1c24822f2dbfff8bc07f2a48ed4fe2658a40653aec0b54b, vars: {}, profile: , target: , version: 1.11.2
[0m09:05:26.966905 [debug] [MainThread]: Partial parsing enabled: 0 files deleted, 0 files added, 0 files changed.
[0m09:05:26.966905 [debug] [MainThread]: Nothing changed, skipping partial parsing.
[0m09:05:26.982077 [debug] [MainThread]: Partial parsing enabled, no changes found, skipping parsing
[0m09:05:26.989819 [warn ] [MainThread]: [[33mWARNING[0m]: Configuration paths exist in your dbt_project.yml file which do not apply to any resources.
There are 1 unused configuration paths:
- models.dbt_learn_osas.jaffle_shop
[0m09:05:27.098149 [debug] [MainThread]: Sending event: {'category': 'dbt', 'action': 'load_project', 'label': '448c6ed6-25f1-4f3f-af23-ff5d4eaf80ec', 'context': [<snowplow_tracker.self_describing_json.SelfDescribingJson object at 0x00000189A8373560>]}
[0m09:05:27.390282 [debug] [MainThread]: Wrote artifact WritableManifest to C:\Users\HP\data_engineering_mastery\dbt_process\dbt_learn_osas\target\manifest.json
[0m09:05:27.401604 [debug] [MainThread]: Wrote artifact SemanticManifest to C:\Users\HP\data_engineering_mastery\dbt_process\dbt_learn_osas\target\semantic_manifest.json
[0m09:05:27.491117 [debug] [MainThread]: Sending event: {'category': 'dbt', 'action': 'resource_counts', 'label': '448c6ed6-25f1-4f3f-af23-ff5d4eaf80ec', 'context': [<snowplow_tracker.self_describing_json.SelfDescribingJson object at 0x00000189A8CA8620>]}
[0m09:05:27.492123 [info ] [MainThread]: Found 5 models, 1 seed, 4 data tests, 538 macros
[0m09:05:27.496565 [debug] [MainThread]: Sending event: {'category': 'dbt', 'action': 'runnable_timing', 'label': '448c6ed6-25f1-4f3f-af23-ff5d4eaf80ec', 'context': [<snowplow_tracker.self_describing_json.SelfDescribingJson object at 0x00000189A8ABFC50>]}
[0m09:05:27.501713 [info ] [MainThread]: 
[0m09:05:27.506453 [info ] [MainThread]: Concurrency: 4 threads (target='dev')
[0m09:05:27.512517 [info ] [MainThread]: 
[0m09:05:27.516341 [debug] [MainThread]: Acquiring new bigquery connection 'master'
[0m09:05:27.546528 [debug] [ThreadPool]: Acquiring new bigquery connection 'list_my-dbt-project-486616'
[0m09:05:27.548303 [debug] [ThreadPool]: Opening a new connection, currently in state init
[0m09:05:39.664068 [debug] [ThreadPool]: Acquiring new bigquery connection 'list_my-dbt-project-486616_dbt_dataset'
[0m09:05:39.666445 [debug] [ThreadPool]: Opening a new connection, currently in state init
[0m09:05:43.338720 [debug] [MainThread]: Sending event: {'category': 'dbt', 'action': 'runnable_timing', 'label': '448c6ed6-25f1-4f3f-af23-ff5d4eaf80ec', 'context': [<snowplow_tracker.self_describing_json.SelfDescribingJson object at 0x000001899170F7D0>]}
[0m09:05:43.345508 [debug] [MainThread]: Opening a new connection, currently in state init
[0m09:05:43.497813 [debug] [Thread-1 (]: Began running node model.dbt_learn_osas.my_first_dbt_model
[0m09:05:43.498814 [debug] [Thread-2 (]: Began running node model.dbt_learn_osas.stg_customers
[0m09:05:43.501392 [debug] [Thread-3 (]: Began running node model.dbt_learn_osas.stg_orders
[0m09:05:43.502877 [info ] [Thread-1 (]: 1 of 5 START sql table model dbt_dataset.my_first_dbt_model .................... [RUN]
[0m09:05:43.510124 [debug] [Thread-1 (]: Acquiring new bigquery connection 'model.dbt_learn_osas.my_first_dbt_model'
[0m09:05:43.503878 [info ] [Thread-2 (]: 2 of 5 START sql view model dbt_dataset.stg_customers .......................... [RUN]
[0m09:05:43.507672 [info ] [Thread-3 (]: 3 of 5 START sql view model dbt_dataset.stg_orders ............................. [RUN]
[0m09:05:43.512738 [debug] [Thread-1 (]: Began compiling node model.dbt_learn_osas.my_first_dbt_model
[0m09:05:43.516005 [debug] [Thread-2 (]: Acquiring new bigquery connection 'model.dbt_learn_osas.stg_customers'
[0m09:05:43.518050 [debug] [Thread-3 (]: Acquiring new bigquery connection 'model.dbt_learn_osas.stg_orders'
[0m09:05:43.536733 [debug] [Thread-2 (]: Began compiling node model.dbt_learn_osas.stg_customers
[0m09:05:43.562539 [debug] [Thread-1 (]: Writing injected SQL for node "model.dbt_learn_osas.my_first_dbt_model"
[0m09:05:43.577163 [debug] [Thread-1 (]: Began executing node model.dbt_learn_osas.my_first_dbt_model
[0m09:05:43.564555 [debug] [Thread-3 (]: Began compiling node model.dbt_learn_osas.stg_orders
[0m09:05:43.569371 [debug] [Thread-2 (]: Writing injected SQL for node "model.dbt_learn_osas.stg_customers"
[0m09:05:43.625367 [debug] [Thread-1 (]: Opening a new connection, currently in state init
[0m09:05:43.639780 [debug] [Thread-3 (]: Writing injected SQL for node "model.dbt_learn_osas.stg_orders"
[0m09:05:43.732522 [debug] [Thread-2 (]: Began executing node model.dbt_learn_osas.stg_customers
[0m09:05:43.735059 [debug] [Thread-3 (]: Began executing node model.dbt_learn_osas.stg_orders
[0m09:05:43.781152 [debug] [Thread-3 (]: Opening a new connection, currently in state init
[0m09:05:43.781152 [debug] [Thread-2 (]: Opening a new connection, currently in state init
[0m09:05:49.238588 [debug] [Thread-3 (]: Writing runtime sql for node "model.dbt_learn_osas.stg_orders"
[0m09:05:49.245429 [debug] [Thread-3 (]: On model.dbt_learn_osas.stg_orders: /* {"app": "dbt", "dbt_version": "1.11.2", "profile_name": "dbt_learn_osas", "target_name": "dev", "node_id": "model.dbt_learn_osas.stg_orders"} */


  create or replace view `my-dbt-project-486616`.`dbt_dataset`.`stg_orders`
  OPTIONS()
  as select
        id as order_id,
        user_id as customer_id,
        order_date,
        status

    from my-dbt-project-486616.dbt_dataset.orders;


[0m09:05:49.747839 [debug] [Thread-1 (]: Writing runtime sql for node "model.dbt_learn_osas.my_first_dbt_model"
[0m09:05:49.748839 [debug] [Thread-1 (]: On model.dbt_learn_osas.my_first_dbt_model: /* {"app": "dbt", "dbt_version": "1.11.2", "profile_name": "dbt_learn_osas", "target_name": "dev", "node_id": "model.dbt_learn_osas.my_first_dbt_model"} */

  
    

    create or replace table `my-dbt-project-486616`.`dbt_dataset`.`my_first_dbt_model`
      
    
    

    
    OPTIONS()
    as (
      /*
    Welcome to your first dbt model!
    Did you know that you can also configure models directly within SQL files?
    This will override configurations stated in dbt_project.yml

    Try changing "table" to "view" below
*/



with source_data as (

    select 1 as id
    union all
    select null as id

)

select *
from source_data

/*
    Uncomment the line below to remove records with null `id` values
*/

-- where id is not null
    );
  
[0m09:05:49.811451 [debug] [Thread-2 (]: Writing runtime sql for node "model.dbt_learn_osas.stg_customers"
[0m09:05:49.818097 [debug] [Thread-2 (]: On model.dbt_learn_osas.stg_customers: /* {"app": "dbt", "dbt_version": "1.11.2", "profile_name": "dbt_learn_osas", "target_name": "dev", "node_id": "model.dbt_learn_osas.stg_customers"} */


  create or replace view `my-dbt-project-486616`.`dbt_dataset`.`stg_customers`
  OPTIONS()
  as select
        id as customer_id,
        first_name,
        last_name

    from my-dbt-project-486616.dbt_dataset.customers;


[0m09:05:50.286806 [debug] [Thread-3 (]: BigQuery adapter: https://console.cloud.google.com/bigquery?project=my-dbt-project-486616&j=bq:EU:1ebad18c-e171-4942-8e97-f1d18d811497&page=queryresults
[0m09:05:50.580146 [debug] [Thread-1 (]: BigQuery adapter: https://console.cloud.google.com/bigquery?project=my-dbt-project-486616&j=bq:EU:ad6a2219-0006-4f44-94a5-1c6941d0753a&page=queryresults
[0m09:05:50.638738 [debug] [Thread-2 (]: BigQuery adapter: https://console.cloud.google.com/bigquery?project=my-dbt-project-486616&j=bq:EU:c1a55cc3-ca42-4308-9b3d-42498da7b0c2&page=queryresults
[0m09:05:51.634218 [debug] [Thread-3 (]: SQL status: OK in 1.332 seconds
[0m09:05:52.000144 [debug] [Thread-3 (]: Sending event: {'category': 'dbt', 'action': 'run_model', 'label': '448c6ed6-25f1-4f3f-af23-ff5d4eaf80ec', 'context': [<snowplow_tracker.self_describing_json.SelfDescribingJson object at 0x00000189A266AB40>]}
[0m09:05:52.002338 [info ] [Thread-3 (]: 3 of 5 OK created sql view model dbt_dataset.stg_orders ........................ [[32mCREATE VIEW (0 processed)[0m in 8.47s]
[0m09:05:52.006430 [debug] [Thread-3 (]: Finished running node model.dbt_learn_osas.stg_orders
[0m09:05:52.058558 [debug] [Thread-2 (]: SQL status: OK in 1.414 seconds
[0m09:05:52.073677 [debug] [Thread-2 (]: Sending event: {'category': 'dbt', 'action': 'run_model', 'label': '448c6ed6-25f1-4f3f-af23-ff5d4eaf80ec', 'context': [<snowplow_tracker.self_describing_json.SelfDescribingJson object at 0x00000189A8DC56D0>]}
[0m09:05:52.075787 [info ] [Thread-2 (]: 2 of 5 OK created sql view model dbt_dataset.stg_customers ..................... [[32mCREATE VIEW (0 processed)[0m in 8.56s]
[0m09:05:52.079478 [debug] [Thread-2 (]: Finished running node model.dbt_learn_osas.stg_customers
[0m09:05:52.081745 [debug] [Thread-4 (]: Began running node model.dbt_learn_osas.customer_orders
[0m09:05:52.084344 [info ] [Thread-4 (]: 4 of 5 START sql view model dbt_dataset.customer_orders ........................ [RUN]
[0m09:05:52.086693 [debug] [Thread-4 (]: Acquiring new bigquery connection 'model.dbt_learn_osas.customer_orders'
[0m09:05:52.087696 [debug] [Thread-4 (]: Began compiling node model.dbt_learn_osas.customer_orders
[0m09:05:52.098567 [debug] [Thread-4 (]: Writing injected SQL for node "model.dbt_learn_osas.customer_orders"
[0m09:05:52.103633 [debug] [Thread-4 (]: Began executing node model.dbt_learn_osas.customer_orders
[0m09:05:52.117376 [debug] [Thread-4 (]: Opening a new connection, currently in state init
[0m09:05:54.977220 [debug] [Thread-1 (]: SQL status: OK in 4.384 seconds
[0m09:05:55.721657 [debug] [Thread-1 (]: Sending event: {'category': 'dbt', 'action': 'run_model', 'label': '448c6ed6-25f1-4f3f-af23-ff5d4eaf80ec', 'context': [<snowplow_tracker.self_describing_json.SelfDescribingJson object at 0x00000189A8BA1EE0>]}
[0m09:05:55.726218 [info ] [Thread-1 (]: 1 of 5 OK created sql table model dbt_dataset.my_first_dbt_model ............... [[32mCREATE TABLE (2.0 rows, 0 processed)[0m in 12.21s]
[0m09:05:55.736095 [debug] [Thread-1 (]: Finished running node model.dbt_learn_osas.my_first_dbt_model
[0m09:05:55.742341 [debug] [Thread-2 (]: Began running node model.dbt_learn_osas.my_second_dbt_model
[0m09:05:55.743735 [info ] [Thread-2 (]: 5 of 5 START sql view model dbt_dataset.my_second_dbt_model .................... [RUN]
[0m09:05:55.743735 [debug] [Thread-2 (]: Re-using an available connection from the pool (formerly model.dbt_learn_osas.stg_customers, now model.dbt_learn_osas.my_second_dbt_model)
[0m09:05:55.749286 [debug] [Thread-2 (]: Began compiling node model.dbt_learn_osas.my_second_dbt_model
[0m09:05:55.764526 [debug] [Thread-2 (]: Writing injected SQL for node "model.dbt_learn_osas.my_second_dbt_model"
[0m09:05:55.769432 [debug] [Thread-2 (]: Began executing node model.dbt_learn_osas.my_second_dbt_model
[0m09:05:55.782734 [debug] [Thread-2 (]: Writing runtime sql for node "model.dbt_learn_osas.my_second_dbt_model"
[0m09:05:55.782734 [debug] [Thread-2 (]: On model.dbt_learn_osas.my_second_dbt_model: /* {"app": "dbt", "dbt_version": "1.11.2", "profile_name": "dbt_learn_osas", "target_name": "dev", "node_id": "model.dbt_learn_osas.my_second_dbt_model"} */


  create or replace view `my-dbt-project-486616`.`dbt_dataset`.`my_second_dbt_model`
  OPTIONS()
  as -- Use the `ref` function to select from other models

select *
from `my-dbt-project-486616`.`dbt_dataset`.`my_first_dbt_model`
where id = 1;


[0m09:05:55.782734 [debug] [Thread-2 (]: Opening a new connection, currently in state closed
[0m09:05:56.957130 [debug] [Thread-4 (]: Writing runtime sql for node "model.dbt_learn_osas.customer_orders"
[0m09:05:56.961489 [debug] [Thread-4 (]: On model.dbt_learn_osas.customer_orders: /* {"app": "dbt", "dbt_version": "1.11.2", "profile_name": "dbt_learn_osas", "target_name": "dev", "node_id": "model.dbt_learn_osas.customer_orders"} */


  create or replace view `my-dbt-project-486616`.`dbt_dataset`.`customer_orders`
  OPTIONS()
  as with customers as (
 
    select * from `my-dbt-project-486616`.`dbt_dataset`.`stg_customers`
 
),
 
orders as (
 
    select * from `my-dbt-project-486616`.`dbt_dataset`.`stg_orders`
 
),
 
customer_orders as (
 
    select
        customer_id,
 
        min(order_date) as first_order_date,
        max(order_date) as most_recent_order_date,
        count(order_id) as number_of_orders
 
    from orders
 
    group by 1
 
),
 
final as (
 
    select
        customers.customer_id,
        customers.first_name,
        customers.last_name,
        customer_orders.first_order_date,
        customer_orders.most_recent_order_date,
        coalesce(customer_orders.number_of_orders, 0) as number_of_orders
 
    from customers
 
    left join customer_orders using (customer_id)
 
)
 
select * from final;


[0m09:05:57.951139 [debug] [Thread-4 (]: BigQuery adapter: https://console.cloud.google.com/bigquery?project=my-dbt-project-486616&j=bq:EU:f022c959-db1b-4fd1-b71a-1bc888390574&page=queryresults
[0m09:05:59.253035 [debug] [Thread-4 (]: SQL status: OK in 1.299 seconds
[0m09:05:59.257688 [debug] [Thread-4 (]: Sending event: {'category': 'dbt', 'action': 'run_model', 'label': '448c6ed6-25f1-4f3f-af23-ff5d4eaf80ec', 'context': [<snowplow_tracker.self_describing_json.SelfDescribingJson object at 0x00000189AA4682C0>]}
[0m09:05:59.257688 [info ] [Thread-4 (]: 4 of 5 OK created sql view model dbt_dataset.customer_orders ................... [[32mCREATE VIEW (0 processed)[0m in 7.17s]
[0m09:05:59.267497 [debug] [Thread-4 (]: Finished running node model.dbt_learn_osas.customer_orders
[0m09:06:00.668112 [debug] [Thread-2 (]: BigQuery adapter: https://console.cloud.google.com/bigquery?project=my-dbt-project-486616&j=bq:EU:de35303e-10ed-4384-9894-8f8f2fe55e60&page=queryresults
[0m09:06:01.974338 [debug] [Thread-2 (]: SQL status: OK in 1.304 seconds
[0m09:06:01.989442 [debug] [Thread-2 (]: Sending event: {'category': 'dbt', 'action': 'run_model', 'label': '448c6ed6-25f1-4f3f-af23-ff5d4eaf80ec', 'context': [<snowplow_tracker.self_describing_json.SelfDescribingJson object at 0x00000189AA468230>]}
[0m09:06:01.993240 [info ] [Thread-2 (]: 5 of 5 OK created sql view model dbt_dataset.my_second_dbt_model ............... [[32mCREATE VIEW (0 processed)[0m in 6.25s]
[0m09:06:01.994841 [debug] [Thread-2 (]: Finished running node model.dbt_learn_osas.my_second_dbt_model
[0m09:06:02.000960 [debug] [MainThread]: Opening a new connection, currently in state closed
[0m09:06:02.106785 [debug] [MainThread]: Connection 'master' was properly closed.
[0m09:06:02.115276 [debug] [MainThread]: Connection 'list_my-dbt-project-486616' was properly closed.
[0m09:06:02.116734 [debug] [MainThread]: Connection 'list_my-dbt-project-486616_dbt_dataset' was properly closed.
[0m09:06:02.118741 [debug] [MainThread]: Connection 'model.dbt_learn_osas.my_first_dbt_model' was properly closed.
[0m09:06:02.120531 [debug] [MainThread]: Connection 'model.dbt_learn_osas.my_second_dbt_model' was properly closed.
[0m09:06:02.122448 [debug] [MainThread]: Connection 'model.dbt_learn_osas.stg_orders' was properly closed.
[0m09:06:02.123587 [debug] [MainThread]: Connection 'model.dbt_learn_osas.customer_orders' was properly closed.
[0m09:06:02.125548 [info ] [MainThread]: 
[0m09:06:02.128329 [info ] [MainThread]: Finished running 1 table model, 4 view models in 0 hours 0 minutes and 34.61 seconds (34.61s).
[0m09:06:02.139797 [debug] [MainThread]: Command end result
[0m09:06:02.239880 [debug] [MainThread]: Wrote artifact WritableManifest to C:\Users\HP\data_engineering_mastery\dbt_process\dbt_learn_osas\target\manifest.json
[0m09:06:02.249770 [debug] [MainThread]: Wrote artifact SemanticManifest to C:\Users\HP\data_engineering_mastery\dbt_process\dbt_learn_osas\target\semantic_manifest.json
[0m09:06:02.266649 [debug] [MainThread]: Wrote artifact RunExecutionResult to C:\Users\HP\data_engineering_mastery\dbt_process\dbt_learn_osas\target\run_results.json
[0m09:06:02.268648 [info ] [MainThread]: 
[0m09:06:02.270660 [info ] [MainThread]: [32mCompleted successfully[0m
[0m09:06:02.273152 [info ] [MainThread]: 
[0m09:06:02.276613 [info ] [MainThread]: Done. PASS=5 WARN=0 ERROR=0 SKIP=0 NO-OP=0 TOTAL=5
[0m09:06:02.282003 [debug] [MainThread]: Command `dbt run` succeeded at 09:06:02.282003 after 84.78 seconds
[0m09:06:02.283006 [debug] [MainThread]: Sending event: {'category': 'dbt', 'action': 'invocation', 'label': 'end', 'context': [<snowplow_tracker.self_describing_json.SelfDescribingJson object at 0x000001899172FBF0>, <snowplow_tracker.self_describing_json.SelfDescribingJson object at 0x00000189A852CEC0>, <snowplow_tracker.self_describing_json.SelfDescribingJson object at 0x00000189A8C80080>]}
[0m09:06:02.283006 [debug] [MainThread]: Flushing usage events
[0m09:06:04.893702 [debug] [MainThread]: An error was encountered while trying to flush usage events
[0m09:16:32.077061 [debug] [MainThread]: Sending event: {'category': 'dbt', 'action': 'invocation', 'label': 'start', 'context': [<snowplow_tracker.self_describing_json.SelfDescribingJson object at 0x0000015EFFCA4B90>, <snowplow_tracker.self_describing_json.SelfDescribingJson object at 0x0000015E82B76720>, <snowplow_tracker.self_describing_json.SelfDescribingJson object at 0x0000015E82B76810>]}


============================== 09:16:32.093998 | 597c7b82-7bdb-4aa7-aaef-395b6ac300b8 ==============================
[0m09:16:32.093998 [info ] [MainThread]: Running with dbt=1.11.2
[0m09:16:32.097944 [debug] [MainThread]: running dbt with arguments {'version_check': 'True', 'no_print': 'None', 'static_parser': 'True', 'warn_error_options': 'WarnErrorOptionsV2(error=[], warn=[], silence=[])', 'target_path': 'None', 'printer_width': '80', 'write_json': 'True', 'empty': 'False', 'log_cache_events': 'False', 'introspect': 'True', 'cache_selected_only': 'False', 'fail_fast': 'False', 'debug': 'False', 'log_format': 'default', 'partial_parse': 'True', 'send_anonymous_usage_stats': 'True', 'quiet': 'False', 'warn_error': 'None', 'profiles_dir': 'C:\\Users\\HP\\.dbt', 'indirect_selection': 'eager', 'use_colors': 'True', 'invocation_command': 'dbt run --full-refresh', 'use_experimental_parser': 'False', 'log_path': 'C:\\Users\\HP\\data_engineering_mastery\\dbt_process\\dbt_learn_osas\\logs'}
[0m09:17:24.349132 [debug] [MainThread]: Sending event: {'category': 'dbt', 'action': 'project_id', 'label': '597c7b82-7bdb-4aa7-aaef-395b6ac300b8', 'context': [<snowplow_tracker.self_describing_json.SelfDescribingJson object at 0x0000015E9AAD9760>]}
[0m09:17:24.747964 [debug] [MainThread]: Sending event: {'category': 'dbt', 'action': 'adapter_info', 'label': '597c7b82-7bdb-4aa7-aaef-395b6ac300b8', 'context': [<snowplow_tracker.self_describing_json.SelfDescribingJson object at 0x0000015E9A12D490>]}
[0m09:17:24.753400 [info ] [MainThread]: Registered adapter: bigquery=1.11.0
[0m09:17:27.392442 [debug] [MainThread]: checksum: 3d40d8bbe1bef07db1c24822f2dbfff8bc07f2a48ed4fe2658a40653aec0b54b, vars: {}, profile: , target: , version: 1.11.2
[0m09:17:27.949025 [debug] [MainThread]: Partial parsing enabled: 5 files deleted, 5 files added, 0 files changed.
[0m09:17:27.951031 [debug] [MainThread]: Partial parsing: added file: dbt_learn_osas://models\jaffle_shop\stg_customers.sql
[0m09:17:27.953466 [debug] [MainThread]: Partial parsing: added file: dbt_learn_osas://models\example\my_second_dbt_model.sql
[0m09:17:27.955048 [debug] [MainThread]: Partial parsing: added file: dbt_learn_osas://models\jaffle_shop\customer_orders.sql
[0m09:17:27.957514 [debug] [MainThread]: Partial parsing: added file: dbt_learn_osas://models\jaffle_shop\stg_orders.sql
[0m09:17:27.959572 [debug] [MainThread]: Partial parsing: added file: dbt_learn_osas://models\example\my_first_dbt_model.sql
[0m09:17:27.960573 [debug] [MainThread]: Partial parsing: deleted file: dbt_learn_osas://models\example\jaffle_shop\stg_orders.sql
[0m09:17:27.962405 [debug] [MainThread]: Partial parsing: deleted file: dbt_learn_osas://models\example\jaffle_shop\customer_orders.sql
[0m09:17:27.965167 [debug] [MainThread]: Partial parsing: deleted file: dbt_learn_osas://models\example\jaffle_shop\stg_customers.sql
[0m09:17:27.966602 [debug] [MainThread]: Partial parsing: deleted file: dbt_learn_osas://models\example\example\my_first_dbt_model.sql
[0m09:17:27.967603 [debug] [MainThread]: Partial parsing: deleted file: dbt_learn_osas://models\example\example\my_second_dbt_model.sql
[0m09:17:29.152096 [debug] [MainThread]: Sending event: {'category': 'dbt', 'action': 'load_project', 'label': '597c7b82-7bdb-4aa7-aaef-395b6ac300b8', 'context': [<snowplow_tracker.self_describing_json.SelfDescribingJson object at 0x0000015E9B2FCE60>]}
[0m09:17:29.388142 [debug] [MainThread]: Wrote artifact WritableManifest to C:\Users\HP\data_engineering_mastery\dbt_process\dbt_learn_osas\target\manifest.json
[0m09:17:29.395417 [debug] [MainThread]: Wrote artifact SemanticManifest to C:\Users\HP\data_engineering_mastery\dbt_process\dbt_learn_osas\target\semantic_manifest.json
[0m09:17:29.504954 [debug] [MainThread]: Sending event: {'category': 'dbt', 'action': 'resource_counts', 'label': '597c7b82-7bdb-4aa7-aaef-395b6ac300b8', 'context': [<snowplow_tracker.self_describing_json.SelfDescribingJson object at 0x0000015E9AE2E090>]}
[0m09:17:29.504954 [info ] [MainThread]: Found 1 seed, 5 models, 4 data tests, 538 macros
[0m09:17:29.510975 [debug] [MainThread]: Sending event: {'category': 'dbt', 'action': 'runnable_timing', 'label': '597c7b82-7bdb-4aa7-aaef-395b6ac300b8', 'context': [<snowplow_tracker.self_describing_json.SelfDescribingJson object at 0x0000015E9AF375C0>]}
[0m09:17:29.515331 [info ] [MainThread]: 
[0m09:17:29.515331 [info ] [MainThread]: Concurrency: 4 threads (target='dev')
[0m09:17:29.522854 [info ] [MainThread]: 
[0m09:17:29.528526 [debug] [MainThread]: Acquiring new bigquery connection 'master'
[0m09:17:29.570833 [debug] [ThreadPool]: Acquiring new bigquery connection 'list_my-dbt-project-486616'
[0m09:17:29.573099 [debug] [ThreadPool]: Opening a new connection, currently in state init
[0m09:17:35.089356 [debug] [ThreadPool]: Acquiring new bigquery connection 'list_my-dbt-project-486616_dbt_dataset'
[0m09:17:35.100787 [debug] [ThreadPool]: Opening a new connection, currently in state init
[0m09:17:42.245244 [debug] [MainThread]: Sending event: {'category': 'dbt', 'action': 'runnable_timing', 'label': '597c7b82-7bdb-4aa7-aaef-395b6ac300b8', 'context': [<snowplow_tracker.self_describing_json.SelfDescribingJson object at 0x0000015EFFE8D880>]}
[0m09:17:42.247185 [debug] [MainThread]: Opening a new connection, currently in state init
[0m09:17:42.338419 [debug] [Thread-1 (]: Began running node model.dbt_learn_osas.my_first_dbt_model
[0m09:17:42.340418 [debug] [Thread-2 (]: Began running node model.dbt_learn_osas.stg_customers
[0m09:17:42.342646 [debug] [Thread-3 (]: Began running node model.dbt_learn_osas.stg_orders
[0m09:17:42.345468 [info ] [Thread-1 (]: 1 of 5 START sql table model dbt_dataset.my_first_dbt_model .................... [RUN]
[0m09:17:42.346957 [info ] [Thread-2 (]: 2 of 5 START sql table model dbt_dataset.stg_customers ......................... [RUN]
[0m09:17:42.349481 [info ] [Thread-3 (]: 3 of 5 START sql table model dbt_dataset.stg_orders ............................ [RUN]
[0m09:17:42.351831 [debug] [Thread-1 (]: Acquiring new bigquery connection 'model.dbt_learn_osas.my_first_dbt_model'
[0m09:17:42.353594 [debug] [Thread-2 (]: Acquiring new bigquery connection 'model.dbt_learn_osas.stg_customers'
[0m09:17:42.357430 [debug] [Thread-3 (]: Acquiring new bigquery connection 'model.dbt_learn_osas.stg_orders'
[0m09:17:42.360910 [debug] [Thread-1 (]: Began compiling node model.dbt_learn_osas.my_first_dbt_model
[0m09:17:42.363652 [debug] [Thread-2 (]: Began compiling node model.dbt_learn_osas.stg_customers
[0m09:17:42.365999 [debug] [Thread-3 (]: Began compiling node model.dbt_learn_osas.stg_orders
[0m09:17:42.386676 [debug] [Thread-1 (]: Writing injected SQL for node "model.dbt_learn_osas.my_first_dbt_model"
[0m09:17:42.386676 [debug] [Thread-2 (]: Writing injected SQL for node "model.dbt_learn_osas.stg_customers"
[0m09:17:42.403689 [debug] [Thread-3 (]: Writing injected SQL for node "model.dbt_learn_osas.stg_orders"
[0m09:17:42.412098 [debug] [Thread-1 (]: Began executing node model.dbt_learn_osas.my_first_dbt_model
[0m09:17:42.430568 [debug] [Thread-2 (]: Began executing node model.dbt_learn_osas.stg_customers
[0m09:17:42.448161 [debug] [Thread-1 (]: Opening a new connection, currently in state init
[0m09:17:42.456282 [debug] [Thread-2 (]: Opening a new connection, currently in state init
[0m09:17:42.457698 [debug] [Thread-3 (]: Began executing node model.dbt_learn_osas.stg_orders
[0m09:17:42.640014 [debug] [Thread-3 (]: Opening a new connection, currently in state init
[0m09:17:46.935676 [debug] [Thread-1 (]: Writing runtime sql for node "model.dbt_learn_osas.my_first_dbt_model"
[0m09:17:46.942477 [debug] [Thread-1 (]: On model.dbt_learn_osas.my_first_dbt_model: /* {"app": "dbt", "dbt_version": "1.11.2", "profile_name": "dbt_learn_osas", "target_name": "dev", "node_id": "model.dbt_learn_osas.my_first_dbt_model"} */

  
    

    create or replace table `my-dbt-project-486616`.`dbt_dataset`.`my_first_dbt_model`
      
    
    

    
    OPTIONS()
    as (
      /*
    Welcome to your first dbt model!
    Did you know that you can also configure models directly within SQL files?
    This will override configurations stated in dbt_project.yml

    Try changing "table" to "view" below
*/



with source_data as (

    select 1 as id
    union all
    select null as id

)

select *
from source_data

/*
    Uncomment the line below to remove records with null `id` values
*/

-- where id is not null
    );
  
[0m09:17:47.759236 [debug] [Thread-3 (]: Writing runtime sql for node "model.dbt_learn_osas.stg_orders"
[0m09:17:47.765677 [debug] [Thread-3 (]: On model.dbt_learn_osas.stg_orders: /* {"app": "dbt", "dbt_version": "1.11.2", "profile_name": "dbt_learn_osas", "target_name": "dev", "node_id": "model.dbt_learn_osas.stg_orders"} */

  
    

    create or replace table `my-dbt-project-486616`.`dbt_dataset`.`stg_orders`
      
    
    

    
    OPTIONS()
    as (
      select
        id as order_id,
        user_id as customer_id,
        order_date,
        status

    from my-dbt-project-486616.dbt_dataset.orders
    );
  
[0m09:17:47.959739 [debug] [Thread-1 (]: BigQuery adapter: https://console.cloud.google.com/bigquery?project=my-dbt-project-486616&j=bq:EU:f04648b4-8811-49fc-8c80-bad09a4a64d6&page=queryresults
[0m09:17:48.789929 [debug] [Thread-3 (]: BigQuery adapter: https://console.cloud.google.com/bigquery?project=my-dbt-project-486616&j=bq:EU:49d67ea2-0ef0-4fcd-9d05-a65d2c1681c2&page=queryresults
[0m09:17:50.171721 [debug] [Thread-1 (]: SQL status: OK in 2.210 seconds
[0m09:17:52.629659 [debug] [Thread-1 (]: Sending event: {'category': 'dbt', 'action': 'run_model', 'label': '597c7b82-7bdb-4aa7-aaef-395b6ac300b8', 'context': [<snowplow_tracker.self_describing_json.SelfDescribingJson object at 0x0000015E949CE330>]}
[0m09:17:52.629659 [info ] [Thread-1 (]: 1 of 5 OK created sql table model dbt_dataset.my_first_dbt_model ............... [[32mCREATE TABLE (2.0 rows, 0 processed)[0m in 10.26s]
[0m09:17:52.633638 [debug] [Thread-1 (]: Finished running node model.dbt_learn_osas.my_first_dbt_model
[0m09:17:52.636635 [debug] [Thread-4 (]: Began running node model.dbt_learn_osas.my_second_dbt_model
[0m09:17:52.639127 [info ] [Thread-4 (]: 4 of 5 START sql view model dbt_dataset.my_second_dbt_model .................... [RUN]
[0m09:17:52.639127 [debug] [Thread-4 (]: Acquiring new bigquery connection 'model.dbt_learn_osas.my_second_dbt_model'
[0m09:17:52.642269 [debug] [Thread-4 (]: Began compiling node model.dbt_learn_osas.my_second_dbt_model
[0m09:17:52.643315 [debug] [Thread-4 (]: Writing injected SQL for node "model.dbt_learn_osas.my_second_dbt_model"
[0m09:17:52.657701 [debug] [Thread-4 (]: Began executing node model.dbt_learn_osas.my_second_dbt_model
[0m09:17:52.756603 [debug] [Thread-4 (]: Writing runtime sql for node "model.dbt_learn_osas.my_second_dbt_model"
[0m09:17:52.775981 [debug] [Thread-4 (]: On model.dbt_learn_osas.my_second_dbt_model: /* {"app": "dbt", "dbt_version": "1.11.2", "profile_name": "dbt_learn_osas", "target_name": "dev", "node_id": "model.dbt_learn_osas.my_second_dbt_model"} */


  create or replace view `my-dbt-project-486616`.`dbt_dataset`.`my_second_dbt_model`
  OPTIONS()
  as -- Use the `ref` function to select from other models

select *
from `my-dbt-project-486616`.`dbt_dataset`.`my_first_dbt_model`
where id = 1;


[0m09:17:52.777602 [debug] [Thread-4 (]: Opening a new connection, currently in state init
[0m09:17:53.078850 [debug] [Thread-3 (]: SQL status: OK in 4.275 seconds
[0m09:17:53.902984 [debug] [Thread-3 (]: Sending event: {'category': 'dbt', 'action': 'run_model', 'label': '597c7b82-7bdb-4aa7-aaef-395b6ac300b8', 'context': [<snowplow_tracker.self_describing_json.SelfDescribingJson object at 0x0000015E9CB2B440>]}
[0m09:17:53.902984 [info ] [Thread-3 (]: 3 of 5 OK created sql table model dbt_dataset.stg_orders ....................... [[32mCREATE TABLE (99.0 rows, 3.3 KiB processed)[0m in 11.55s]
[0m09:17:53.911015 [debug] [Thread-3 (]: Finished running node model.dbt_learn_osas.stg_orders
[0m09:17:54.305401 [debug] [Thread-2 (]: Writing runtime sql for node "model.dbt_learn_osas.stg_customers"
[0m09:17:54.308494 [debug] [Thread-2 (]: On model.dbt_learn_osas.stg_customers: /* {"app": "dbt", "dbt_version": "1.11.2", "profile_name": "dbt_learn_osas", "target_name": "dev", "node_id": "model.dbt_learn_osas.stg_customers"} */

  
    

    create or replace table `my-dbt-project-486616`.`dbt_dataset`.`stg_customers`
      
    
    

    
    OPTIONS()
    as (
      select
        id as customer_id,
        first_name,
        last_name

    from my-dbt-project-486616.dbt_dataset.customers
    );
  
[0m09:17:55.139594 [debug] [Thread-2 (]: BigQuery adapter: https://console.cloud.google.com/bigquery?project=my-dbt-project-486616&j=bq:EU:648c981e-3ad2-42c0-b8b9-1471e6069cb7&page=queryresults
[0m09:17:57.086313 [debug] [Thread-2 (]: SQL status: OK in 1.945 seconds
[0m09:17:57.684941 [debug] [Thread-2 (]: Sending event: {'category': 'dbt', 'action': 'run_model', 'label': '597c7b82-7bdb-4aa7-aaef-395b6ac300b8', 'context': [<snowplow_tracker.self_describing_json.SelfDescribingJson object at 0x0000015E9CA7FFB0>]}
[0m09:17:57.699362 [info ] [Thread-2 (]: 2 of 5 OK created sql table model dbt_dataset.stg_customers .................... [[32mCREATE TABLE (100.0 rows, 1.9 KiB processed)[0m in 15.33s]
[0m09:17:57.703052 [debug] [Thread-2 (]: Finished running node model.dbt_learn_osas.stg_customers
[0m09:17:57.703052 [debug] [Thread-1 (]: Began running node model.dbt_learn_osas.customer_orders
[0m09:17:57.709893 [info ] [Thread-1 (]: 5 of 5 START sql table model dbt_dataset.customer_orders ....................... [RUN]
[0m09:17:57.713675 [debug] [Thread-1 (]: Re-using an available connection from the pool (formerly model.dbt_learn_osas.my_first_dbt_model, now model.dbt_learn_osas.customer_orders)
[0m09:17:57.714691 [debug] [Thread-1 (]: Began compiling node model.dbt_learn_osas.customer_orders
[0m09:17:57.739111 [debug] [Thread-1 (]: Writing injected SQL for node "model.dbt_learn_osas.customer_orders"
[0m09:17:57.742081 [debug] [Thread-1 (]: Began executing node model.dbt_learn_osas.customer_orders
[0m09:17:57.757737 [debug] [Thread-1 (]: Opening a new connection, currently in state closed
[0m09:17:57.893152 [debug] [Thread-4 (]: BigQuery adapter: https://console.cloud.google.com/bigquery?project=my-dbt-project-486616&j=bq:EU:ab9be010-af29-4cd2-9388-764a4be17337&page=queryresults
[0m09:18:02.099826 [debug] [Thread-1 (]: Writing runtime sql for node "model.dbt_learn_osas.customer_orders"
[0m09:18:02.105193 [debug] [Thread-1 (]: On model.dbt_learn_osas.customer_orders: /* {"app": "dbt", "dbt_version": "1.11.2", "profile_name": "dbt_learn_osas", "target_name": "dev", "node_id": "model.dbt_learn_osas.customer_orders"} */

  
    

    create or replace table `my-dbt-project-486616`.`dbt_dataset`.`customer_orders`
      
    
    

    
    OPTIONS()
    as (
      with customers as (
 
    select * from `my-dbt-project-486616`.`dbt_dataset`.`stg_customers`
 
),
 
orders as (
 
    select * from `my-dbt-project-486616`.`dbt_dataset`.`stg_orders`
 
),
 
customer_orders as (
 
    select
        customer_id,
 
        min(order_date) as first_order_date,
        max(order_date) as most_recent_order_date,
        count(order_id) as number_of_orders
 
    from orders
 
    group by 1
 
),
 
final as (
 
    select
        customers.customer_id,
        customers.first_name,
        customers.last_name,
        customer_orders.first_order_date,
        customer_orders.most_recent_order_date,
        coalesce(customer_orders.number_of_orders, 0) as number_of_orders
 
    from customers
 
    left join customer_orders using (customer_id)
 
)
 
select * from final
    );
  
[0m09:18:02.906571 [debug] [Thread-1 (]: BigQuery adapter: https://console.cloud.google.com/bigquery?project=my-dbt-project-486616&j=bq:EU:67c9911b-4309-4f6c-afb7-a15c89d50591&page=queryresults
[0m09:18:04.655824 [debug] [Thread-4 (]: SQL status: OK in 6.761 seconds
[0m09:18:04.694210 [debug] [Thread-4 (]: Sending event: {'category': 'dbt', 'action': 'run_model', 'label': '597c7b82-7bdb-4aa7-aaef-395b6ac300b8', 'context': [<snowplow_tracker.self_describing_json.SelfDescribingJson object at 0x0000015E9AFF6B40>]}
[0m09:18:04.696324 [info ] [Thread-4 (]: 4 of 5 OK created sql view model dbt_dataset.my_second_dbt_model ............... [[32mCREATE VIEW (0 processed)[0m in 12.06s]
[0m09:18:04.699209 [debug] [Thread-4 (]: Finished running node model.dbt_learn_osas.my_second_dbt_model
[0m09:18:05.172047 [debug] [Thread-1 (]: SQL status: OK in 2.261 seconds
[0m09:18:05.680142 [debug] [Thread-1 (]: Sending event: {'category': 'dbt', 'action': 'run_model', 'label': '597c7b82-7bdb-4aa7-aaef-395b6ac300b8', 'context': [<snowplow_tracker.self_describing_json.SelfDescribingJson object at 0x0000015E9CA1A240>]}
[0m09:18:05.680142 [info ] [Thread-1 (]: 5 of 5 OK created sql table model dbt_dataset.customer_orders .................. [[32mCREATE TABLE (100.0 rows, 4.3 KiB processed)[0m in 7.97s]
[0m09:18:05.701513 [debug] [Thread-1 (]: Finished running node model.dbt_learn_osas.customer_orders
[0m09:18:05.706986 [debug] [MainThread]: Opening a new connection, currently in state closed
[0m09:18:05.815276 [debug] [MainThread]: Connection 'master' was properly closed.
[0m09:18:05.815276 [debug] [MainThread]: Connection 'list_my-dbt-project-486616' was properly closed.
[0m09:18:05.825149 [debug] [MainThread]: Connection 'list_my-dbt-project-486616_dbt_dataset' was properly closed.
[0m09:18:05.826791 [debug] [MainThread]: Connection 'model.dbt_learn_osas.customer_orders' was properly closed.
[0m09:18:05.827789 [debug] [MainThread]: Connection 'model.dbt_learn_osas.stg_customers' was properly closed.
[0m09:18:05.829884 [debug] [MainThread]: Connection 'model.dbt_learn_osas.stg_orders' was properly closed.
[0m09:18:05.830883 [debug] [MainThread]: Connection 'model.dbt_learn_osas.my_second_dbt_model' was properly closed.
[0m09:18:05.835036 [info ] [MainThread]: 
[0m09:18:05.840784 [info ] [MainThread]: Finished running 4 table models, 1 view model in 0 hours 0 minutes and 36.31 seconds (36.31s).
[0m09:18:05.849645 [debug] [MainThread]: Command end result
[0m09:18:05.965789 [debug] [MainThread]: Wrote artifact WritableManifest to C:\Users\HP\data_engineering_mastery\dbt_process\dbt_learn_osas\target\manifest.json
[0m09:18:05.973989 [debug] [MainThread]: Wrote artifact SemanticManifest to C:\Users\HP\data_engineering_mastery\dbt_process\dbt_learn_osas\target\semantic_manifest.json
[0m09:18:05.993455 [debug] [MainThread]: Wrote artifact RunExecutionResult to C:\Users\HP\data_engineering_mastery\dbt_process\dbt_learn_osas\target\run_results.json
[0m09:18:05.996727 [info ] [MainThread]: 
[0m09:18:06.002437 [info ] [MainThread]: [32mCompleted successfully[0m
[0m09:18:06.004386 [info ] [MainThread]: 
[0m09:18:06.009072 [info ] [MainThread]: Done. PASS=5 WARN=0 ERROR=0 SKIP=0 NO-OP=0 TOTAL=5
[0m09:18:06.011077 [debug] [MainThread]: Command `dbt run` succeeded at 09:18:06.011077 after 94.42 seconds
[0m09:18:06.016323 [debug] [MainThread]: Sending event: {'category': 'dbt', 'action': 'invocation', 'label': 'end', 'context': [<snowplow_tracker.self_describing_json.SelfDescribingJson object at 0x0000015EFFBB1550>, <snowplow_tracker.self_describing_json.SelfDescribingJson object at 0x0000015E9C97CB30>, <snowplow_tracker.self_describing_json.SelfDescribingJson object at 0x0000015E9B171FD0>]}
[0m09:18:06.017390 [debug] [MainThread]: Flushing usage events
[0m09:18:09.567374 [debug] [MainThread]: An error was encountered while trying to flush usage events
[0m09:25:00.527436 [debug] [MainThread]: Sending event: {'category': 'dbt', 'action': 'invocation', 'label': 'start', 'context': [<snowplow_tracker.self_describing_json.SelfDescribingJson object at 0x0000015C43D1B230>, <snowplow_tracker.self_describing_json.SelfDescribingJson object at 0x0000015C46E43F20>, <snowplow_tracker.self_describing_json.SelfDescribingJson object at 0x0000015C4714F800>]}


============================== 09:25:00.539813 | fb1e4f0a-999f-4098-af89-191b96ca2c80 ==============================
[0m09:25:00.539813 [info ] [MainThread]: Running with dbt=1.11.2
[0m09:25:00.545592 [debug] [MainThread]: running dbt with arguments {'version_check': 'True', 'no_print': 'None', 'static_parser': 'True', 'warn_error_options': 'WarnErrorOptionsV2(error=[], warn=[], silence=[])', 'target_path': 'None', 'printer_width': '80', 'write_json': 'True', 'introspect': 'True', 'log_cache_events': 'False', 'empty': 'False', 'cache_selected_only': 'False', 'log_format': 'default', 'debug': 'False', 'fail_fast': 'False', 'profiles_dir': 'C:\\Users\\HP\\.dbt', 'send_anonymous_usage_stats': 'True', 'quiet': 'False', 'warn_error': 'None', 'partial_parse': 'True', 'use_colors': 'True', 'indirect_selection': 'eager', 'invocation_command': 'dbt run --full-refresh', 'use_experimental_parser': 'False', 'log_path': 'C:\\Users\\HP\\data_engineering_mastery\\dbt_process\\dbt_learn_osas\\logs'}
[0m09:25:53.447175 [debug] [MainThread]: Sending event: {'category': 'dbt', 'action': 'project_id', 'label': 'fb1e4f0a-999f-4098-af89-191b96ca2c80', 'context': [<snowplow_tracker.self_describing_json.SelfDescribingJson object at 0x0000015C47E08BF0>]}
[0m09:25:53.763624 [debug] [MainThread]: Sending event: {'category': 'dbt', 'action': 'adapter_info', 'label': 'fb1e4f0a-999f-4098-af89-191b96ca2c80', 'context': [<snowplow_tracker.self_describing_json.SelfDescribingJson object at 0x0000015C58EDA930>]}
[0m09:25:53.776738 [info ] [MainThread]: Registered adapter: bigquery=1.11.0
[0m09:25:56.566146 [debug] [MainThread]: checksum: 3d40d8bbe1bef07db1c24822f2dbfff8bc07f2a48ed4fe2658a40653aec0b54b, vars: {}, profile: , target: , version: 1.11.2
[0m09:25:57.269513 [debug] [MainThread]: Partial parsing enabled: 0 files deleted, 0 files added, 1 files changed.
[0m09:25:57.283853 [debug] [MainThread]: Partial parsing: updated file: dbt_learn_osas://models\example\my_first_dbt_model.sql
[0m09:25:58.399661 [debug] [MainThread]: Sending event: {'category': 'dbt', 'action': 'load_project', 'label': 'fb1e4f0a-999f-4098-af89-191b96ca2c80', 'context': [<snowplow_tracker.self_describing_json.SelfDescribingJson object at 0x0000015C5F6611F0>]}
[0m09:25:58.609477 [debug] [MainThread]: Wrote artifact WritableManifest to C:\Users\HP\data_engineering_mastery\dbt_process\dbt_learn_osas\target\manifest.json
[0m09:25:58.617288 [debug] [MainThread]: Wrote artifact SemanticManifest to C:\Users\HP\data_engineering_mastery\dbt_process\dbt_learn_osas\target\semantic_manifest.json
[0m09:25:58.720188 [debug] [MainThread]: Sending event: {'category': 'dbt', 'action': 'resource_counts', 'label': 'fb1e4f0a-999f-4098-af89-191b96ca2c80', 'context': [<snowplow_tracker.self_describing_json.SelfDescribingJson object at 0x0000015C5F149F70>]}
[0m09:25:58.722192 [info ] [MainThread]: Found 1 seed, 5 models, 4 data tests, 538 macros
[0m09:25:58.727017 [debug] [MainThread]: Sending event: {'category': 'dbt', 'action': 'runnable_timing', 'label': 'fb1e4f0a-999f-4098-af89-191b96ca2c80', 'context': [<snowplow_tracker.self_describing_json.SelfDescribingJson object at 0x0000015C5F6C4AA0>]}
[0m09:25:58.733746 [info ] [MainThread]: 
[0m09:25:58.739914 [info ] [MainThread]: Concurrency: 4 threads (target='dev')
[0m09:25:58.742865 [info ] [MainThread]: 
[0m09:25:58.746667 [debug] [MainThread]: Acquiring new bigquery connection 'master'
[0m09:25:58.767925 [debug] [ThreadPool]: Acquiring new bigquery connection 'list_my-dbt-project-486616'
[0m09:25:58.769633 [debug] [ThreadPool]: Opening a new connection, currently in state init
[0m09:26:04.748804 [debug] [ThreadPool]: Acquiring new bigquery connection 'list_my-dbt-project-486616_dbt_dataset'
[0m09:26:04.748804 [debug] [ThreadPool]: Opening a new connection, currently in state init
[0m09:26:09.995617 [debug] [MainThread]: Sending event: {'category': 'dbt', 'action': 'runnable_timing', 'label': 'fb1e4f0a-999f-4098-af89-191b96ca2c80', 'context': [<snowplow_tracker.self_describing_json.SelfDescribingJson object at 0x0000015C5F6C4080>]}
[0m09:26:09.996620 [debug] [MainThread]: Opening a new connection, currently in state init
[0m09:26:10.120286 [debug] [Thread-1 (]: Began running node model.dbt_learn_osas.my_first_dbt_model
[0m09:26:10.122002 [debug] [Thread-2 (]: Began running node model.dbt_learn_osas.stg_customers
[0m09:26:10.124050 [debug] [Thread-3 (]: Began running node model.dbt_learn_osas.stg_orders
[0m09:26:10.126121 [info ] [Thread-1 (]: 1 of 5 START sql view model dbt_dataset.my_first_dbt_model ..................... [RUN]
[0m09:26:10.127825 [info ] [Thread-2 (]: 2 of 5 START sql table model dbt_dataset.stg_customers ......................... [RUN]
[0m09:26:10.134052 [debug] [Thread-1 (]: Acquiring new bigquery connection 'model.dbt_learn_osas.my_first_dbt_model'
[0m09:26:10.131662 [info ] [Thread-3 (]: 3 of 5 START sql table model dbt_dataset.stg_orders ............................ [RUN]
[0m09:26:10.137053 [debug] [Thread-2 (]: Acquiring new bigquery connection 'model.dbt_learn_osas.stg_customers'
[0m09:26:10.138993 [debug] [Thread-1 (]: Began compiling node model.dbt_learn_osas.my_first_dbt_model
[0m09:26:10.141813 [debug] [Thread-3 (]: Acquiring new bigquery connection 'model.dbt_learn_osas.stg_orders'
[0m09:26:10.143955 [debug] [Thread-2 (]: Began compiling node model.dbt_learn_osas.stg_customers
[0m09:26:10.164927 [debug] [Thread-3 (]: Began compiling node model.dbt_learn_osas.stg_orders
[0m09:26:10.181118 [debug] [Thread-1 (]: Writing injected SQL for node "model.dbt_learn_osas.my_first_dbt_model"
[0m09:26:10.184202 [debug] [Thread-2 (]: Writing injected SQL for node "model.dbt_learn_osas.stg_customers"
[0m09:26:10.196095 [debug] [Thread-3 (]: Writing injected SQL for node "model.dbt_learn_osas.stg_orders"
[0m09:26:10.198541 [debug] [Thread-1 (]: Began executing node model.dbt_learn_osas.my_first_dbt_model
[0m09:26:10.201517 [debug] [Thread-2 (]: Began executing node model.dbt_learn_osas.stg_customers
[0m09:26:10.257892 [debug] [Thread-3 (]: Began executing node model.dbt_learn_osas.stg_orders
[0m09:26:10.262923 [debug] [Thread-1 (]: Opening a new connection, currently in state init
[0m09:26:10.281445 [debug] [Thread-2 (]: Opening a new connection, currently in state init
[0m09:26:10.289767 [debug] [Thread-3 (]: Opening a new connection, currently in state init
[0m09:26:15.980783 [debug] [Thread-3 (]: Writing runtime sql for node "model.dbt_learn_osas.stg_orders"
[0m09:26:15.980783 [debug] [Thread-2 (]: Writing runtime sql for node "model.dbt_learn_osas.stg_customers"
[0m09:26:15.995820 [debug] [Thread-3 (]: On model.dbt_learn_osas.stg_orders: /* {"app": "dbt", "dbt_version": "1.11.2", "profile_name": "dbt_learn_osas", "target_name": "dev", "node_id": "model.dbt_learn_osas.stg_orders"} */

  
    

    create or replace table `my-dbt-project-486616`.`dbt_dataset`.`stg_orders`
      
    
    

    
    OPTIONS()
    as (
      select
        id as order_id,
        user_id as customer_id,
        order_date,
        status

    from my-dbt-project-486616.dbt_dataset.orders
    );
  
[0m09:26:15.997819 [debug] [Thread-2 (]: On model.dbt_learn_osas.stg_customers: /* {"app": "dbt", "dbt_version": "1.11.2", "profile_name": "dbt_learn_osas", "target_name": "dev", "node_id": "model.dbt_learn_osas.stg_customers"} */

  
    

    create or replace table `my-dbt-project-486616`.`dbt_dataset`.`stg_customers`
      
    
    

    
    OPTIONS()
    as (
      select
        id as customer_id,
        first_name,
        last_name

    from my-dbt-project-486616.dbt_dataset.customers
    );
  
[0m09:26:16.102521 [debug] [Thread-1 (]: Writing runtime sql for node "model.dbt_learn_osas.my_first_dbt_model"
[0m09:26:16.108069 [debug] [Thread-1 (]: On model.dbt_learn_osas.my_first_dbt_model: /* {"app": "dbt", "dbt_version": "1.11.2", "profile_name": "dbt_learn_osas", "target_name": "dev", "node_id": "model.dbt_learn_osas.my_first_dbt_model"} */


  create or replace view `my-dbt-project-486616`.`dbt_dataset`.`my_first_dbt_model`
  OPTIONS()
  as /*
    Welcome to your first dbt model!
    Did you know that you can also configure models directly within SQL files?
    This will override configurations stated in dbt_project.yml

    Try changing "table" to "view" below
*/



with source_data as (

    select 1 as id
    union all
    select null as id

)

select *
from source_data

/*
    Uncomment the line below to remove records with null `id` values
*/

-- where id is not null;


[0m09:26:16.950545 [debug] [Thread-1 (]: BigQuery adapter: https://console.cloud.google.com/bigquery?project=my-dbt-project-486616&j=bq:EU:043c85f9-8829-4822-9d42-5b52a0247365&page=queryresults
[0m09:26:17.088977 [debug] [Thread-2 (]: BigQuery adapter: https://console.cloud.google.com/bigquery?project=my-dbt-project-486616&j=bq:EU:1cd0f58e-0db3-4df6-bd99-56354ac6b13f&page=queryresults
[0m09:26:17.091508 [debug] [Thread-3 (]: BigQuery adapter: https://console.cloud.google.com/bigquery?project=my-dbt-project-486616&j=bq:EU:be9c8449-f365-4770-8182-79fd919a01de&page=queryresults
[0m09:26:17.999607 [debug] [Thread-1 (]: SQL status: OK in 1.047 seconds
[0m09:26:18.450268 [debug] [Thread-1 (]: Sending event: {'category': 'dbt', 'action': 'run_model', 'label': 'fb1e4f0a-999f-4098-af89-191b96ca2c80', 'context': [<snowplow_tracker.self_describing_json.SelfDescribingJson object at 0x0000015C46EC1C40>]}
[0m09:26:18.452908 [info ] [Thread-1 (]: 1 of 5 OK created sql view model dbt_dataset.my_first_dbt_model ................ [[32mCREATE VIEW (0 processed)[0m in 8.31s]
[0m09:26:18.457039 [debug] [Thread-1 (]: Finished running node model.dbt_learn_osas.my_first_dbt_model
[0m09:26:18.459453 [debug] [Thread-4 (]: Began running node model.dbt_learn_osas.my_second_dbt_model
[0m09:26:18.462405 [info ] [Thread-4 (]: 4 of 5 START sql view model dbt_dataset.my_second_dbt_model .................... [RUN]
[0m09:26:18.468663 [debug] [Thread-4 (]: Acquiring new bigquery connection 'model.dbt_learn_osas.my_second_dbt_model'
[0m09:26:18.470264 [debug] [Thread-4 (]: Began compiling node model.dbt_learn_osas.my_second_dbt_model
[0m09:26:18.481921 [debug] [Thread-4 (]: Writing injected SQL for node "model.dbt_learn_osas.my_second_dbt_model"
[0m09:26:18.484793 [debug] [Thread-4 (]: Began executing node model.dbt_learn_osas.my_second_dbt_model
[0m09:26:18.501858 [debug] [Thread-4 (]: Writing runtime sql for node "model.dbt_learn_osas.my_second_dbt_model"
[0m09:26:18.511711 [debug] [Thread-4 (]: On model.dbt_learn_osas.my_second_dbt_model: /* {"app": "dbt", "dbt_version": "1.11.2", "profile_name": "dbt_learn_osas", "target_name": "dev", "node_id": "model.dbt_learn_osas.my_second_dbt_model"} */


  create or replace view `my-dbt-project-486616`.`dbt_dataset`.`my_second_dbt_model`
  OPTIONS()
  as -- Use the `ref` function to select from other models

select *
from `my-dbt-project-486616`.`dbt_dataset`.`my_first_dbt_model`
where id = 1;


[0m09:26:18.516857 [debug] [Thread-4 (]: Opening a new connection, currently in state init
[0m09:26:19.097383 [debug] [Thread-3 (]: SQL status: OK in 2.000 seconds
[0m09:26:19.100209 [debug] [Thread-2 (]: SQL status: OK in 2.005 seconds
[0m09:26:19.607535 [debug] [Thread-2 (]: Sending event: {'category': 'dbt', 'action': 'run_model', 'label': 'fb1e4f0a-999f-4098-af89-191b96ca2c80', 'context': [<snowplow_tracker.self_describing_json.SelfDescribingJson object at 0x0000015C5F6F9730>]}
[0m09:26:19.620116 [debug] [Thread-3 (]: Sending event: {'category': 'dbt', 'action': 'run_model', 'label': 'fb1e4f0a-999f-4098-af89-191b96ca2c80', 'context': [<snowplow_tracker.self_describing_json.SelfDescribingJson object at 0x0000015C5ED65400>]}
[0m09:26:19.622653 [info ] [Thread-2 (]: 2 of 5 OK created sql table model dbt_dataset.stg_customers .................... [[32mCREATE TABLE (100.0 rows, 1.9 KiB processed)[0m in 9.47s]
[0m09:26:19.627861 [debug] [Thread-2 (]: Finished running node model.dbt_learn_osas.stg_customers
[0m09:26:19.622653 [info ] [Thread-3 (]: 3 of 5 OK created sql table model dbt_dataset.stg_orders ....................... [[32mCREATE TABLE (99.0 rows, 3.3 KiB processed)[0m in 9.48s]
[0m09:26:19.627861 [debug] [Thread-3 (]: Finished running node model.dbt_learn_osas.stg_orders
[0m09:26:19.633393 [debug] [Thread-1 (]: Began running node model.dbt_learn_osas.customer_orders
[0m09:26:19.636850 [info ] [Thread-1 (]: 5 of 5 START sql table model dbt_dataset.customer_orders ....................... [RUN]
[0m09:26:19.636850 [debug] [Thread-1 (]: Re-using an available connection from the pool (formerly model.dbt_learn_osas.my_first_dbt_model, now model.dbt_learn_osas.customer_orders)
[0m09:26:19.636850 [debug] [Thread-1 (]: Began compiling node model.dbt_learn_osas.customer_orders
[0m09:26:19.665949 [debug] [Thread-1 (]: Writing injected SQL for node "model.dbt_learn_osas.customer_orders"
[0m09:26:19.665949 [debug] [Thread-1 (]: Began executing node model.dbt_learn_osas.customer_orders
[0m09:26:19.692184 [debug] [Thread-1 (]: Opening a new connection, currently in state closed
[0m09:26:23.771311 [debug] [Thread-1 (]: Writing runtime sql for node "model.dbt_learn_osas.customer_orders"
[0m09:26:23.784456 [debug] [Thread-1 (]: On model.dbt_learn_osas.customer_orders: /* {"app": "dbt", "dbt_version": "1.11.2", "profile_name": "dbt_learn_osas", "target_name": "dev", "node_id": "model.dbt_learn_osas.customer_orders"} */

  
    

    create or replace table `my-dbt-project-486616`.`dbt_dataset`.`customer_orders`
      
    
    

    
    OPTIONS()
    as (
      with customers as (
 
    select * from `my-dbt-project-486616`.`dbt_dataset`.`stg_customers`
 
),
 
orders as (
 
    select * from `my-dbt-project-486616`.`dbt_dataset`.`stg_orders`
 
),
 
customer_orders as (
 
    select
        customer_id,
 
        min(order_date) as first_order_date,
        max(order_date) as most_recent_order_date,
        count(order_id) as number_of_orders
 
    from orders
 
    group by 1
 
),
 
final as (
 
    select
        customers.customer_id,
        customers.first_name,
        customers.last_name,
        customer_orders.first_order_date,
        customer_orders.most_recent_order_date,
        coalesce(customer_orders.number_of_orders, 0) as number_of_orders
 
    from customers
 
    left join customer_orders using (customer_id)
 
)
 
select * from final
    );
  
[0m09:26:24.494895 [debug] [Thread-1 (]: BigQuery adapter: https://console.cloud.google.com/bigquery?project=my-dbt-project-486616&j=bq:EU:2ff7cad4-ff2c-4cd4-b40c-aeebbd5d9a3f&page=queryresults
[0m09:26:26.666410 [debug] [Thread-1 (]: SQL status: OK in 2.167 seconds
[0m09:26:27.069969 [debug] [Thread-1 (]: Sending event: {'category': 'dbt', 'action': 'run_model', 'label': 'fb1e4f0a-999f-4098-af89-191b96ca2c80', 'context': [<snowplow_tracker.self_describing_json.SelfDescribingJson object at 0x0000015C5EDB8050>]}
[0m09:26:27.069969 [info ] [Thread-1 (]: 5 of 5 OK created sql table model dbt_dataset.customer_orders .................. [[32mCREATE TABLE (100.0 rows, 4.3 KiB processed)[0m in 7.43s]
[0m09:26:27.080139 [debug] [Thread-1 (]: Finished running node model.dbt_learn_osas.customer_orders
[0m09:26:29.806080 [debug] [Thread-4 (]: BigQuery adapter: https://console.cloud.google.com/bigquery?project=my-dbt-project-486616&j=bq:EU:ce44e673-bbf6-4148-957c-a5ca69c56d50&page=queryresults
[0m09:26:30.586286 [debug] [Thread-4 (]: SQL status: OK in 0.776 seconds
[0m09:26:30.594647 [debug] [Thread-4 (]: Sending event: {'category': 'dbt', 'action': 'run_model', 'label': 'fb1e4f0a-999f-4098-af89-191b96ca2c80', 'context': [<snowplow_tracker.self_describing_json.SelfDescribingJson object at 0x0000015C60E5C2F0>]}
[0m09:26:30.594647 [info ] [Thread-4 (]: 4 of 5 OK created sql view model dbt_dataset.my_second_dbt_model ............... [[32mCREATE VIEW (0 processed)[0m in 12.13s]
[0m09:26:30.594647 [debug] [Thread-4 (]: Finished running node model.dbt_learn_osas.my_second_dbt_model
[0m09:26:30.604949 [debug] [MainThread]: Opening a new connection, currently in state closed
[0m09:26:30.704063 [debug] [MainThread]: Connection 'master' was properly closed.
[0m09:26:30.704063 [debug] [MainThread]: Connection 'list_my-dbt-project-486616' was properly closed.
[0m09:26:30.704063 [debug] [MainThread]: Connection 'list_my-dbt-project-486616_dbt_dataset' was properly closed.
[0m09:26:30.709888 [debug] [MainThread]: Connection 'model.dbt_learn_osas.customer_orders' was properly closed.
[0m09:26:30.709888 [debug] [MainThread]: Connection 'model.dbt_learn_osas.stg_customers' was properly closed.
[0m09:26:30.713069 [debug] [MainThread]: Connection 'model.dbt_learn_osas.stg_orders' was properly closed.
[0m09:26:30.714593 [debug] [MainThread]: Connection 'model.dbt_learn_osas.my_second_dbt_model' was properly closed.
[0m09:26:30.716949 [info ] [MainThread]: 
[0m09:26:30.718119 [info ] [MainThread]: Finished running 3 table models, 2 view models in 0 hours 0 minutes and 31.97 seconds (31.97s).
[0m09:26:30.721479 [debug] [MainThread]: Command end result
[0m09:26:30.836478 [debug] [MainThread]: Wrote artifact WritableManifest to C:\Users\HP\data_engineering_mastery\dbt_process\dbt_learn_osas\target\manifest.json
[0m09:26:30.850197 [debug] [MainThread]: Wrote artifact SemanticManifest to C:\Users\HP\data_engineering_mastery\dbt_process\dbt_learn_osas\target\semantic_manifest.json
[0m09:26:30.853418 [debug] [MainThread]: Wrote artifact RunExecutionResult to C:\Users\HP\data_engineering_mastery\dbt_process\dbt_learn_osas\target\run_results.json
[0m09:26:30.866807 [info ] [MainThread]: 
[0m09:26:30.869932 [info ] [MainThread]: [32mCompleted successfully[0m
[0m09:26:30.871113 [info ] [MainThread]: 
[0m09:26:30.872717 [info ] [MainThread]: Done. PASS=5 WARN=0 ERROR=0 SKIP=0 NO-OP=0 TOTAL=5
[0m09:26:30.877258 [debug] [MainThread]: Command `dbt run` succeeded at 09:26:30.876206 after 90.67 seconds
[0m09:26:30.878905 [debug] [MainThread]: Sending event: {'category': 'dbt', 'action': 'invocation', 'label': 'end', 'context': [<snowplow_tracker.self_describing_json.SelfDescribingJson object at 0x0000015C4733D5E0>, <snowplow_tracker.self_describing_json.SelfDescribingJson object at 0x0000015C5EE9B230>, <snowplow_tracker.self_describing_json.SelfDescribingJson object at 0x0000015C5F6CD220>]}
[0m09:26:30.880901 [debug] [MainThread]: Flushing usage events
[0m09:26:41.220347 [debug] [MainThread]: An error was encountered while trying to flush usage events
[0m10:35:32.297744 [debug] [MainThread]: Sending event: {'category': 'dbt', 'action': 'invocation', 'label': 'start', 'context': [<snowplow_tracker.self_describing_json.SelfDescribingJson object at 0x0000020302D16000>, <snowplow_tracker.self_describing_json.SelfDescribingJson object at 0x0000020302D16D50>, <snowplow_tracker.self_describing_json.SelfDescribingJson object at 0x0000020302D169F0>]}


============================== 10:35:32.313765 | ab1a42e2-87c4-45b3-82ab-43d501954838 ==============================
[0m10:35:32.313765 [info ] [MainThread]: Running with dbt=1.11.2
[0m10:35:32.317156 [debug] [MainThread]: running dbt with arguments {'version_check': 'True', 'no_print': 'None', 'static_parser': 'True', 'warn_error_options': 'WarnErrorOptionsV2(error=[], warn=[], silence=[])', 'target_path': 'None', 'printer_width': '80', 'write_json': 'True', 'introspect': 'True', 'log_cache_events': 'False', 'empty': 'False', 'cache_selected_only': 'False', 'fail_fast': 'False', 'debug': 'False', 'log_format': 'default', 'partial_parse': 'True', 'send_anonymous_usage_stats': 'True', 'quiet': 'False', 'warn_error': 'None', 'profiles_dir': 'C:\\Users\\HP\\.dbt', 'invocation_command': 'dbt run --full-refresh', 'use_colors': 'True', 'indirect_selection': 'eager', 'use_experimental_parser': 'False', 'log_path': 'C:\\Users\\HP\\data_engineering_mastery\\dbt_process\\dbt_learn_osas\\logs'}
[0m10:36:17.021722 [debug] [MainThread]: Sending event: {'category': 'dbt', 'action': 'project_id', 'label': 'ab1a42e2-87c4-45b3-82ab-43d501954838', 'context': [<snowplow_tracker.self_describing_json.SelfDescribingJson object at 0x000002030010A390>]}
[0m10:36:17.352237 [debug] [MainThread]: Sending event: {'category': 'dbt', 'action': 'adapter_info', 'label': 'ab1a42e2-87c4-45b3-82ab-43d501954838', 'context': [<snowplow_tracker.self_describing_json.SelfDescribingJson object at 0x000002031A172A20>]}
[0m10:36:17.358632 [info ] [MainThread]: Registered adapter: bigquery=1.11.0
[0m10:36:19.568850 [debug] [MainThread]: checksum: 3d40d8bbe1bef07db1c24822f2dbfff8bc07f2a48ed4fe2658a40653aec0b54b, vars: {}, profile: , target: , version: 1.11.2
[0m10:36:20.097825 [debug] [MainThread]: Partial parsing enabled: 0 files deleted, 0 files added, 1 files changed.
[0m10:36:20.112398 [debug] [MainThread]: Partial parsing: updated file: dbt_learn_osas://models\jaffle_shop\customer_orders.sql
[0m10:36:20.706659 [debug] [MainThread]: Sending event: {'category': 'dbt', 'action': 'load_project', 'label': 'ab1a42e2-87c4-45b3-82ab-43d501954838', 'context': [<snowplow_tracker.self_describing_json.SelfDescribingJson object at 0x000002031AB45B20>]}
[0m10:36:20.870022 [debug] [MainThread]: Wrote artifact WritableManifest to C:\Users\HP\data_engineering_mastery\dbt_process\dbt_learn_osas\target\manifest.json
[0m10:36:20.877618 [debug] [MainThread]: Wrote artifact SemanticManifest to C:\Users\HP\data_engineering_mastery\dbt_process\dbt_learn_osas\target\semantic_manifest.json
[0m10:36:20.979843 [debug] [MainThread]: Sending event: {'category': 'dbt', 'action': 'resource_counts', 'label': 'ab1a42e2-87c4-45b3-82ab-43d501954838', 'context': [<snowplow_tracker.self_describing_json.SelfDescribingJson object at 0x000002031ACD46B0>]}
[0m10:36:20.982264 [info ] [MainThread]: Found 1 seed, 5 models, 4 data tests, 538 macros
[0m10:36:20.984260 [debug] [MainThread]: Sending event: {'category': 'dbt', 'action': 'runnable_timing', 'label': 'ab1a42e2-87c4-45b3-82ab-43d501954838', 'context': [<snowplow_tracker.self_describing_json.SelfDescribingJson object at 0x000002031A8FF1A0>]}
[0m10:36:20.986664 [info ] [MainThread]: 
[0m10:36:20.990003 [info ] [MainThread]: Concurrency: 4 threads (target='dev')
[0m10:36:20.992515 [info ] [MainThread]: 
[0m10:36:20.995759 [debug] [MainThread]: Acquiring new bigquery connection 'master'
[0m10:36:21.014553 [debug] [ThreadPool]: Acquiring new bigquery connection 'list_my-dbt-project-486616'
[0m10:36:21.017431 [debug] [ThreadPool]: Opening a new connection, currently in state init
[0m10:36:24.970885 [debug] [ThreadPool]: Acquiring new bigquery connection 'list_my-dbt-project-486616_dbt_dataset'
[0m10:36:24.973025 [debug] [ThreadPool]: Opening a new connection, currently in state init
[0m10:36:28.245625 [debug] [MainThread]: Sending event: {'category': 'dbt', 'action': 'runnable_timing', 'label': 'ab1a42e2-87c4-45b3-82ab-43d501954838', 'context': [<snowplow_tracker.self_describing_json.SelfDescribingJson object at 0x000002031AC6EEA0>]}
[0m10:36:28.248426 [debug] [MainThread]: Opening a new connection, currently in state init
[0m10:36:28.331103 [debug] [Thread-1 (]: Began running node model.dbt_learn_osas.my_first_dbt_model
[0m10:36:28.332100 [debug] [Thread-2 (]: Began running node model.dbt_learn_osas.stg_customers
[0m10:36:28.334103 [debug] [Thread-3 (]: Began running node model.dbt_learn_osas.stg_orders
[0m10:36:28.335103 [info ] [Thread-1 (]: 1 of 5 START sql view model dbt_dataset.my_first_dbt_model ..................... [RUN]
[0m10:36:28.338050 [info ] [Thread-2 (]: 2 of 5 START sql table model dbt_dataset.stg_customers ......................... [RUN]
[0m10:36:28.340998 [info ] [Thread-3 (]: 3 of 5 START sql table model dbt_dataset.stg_orders ............................ [RUN]
[0m10:36:28.344605 [debug] [Thread-1 (]: Acquiring new bigquery connection 'model.dbt_learn_osas.my_first_dbt_model'
[0m10:36:28.347441 [debug] [Thread-2 (]: Acquiring new bigquery connection 'model.dbt_learn_osas.stg_customers'
[0m10:36:28.349802 [debug] [Thread-3 (]: Acquiring new bigquery connection 'model.dbt_learn_osas.stg_orders'
[0m10:36:28.351990 [debug] [Thread-1 (]: Began compiling node model.dbt_learn_osas.my_first_dbt_model
[0m10:36:28.354049 [debug] [Thread-2 (]: Began compiling node model.dbt_learn_osas.stg_customers
[0m10:36:28.356016 [debug] [Thread-3 (]: Began compiling node model.dbt_learn_osas.stg_orders
[0m10:36:28.380724 [debug] [Thread-1 (]: Writing injected SQL for node "model.dbt_learn_osas.my_first_dbt_model"
[0m10:36:28.380724 [debug] [Thread-2 (]: Writing injected SQL for node "model.dbt_learn_osas.stg_customers"
[0m10:36:28.396921 [debug] [Thread-3 (]: Writing injected SQL for node "model.dbt_learn_osas.stg_orders"
[0m10:36:28.400445 [debug] [Thread-1 (]: Began executing node model.dbt_learn_osas.my_first_dbt_model
[0m10:36:28.462357 [debug] [Thread-1 (]: Writing runtime sql for node "model.dbt_learn_osas.my_first_dbt_model"
[0m10:36:28.469448 [debug] [Thread-2 (]: Began executing node model.dbt_learn_osas.stg_customers
[0m10:36:28.471211 [debug] [Thread-3 (]: Began executing node model.dbt_learn_osas.stg_orders
[0m10:36:28.494563 [debug] [Thread-2 (]: Opening a new connection, currently in state init
[0m10:36:28.508252 [debug] [Thread-3 (]: Opening a new connection, currently in state init
[0m10:36:28.514270 [debug] [Thread-1 (]: On model.dbt_learn_osas.my_first_dbt_model: /* {"app": "dbt", "dbt_version": "1.11.2", "profile_name": "dbt_learn_osas", "target_name": "dev", "node_id": "model.dbt_learn_osas.my_first_dbt_model"} */


  create or replace view `my-dbt-project-486616`.`dbt_dataset`.`my_first_dbt_model`
  OPTIONS()
  as /*
    Welcome to your first dbt model!
    Did you know that you can also configure models directly within SQL files?
    This will override configurations stated in dbt_project.yml

    Try changing "table" to "view" below
*/



with source_data as (

    select 1 as id
    union all
    select null as id

)

select *
from source_data

/*
    Uncomment the line below to remove records with null `id` values
*/

-- where id is not null;


[0m10:36:28.655026 [debug] [Thread-1 (]: Opening a new connection, currently in state init
[0m10:36:33.251028 [debug] [Thread-1 (]: BigQuery adapter: https://console.cloud.google.com/bigquery?project=my-dbt-project-486616&j=bq:EU:768a376b-b6db-48bb-90c2-2c066b35e344&page=queryresults
[0m10:36:33.306063 [debug] [Thread-3 (]: Writing runtime sql for node "model.dbt_learn_osas.stg_orders"
[0m10:36:33.319801 [debug] [Thread-3 (]: On model.dbt_learn_osas.stg_orders: /* {"app": "dbt", "dbt_version": "1.11.2", "profile_name": "dbt_learn_osas", "target_name": "dev", "node_id": "model.dbt_learn_osas.stg_orders"} */

  
    

    create or replace table `my-dbt-project-486616`.`dbt_dataset`.`stg_orders`
      
    
    

    
    OPTIONS()
    as (
      select
        id as order_id,
        user_id as customer_id,
        order_date,
        status

    from my-dbt-project-486616.dbt_dataset.orders
    );
  
[0m10:36:34.060470 [debug] [Thread-3 (]: BigQuery adapter: https://console.cloud.google.com/bigquery?project=my-dbt-project-486616&j=bq:EU:31f63cfa-a468-4566-bdcb-3988b62c2b7f&page=queryresults
[0m10:36:34.129751 [debug] [Thread-1 (]: SQL status: OK in 0.814 seconds
[0m10:36:34.589322 [debug] [Thread-1 (]: Sending event: {'category': 'dbt', 'action': 'run_model', 'label': 'ab1a42e2-87c4-45b3-82ab-43d501954838', 'context': [<snowplow_tracker.self_describing_json.SelfDescribingJson object at 0x00000203144AA570>]}
[0m10:36:34.589322 [info ] [Thread-1 (]: 1 of 5 OK created sql view model dbt_dataset.my_first_dbt_model ................ [[32mCREATE VIEW (0 processed)[0m in 6.24s]
[0m10:36:34.592834 [debug] [Thread-1 (]: Finished running node model.dbt_learn_osas.my_first_dbt_model
[0m10:36:34.595270 [debug] [Thread-4 (]: Began running node model.dbt_learn_osas.my_second_dbt_model
[0m10:36:34.597833 [info ] [Thread-4 (]: 4 of 5 START sql view model dbt_dataset.my_second_dbt_model .................... [RUN]
[0m10:36:34.600944 [debug] [Thread-4 (]: Acquiring new bigquery connection 'model.dbt_learn_osas.my_second_dbt_model'
[0m10:36:34.603235 [debug] [Thread-4 (]: Began compiling node model.dbt_learn_osas.my_second_dbt_model
[0m10:36:34.608356 [debug] [Thread-4 (]: Writing injected SQL for node "model.dbt_learn_osas.my_second_dbt_model"
[0m10:36:34.615064 [debug] [Thread-4 (]: Began executing node model.dbt_learn_osas.my_second_dbt_model
[0m10:36:34.634779 [debug] [Thread-4 (]: Writing runtime sql for node "model.dbt_learn_osas.my_second_dbt_model"
[0m10:36:34.637438 [debug] [Thread-4 (]: On model.dbt_learn_osas.my_second_dbt_model: /* {"app": "dbt", "dbt_version": "1.11.2", "profile_name": "dbt_learn_osas", "target_name": "dev", "node_id": "model.dbt_learn_osas.my_second_dbt_model"} */


  create or replace view `my-dbt-project-486616`.`dbt_dataset`.`my_second_dbt_model`
  OPTIONS()
  as -- Use the `ref` function to select from other models

select *
from `my-dbt-project-486616`.`dbt_dataset`.`my_first_dbt_model`
where id = 1;


[0m10:36:34.639291 [debug] [Thread-4 (]: Opening a new connection, currently in state init
[0m10:36:36.028223 [debug] [Thread-3 (]: SQL status: OK in 1.965 seconds
[0m10:36:36.491018 [debug] [Thread-3 (]: Sending event: {'category': 'dbt', 'action': 'run_model', 'label': 'ab1a42e2-87c4-45b3-82ab-43d501954838', 'context': [<snowplow_tracker.self_describing_json.SelfDescribingJson object at 0x000002031C4182C0>]}
[0m10:36:36.491018 [info ] [Thread-3 (]: 3 of 5 OK created sql table model dbt_dataset.stg_orders ....................... [[32mCREATE TABLE (99.0 rows, 3.3 KiB processed)[0m in 8.14s]
[0m10:36:36.499564 [debug] [Thread-3 (]: Finished running node model.dbt_learn_osas.stg_orders
[0m10:36:38.233027 [debug] [Thread-4 (]: BigQuery adapter: https://console.cloud.google.com/bigquery?project=my-dbt-project-486616&j=bq:EU:2e15c30b-fa8e-40bd-8657-70224eaa1896&page=queryresults
[0m10:36:39.175730 [debug] [Thread-4 (]: SQL status: OK in 0.940 seconds
[0m10:36:39.180172 [debug] [Thread-4 (]: Sending event: {'category': 'dbt', 'action': 'run_model', 'label': 'ab1a42e2-87c4-45b3-82ab-43d501954838', 'context': [<snowplow_tracker.self_describing_json.SelfDescribingJson object at 0x000002031AE41BE0>]}
[0m10:36:39.180172 [info ] [Thread-4 (]: 4 of 5 OK created sql view model dbt_dataset.my_second_dbt_model ............... [[32mCREATE VIEW (0 processed)[0m in 4.58s]
[0m10:36:39.190991 [debug] [Thread-4 (]: Finished running node model.dbt_learn_osas.my_second_dbt_model
[0m10:36:46.152236 [debug] [Thread-2 (]: Writing runtime sql for node "model.dbt_learn_osas.stg_customers"
[0m10:36:46.152236 [debug] [Thread-2 (]: On model.dbt_learn_osas.stg_customers: /* {"app": "dbt", "dbt_version": "1.11.2", "profile_name": "dbt_learn_osas", "target_name": "dev", "node_id": "model.dbt_learn_osas.stg_customers"} */

  
    

    create or replace table `my-dbt-project-486616`.`dbt_dataset`.`stg_customers`
      
    
    

    
    OPTIONS()
    as (
      select
        id as customer_id,
        first_name,
        last_name

    from my-dbt-project-486616.dbt_dataset.customers
    );
  
[0m10:36:46.901816 [debug] [Thread-2 (]: BigQuery adapter: https://console.cloud.google.com/bigquery?project=my-dbt-project-486616&j=bq:EU:8e86098c-47ed-474e-b947-d7aaa7ec8b57&page=queryresults
[0m10:36:54.809948 [debug] [Thread-2 (]: SQL status: OK in 7.906 seconds
[0m10:36:55.275701 [debug] [Thread-2 (]: Sending event: {'category': 'dbt', 'action': 'run_model', 'label': 'ab1a42e2-87c4-45b3-82ab-43d501954838', 'context': [<snowplow_tracker.self_describing_json.SelfDescribingJson object at 0x000002031AE27260>]}
[0m10:36:55.275701 [info ] [Thread-2 (]: 2 of 5 OK created sql table model dbt_dataset.stg_customers .................... [[32mCREATE TABLE (100.0 rows, 1.9 KiB processed)[0m in 26.93s]
[0m10:36:55.283150 [debug] [Thread-2 (]: Finished running node model.dbt_learn_osas.stg_customers
[0m10:36:55.285666 [debug] [Thread-1 (]: Began running node model.dbt_learn_osas.customer_orders
[0m10:36:55.287792 [info ] [Thread-1 (]: 5 of 5 START sql view model dbt_dataset.customer_orders ........................ [RUN]
[0m10:36:55.290563 [debug] [Thread-1 (]: Re-using an available connection from the pool (formerly model.dbt_learn_osas.my_first_dbt_model, now model.dbt_learn_osas.customer_orders)
[0m10:36:55.293280 [debug] [Thread-1 (]: Began compiling node model.dbt_learn_osas.customer_orders
[0m10:36:55.309888 [debug] [Thread-1 (]: Writing injected SQL for node "model.dbt_learn_osas.customer_orders"
[0m10:36:55.318986 [debug] [Thread-1 (]: Began executing node model.dbt_learn_osas.customer_orders
[0m10:36:55.329688 [debug] [Thread-1 (]: Opening a new connection, currently in state closed
[0m10:37:02.016081 [debug] [Thread-1 (]: Writing runtime sql for node "model.dbt_learn_osas.customer_orders"
[0m10:37:02.019780 [debug] [Thread-1 (]: On model.dbt_learn_osas.customer_orders: /* {"app": "dbt", "dbt_version": "1.11.2", "profile_name": "dbt_learn_osas", "target_name": "dev", "node_id": "model.dbt_learn_osas.customer_orders"} */


  create or replace view `my-dbt-project-486616`.`dbt_dataset`.`customer_orders`
  OPTIONS()
  as 

with customers as (
 
    select * from `my-dbt-project-486616`.`dbt_dataset`.`stg_customers`
 
),
 
orders as (
 
    select * from `my-dbt-project-486616`.`dbt_dataset`.`stg_orders`
 
),
 
customer_orders as (
 
    select
        customer_id,
 
        min(order_date) as first_order_date,
        max(order_date) as most_recent_order_date,
        count(order_id) as number_of_orders
 
    from orders
 
    group by 1
 
),
 
final as (
 
    select
        customers.customer_id,
        customers.first_name,
        customers.last_name,
        customer_orders.first_order_date,
        customer_orders.most_recent_order_date,
        coalesce(customer_orders.number_of_orders, 0) as number_of_orders
 
    from customers
 
    left join customer_orders using (customer_id)
 
)
 
select * from final;


[0m10:37:02.844216 [debug] [Thread-1 (]: BigQuery adapter: https://console.cloud.google.com/bigquery?project=my-dbt-project-486616&j=bq:EU:f8dea20b-5320-4c32-81df-3a2de09489f0&page=queryresults
[0m10:37:03.663233 [debug] [Thread-1 (]: SQL status: OK in 0.818 seconds
[0m10:37:03.673650 [debug] [Thread-1 (]: Sending event: {'category': 'dbt', 'action': 'run_model', 'label': 'ab1a42e2-87c4-45b3-82ab-43d501954838', 'context': [<snowplow_tracker.self_describing_json.SelfDescribingJson object at 0x000002031A68ACF0>]}
[0m10:37:03.673650 [info ] [Thread-1 (]: 5 of 5 OK created sql view model dbt_dataset.customer_orders ................... [[32mCREATE VIEW (0 processed)[0m in 8.38s]
[0m10:37:03.679727 [debug] [Thread-1 (]: Finished running node model.dbt_learn_osas.customer_orders
[0m10:37:03.683915 [debug] [MainThread]: Opening a new connection, currently in state closed
[0m10:37:03.762480 [debug] [MainThread]: Connection 'master' was properly closed.
[0m10:37:03.762480 [debug] [MainThread]: Connection 'list_my-dbt-project-486616' was properly closed.
[0m10:37:03.762480 [debug] [MainThread]: Connection 'list_my-dbt-project-486616_dbt_dataset' was properly closed.
[0m10:37:03.767712 [debug] [MainThread]: Connection 'model.dbt_learn_osas.customer_orders' was properly closed.
[0m10:37:03.769460 [debug] [MainThread]: Connection 'model.dbt_learn_osas.stg_customers' was properly closed.
[0m10:37:03.770465 [debug] [MainThread]: Connection 'model.dbt_learn_osas.stg_orders' was properly closed.
[0m10:37:03.775220 [debug] [MainThread]: Connection 'model.dbt_learn_osas.my_second_dbt_model' was properly closed.
[0m10:37:03.778449 [info ] [MainThread]: 
[0m10:37:03.781476 [info ] [MainThread]: Finished running 2 table models, 3 view models in 0 hours 0 minutes and 42.78 seconds (42.78s).
[0m10:37:03.784051 [debug] [MainThread]: Command end result
[0m10:37:03.853616 [debug] [MainThread]: Wrote artifact WritableManifest to C:\Users\HP\data_engineering_mastery\dbt_process\dbt_learn_osas\target\manifest.json
[0m10:37:03.861827 [debug] [MainThread]: Wrote artifact SemanticManifest to C:\Users\HP\data_engineering_mastery\dbt_process\dbt_learn_osas\target\semantic_manifest.json
[0m10:37:03.874998 [debug] [MainThread]: Wrote artifact RunExecutionResult to C:\Users\HP\data_engineering_mastery\dbt_process\dbt_learn_osas\target\run_results.json
[0m10:37:03.875998 [info ] [MainThread]: 
[0m10:37:03.878240 [info ] [MainThread]: [32mCompleted successfully[0m
[0m10:37:03.879856 [info ] [MainThread]: 
[0m10:37:03.881853 [info ] [MainThread]: Done. PASS=5 WARN=0 ERROR=0 SKIP=0 NO-OP=0 TOTAL=5
[0m10:37:03.885791 [debug] [MainThread]: Command `dbt run` succeeded at 10:37:03.884786 after 91.92 seconds
[0m10:37:03.887452 [debug] [MainThread]: Sending event: {'category': 'dbt', 'action': 'invocation', 'label': 'end', 'context': [<snowplow_tracker.self_describing_json.SelfDescribingJson object at 0x0000020303508DA0>, <snowplow_tracker.self_describing_json.SelfDescribingJson object at 0x000002031AB1CBF0>, <snowplow_tracker.self_describing_json.SelfDescribingJson object at 0x000002031A5939B0>]}
[0m10:37:03.889782 [debug] [MainThread]: Flushing usage events
[0m10:37:06.835964 [debug] [MainThread]: An error was encountered while trying to flush usage events
[0m10:47:11.024183 [debug] [MainThread]: Sending event: {'category': 'dbt', 'action': 'invocation', 'label': 'start', 'context': [<snowplow_tracker.self_describing_json.SelfDescribingJson object at 0x000001D1F22CFAD0>, <snowplow_tracker.self_describing_json.SelfDescribingJson object at 0x000001D1F22CFE30>, <snowplow_tracker.self_describing_json.SelfDescribingJson object at 0x000001D1F22CFD70>]}


============================== 10:47:11.037807 | 0344eafd-6750-447c-bee2-f97af7fa4b4b ==============================
[0m10:47:11.037807 [info ] [MainThread]: Running with dbt=1.11.2
[0m10:47:11.042566 [debug] [MainThread]: running dbt with arguments {'static_parser': 'True', 'no_print': 'None', 'version_check': 'True', 'target_path': 'None', 'warn_error_options': 'WarnErrorOptionsV2(error=[], warn=[], silence=[])', 'printer_width': '80', 'write_json': 'True', 'empty': 'False', 'log_cache_events': 'False', 'introspect': 'True', 'cache_selected_only': 'False', 'log_format': 'default', 'debug': 'False', 'fail_fast': 'False', 'partial_parse': 'True', 'send_anonymous_usage_stats': 'True', 'quiet': 'False', 'warn_error': 'None', 'profiles_dir': 'C:\\Users\\HP\\.dbt', 'invocation_command': 'dbt run --full-refresh', 'use_colors': 'True', 'indirect_selection': 'eager', 'use_experimental_parser': 'False', 'log_path': 'C:\\Users\\HP\\data_engineering_mastery\\dbt_process\\dbt_learn_osas\\logs'}
[0m10:48:23.551967 [debug] [MainThread]: Sending event: {'category': 'dbt', 'action': 'project_id', 'label': '0344eafd-6750-447c-bee2-f97af7fa4b4b', 'context': [<snowplow_tracker.self_describing_json.SelfDescribingJson object at 0x000001D189A68E30>]}
[0m10:48:24.145972 [debug] [MainThread]: Sending event: {'category': 'dbt', 'action': 'adapter_info', 'label': '0344eafd-6750-447c-bee2-f97af7fa4b4b', 'context': [<snowplow_tracker.self_describing_json.SelfDescribingJson object at 0x000001D183BD6660>]}
[0m10:48:24.149357 [info ] [MainThread]: Registered adapter: bigquery=1.11.0
[0m10:48:28.718747 [debug] [MainThread]: checksum: 3d40d8bbe1bef07db1c24822f2dbfff8bc07f2a48ed4fe2658a40653aec0b54b, vars: {}, profile: , target: , version: 1.11.2
[0m10:48:29.410348 [debug] [MainThread]: Partial parsing enabled: 0 files deleted, 0 files added, 1 files changed.
[0m10:48:29.411740 [debug] [MainThread]: Partial parsing: updated file: dbt_learn_osas://models\jaffle_shop\customer_orders.sql
[0m10:48:31.293155 [debug] [MainThread]: Sending event: {'category': 'dbt', 'action': 'load_project', 'label': '0344eafd-6750-447c-bee2-f97af7fa4b4b', 'context': [<snowplow_tracker.self_describing_json.SelfDescribingJson object at 0x000001D18A497F50>]}
[0m10:48:31.709393 [debug] [MainThread]: Wrote artifact WritableManifest to C:\Users\HP\data_engineering_mastery\dbt_process\dbt_learn_osas\target\manifest.json
[0m10:48:31.719259 [debug] [MainThread]: Wrote artifact SemanticManifest to C:\Users\HP\data_engineering_mastery\dbt_process\dbt_learn_osas\target\semantic_manifest.json
[0m10:48:31.842651 [debug] [MainThread]: Sending event: {'category': 'dbt', 'action': 'resource_counts', 'label': '0344eafd-6750-447c-bee2-f97af7fa4b4b', 'context': [<snowplow_tracker.self_describing_json.SelfDescribingJson object at 0x000001D18A45CB90>]}
[0m10:48:31.845533 [info ] [MainThread]: Found 1 seed, 5 models, 4 data tests, 538 macros
[0m10:48:31.846541 [debug] [MainThread]: Sending event: {'category': 'dbt', 'action': 'runnable_timing', 'label': '0344eafd-6750-447c-bee2-f97af7fa4b4b', 'context': [<snowplow_tracker.self_describing_json.SelfDescribingJson object at 0x000001D1F2B1D640>]}
[0m10:48:31.855084 [info ] [MainThread]: 
[0m10:48:31.859115 [info ] [MainThread]: Concurrency: 4 threads (target='dev')
[0m10:48:31.867228 [info ] [MainThread]: 
[0m10:48:31.914512 [debug] [MainThread]: Acquiring new bigquery connection 'master'
[0m10:48:32.027543 [debug] [ThreadPool]: Acquiring new bigquery connection 'list_my-dbt-project-486616'
[0m10:48:32.030605 [debug] [ThreadPool]: Opening a new connection, currently in state init
[0m10:48:42.342685 [debug] [ThreadPool]: Acquiring new bigquery connection 'list_my-dbt-project-486616_dbt_dataset'
[0m10:48:42.345697 [debug] [ThreadPool]: Opening a new connection, currently in state init
[0m10:48:46.966879 [debug] [MainThread]: Sending event: {'category': 'dbt', 'action': 'runnable_timing', 'label': '0344eafd-6750-447c-bee2-f97af7fa4b4b', 'context': [<snowplow_tracker.self_describing_json.SelfDescribingJson object at 0x000001D189D2F710>]}
[0m10:48:46.967865 [debug] [MainThread]: Opening a new connection, currently in state init
[0m10:48:47.109145 [debug] [Thread-1 (]: Began running node model.dbt_learn_osas.my_first_dbt_model
[0m10:48:47.118526 [debug] [Thread-3 (]: Began running node model.dbt_learn_osas.stg_orders
[0m10:48:47.119527 [debug] [Thread-2 (]: Began running node model.dbt_learn_osas.stg_customers
[0m10:48:47.119527 [info ] [Thread-1 (]: 1 of 5 START sql view model dbt_dataset.my_first_dbt_model ..................... [RUN]
[0m10:48:47.124790 [info ] [Thread-3 (]: 3 of 5 START sql table model dbt_dataset.stg_orders ............................ [RUN]
[0m10:48:47.126888 [info ] [Thread-2 (]: 2 of 5 START sql table model dbt_dataset.stg_customers ......................... [RUN]
[0m10:48:47.126888 [debug] [Thread-1 (]: Acquiring new bigquery connection 'model.dbt_learn_osas.my_first_dbt_model'
[0m10:48:47.136161 [debug] [Thread-3 (]: Acquiring new bigquery connection 'model.dbt_learn_osas.stg_orders'
[0m10:48:47.138379 [debug] [Thread-2 (]: Acquiring new bigquery connection 'model.dbt_learn_osas.stg_customers'
[0m10:48:47.143041 [debug] [Thread-1 (]: Began compiling node model.dbt_learn_osas.my_first_dbt_model
[0m10:48:47.145230 [debug] [Thread-3 (]: Began compiling node model.dbt_learn_osas.stg_orders
[0m10:48:47.148477 [debug] [Thread-2 (]: Began compiling node model.dbt_learn_osas.stg_customers
[0m10:48:47.200771 [debug] [Thread-3 (]: Writing injected SQL for node "model.dbt_learn_osas.stg_orders"
[0m10:48:47.207478 [debug] [Thread-1 (]: Writing injected SQL for node "model.dbt_learn_osas.my_first_dbt_model"
[0m10:48:47.221571 [debug] [Thread-2 (]: Writing injected SQL for node "model.dbt_learn_osas.stg_customers"
[0m10:48:47.231387 [debug] [Thread-3 (]: Began executing node model.dbt_learn_osas.stg_orders
[0m10:48:47.271558 [debug] [Thread-1 (]: Began executing node model.dbt_learn_osas.my_first_dbt_model
[0m10:48:47.307757 [debug] [Thread-3 (]: Opening a new connection, currently in state init
[0m10:48:47.334910 [debug] [Thread-2 (]: Began executing node model.dbt_learn_osas.stg_customers
[0m10:48:47.387161 [debug] [Thread-1 (]: Writing runtime sql for node "model.dbt_learn_osas.my_first_dbt_model"
[0m10:48:47.492894 [debug] [Thread-2 (]: Opening a new connection, currently in state init
[0m10:48:47.639846 [debug] [Thread-1 (]: On model.dbt_learn_osas.my_first_dbt_model: /* {"app": "dbt", "dbt_version": "1.11.2", "profile_name": "dbt_learn_osas", "target_name": "dev", "node_id": "model.dbt_learn_osas.my_first_dbt_model"} */


  create or replace view `my-dbt-project-486616`.`dbt_dataset`.`my_first_dbt_model`
  OPTIONS()
  as /*
    Welcome to your first dbt model!
    Did you know that you can also configure models directly within SQL files?
    This will override configurations stated in dbt_project.yml

    Try changing "table" to "view" below
*/



with source_data as (

    select 1 as id
    union all
    select null as id

)

select *
from source_data

/*
    Uncomment the line below to remove records with null `id` values
*/

-- where id is not null;


[0m10:48:47.657906 [debug] [Thread-1 (]: Opening a new connection, currently in state init
[0m10:48:52.865498 [debug] [Thread-2 (]: Writing runtime sql for node "model.dbt_learn_osas.stg_customers"
[0m10:48:52.865498 [debug] [Thread-2 (]: On model.dbt_learn_osas.stg_customers: /* {"app": "dbt", "dbt_version": "1.11.2", "profile_name": "dbt_learn_osas", "target_name": "dev", "node_id": "model.dbt_learn_osas.stg_customers"} */

  
    

    create or replace table `my-dbt-project-486616`.`dbt_dataset`.`stg_customers`
      
    
    

    
    OPTIONS()
    as (
      select
        id as customer_id,
        first_name,
        last_name

    from my-dbt-project-486616.dbt_dataset.customers
    );
  
[0m10:48:52.890781 [debug] [Thread-3 (]: Writing runtime sql for node "model.dbt_learn_osas.stg_orders"
[0m10:48:52.890781 [debug] [Thread-3 (]: On model.dbt_learn_osas.stg_orders: /* {"app": "dbt", "dbt_version": "1.11.2", "profile_name": "dbt_learn_osas", "target_name": "dev", "node_id": "model.dbt_learn_osas.stg_orders"} */

  
    

    create or replace table `my-dbt-project-486616`.`dbt_dataset`.`stg_orders`
      
    
    

    
    OPTIONS()
    as (
      select
        id as order_id,
        user_id as customer_id,
        order_date,
        status

    from my-dbt-project-486616.dbt_dataset.orders
    );
  
[0m10:48:53.542011 [debug] [Thread-1 (]: BigQuery adapter: https://console.cloud.google.com/bigquery?project=my-dbt-project-486616&j=bq:EU:67837a7c-3be6-42e8-8b72-052bf4f019cf&page=queryresults
[0m10:48:53.627256 [debug] [Thread-2 (]: BigQuery adapter: https://console.cloud.google.com/bigquery?project=my-dbt-project-486616&j=bq:EU:a67592a9-7af2-4856-b7f4-f62342e7d6cd&page=queryresults
[0m10:48:53.776879 [debug] [Thread-3 (]: BigQuery adapter: https://console.cloud.google.com/bigquery?project=my-dbt-project-486616&j=bq:EU:6c9344b0-2e3f-492c-a690-f758c03ec6ac&page=queryresults
[0m10:48:54.719741 [debug] [Thread-1 (]: SQL status: OK in 1.173 seconds
[0m10:48:55.296053 [debug] [Thread-1 (]: Sending event: {'category': 'dbt', 'action': 'run_model', 'label': '0344eafd-6750-447c-bee2-f97af7fa4b4b', 'context': [<snowplow_tracker.self_describing_json.SelfDescribingJson object at 0x000001D183B0A390>]}
[0m10:48:55.299022 [info ] [Thread-1 (]: 1 of 5 OK created sql view model dbt_dataset.my_first_dbt_model ................ [[32mCREATE VIEW (0 processed)[0m in 8.15s]
[0m10:48:55.301263 [debug] [Thread-1 (]: Finished running node model.dbt_learn_osas.my_first_dbt_model
[0m10:48:55.301263 [debug] [Thread-4 (]: Began running node model.dbt_learn_osas.my_second_dbt_model
[0m10:48:55.301263 [info ] [Thread-4 (]: 4 of 5 START sql view model dbt_dataset.my_second_dbt_model .................... [RUN]
[0m10:48:55.301263 [debug] [Thread-4 (]: Acquiring new bigquery connection 'model.dbt_learn_osas.my_second_dbt_model'
[0m10:48:55.319247 [debug] [Thread-4 (]: Began compiling node model.dbt_learn_osas.my_second_dbt_model
[0m10:48:55.338498 [debug] [Thread-4 (]: Writing injected SQL for node "model.dbt_learn_osas.my_second_dbt_model"
[0m10:48:55.347219 [debug] [Thread-4 (]: Began executing node model.dbt_learn_osas.my_second_dbt_model
[0m10:48:55.356962 [debug] [Thread-4 (]: Writing runtime sql for node "model.dbt_learn_osas.my_second_dbt_model"
[0m10:48:55.370781 [debug] [Thread-4 (]: On model.dbt_learn_osas.my_second_dbt_model: /* {"app": "dbt", "dbt_version": "1.11.2", "profile_name": "dbt_learn_osas", "target_name": "dev", "node_id": "model.dbt_learn_osas.my_second_dbt_model"} */


  create or replace view `my-dbt-project-486616`.`dbt_dataset`.`my_second_dbt_model`
  OPTIONS()
  as -- Use the `ref` function to select from other models

select *
from `my-dbt-project-486616`.`dbt_dataset`.`my_first_dbt_model`
where id = 1;


[0m10:48:55.372781 [debug] [Thread-4 (]: Opening a new connection, currently in state init
[0m10:48:55.508141 [debug] [Thread-2 (]: SQL status: OK in 1.877 seconds
[0m10:48:55.956684 [debug] [Thread-2 (]: Sending event: {'category': 'dbt', 'action': 'run_model', 'label': '0344eafd-6750-447c-bee2-f97af7fa4b4b', 'context': [<snowplow_tracker.self_describing_json.SelfDescribingJson object at 0x000001D18A593290>]}
[0m10:48:55.956684 [info ] [Thread-2 (]: 2 of 5 OK created sql table model dbt_dataset.stg_customers .................... [[32mCREATE TABLE (100.0 rows, 1.9 KiB processed)[0m in 8.82s]
[0m10:48:55.971915 [debug] [Thread-2 (]: Finished running node model.dbt_learn_osas.stg_customers
[0m10:48:59.533730 [debug] [Thread-4 (]: BigQuery adapter: https://console.cloud.google.com/bigquery?project=my-dbt-project-486616&j=bq:EU:8ab553bd-b494-4ed8-9d21-5b7a113e4e9d&page=queryresults
[0m10:49:00.352821 [debug] [Thread-4 (]: SQL status: OK in 0.814 seconds
[0m10:49:00.357787 [debug] [Thread-4 (]: Sending event: {'category': 'dbt', 'action': 'run_model', 'label': '0344eafd-6750-447c-bee2-f97af7fa4b4b', 'context': [<snowplow_tracker.self_describing_json.SelfDescribingJson object at 0x000001D18BBFDA00>]}
[0m10:49:00.376113 [info ] [Thread-4 (]: 4 of 5 OK created sql view model dbt_dataset.my_second_dbt_model ............... [[32mCREATE VIEW (0 processed)[0m in 5.06s]
[0m10:49:00.376113 [debug] [Thread-4 (]: Finished running node model.dbt_learn_osas.my_second_dbt_model
[0m10:49:05.023305 [debug] [Thread-3 (]: SQL status: OK in 11.254 seconds
[0m10:49:05.471840 [debug] [Thread-3 (]: Sending event: {'category': 'dbt', 'action': 'run_model', 'label': '0344eafd-6750-447c-bee2-f97af7fa4b4b', 'context': [<snowplow_tracker.self_describing_json.SelfDescribingJson object at 0x000001D18A5AE660>]}
[0m10:49:05.490158 [info ] [Thread-3 (]: 3 of 5 OK created sql table model dbt_dataset.stg_orders ....................... [[32mCREATE TABLE (99.0 rows, 3.3 KiB processed)[0m in 18.34s]
[0m10:49:05.490158 [debug] [Thread-3 (]: Finished running node model.dbt_learn_osas.stg_orders
[0m10:49:05.499972 [debug] [Thread-1 (]: Began running node model.dbt_learn_osas.customer_orders
[0m10:49:05.499972 [info ] [Thread-1 (]: 5 of 5 START sql view model dbt_dataset.customer_orders ........................ [RUN]
[0m10:49:05.507453 [debug] [Thread-1 (]: Re-using an available connection from the pool (formerly model.dbt_learn_osas.my_first_dbt_model, now model.dbt_learn_osas.customer_orders)
[0m10:49:05.508474 [debug] [Thread-1 (]: Began compiling node model.dbt_learn_osas.customer_orders
[0m10:49:05.532499 [debug] [Thread-1 (]: Writing injected SQL for node "model.dbt_learn_osas.customer_orders"
[0m10:49:05.542082 [debug] [Thread-1 (]: Began executing node model.dbt_learn_osas.customer_orders
[0m10:49:05.564171 [debug] [Thread-1 (]: Writing runtime sql for node "model.dbt_learn_osas.customer_orders"
[0m10:49:05.572404 [debug] [Thread-1 (]: On model.dbt_learn_osas.customer_orders: /* {"app": "dbt", "dbt_version": "1.11.2", "profile_name": "dbt_learn_osas", "target_name": "dev", "node_id": "model.dbt_learn_osas.customer_orders"} */


  create or replace view `my-dbt-project-486616`.`dbt_dataset`.`customer_orders`
  OPTIONS()
  as 

with customers as (
 
    select * from `my-dbt-project-486616`.`dbt_dataset`.`stg_customers` -- to reference the stg_customers model
 
),
 
orders as (
 
    select * from `my-dbt-project-486616`.`dbt_dataset`.`stg_orders`
 
),
 
customer_orders as (
 
    select
        customer_id,
 
        min(order_date) as first_order_date,
        max(order_date) as most_recent_order_date,
        count(order_id) as number_of_orders
 
    from orders
 
    group by 1
 
),
 
final as (
 
    select
        customers.customer_id,
        customers.first_name,
        customers.last_name,
        customer_orders.first_order_date,
        customer_orders.most_recent_order_date,
        coalesce(customer_orders.number_of_orders, 0) as number_of_orders
 
    from customers
 
    left join customer_orders using (customer_id)
 
)
 
select * from final --for first run, use dbt run --select +customer_orders (to run d downstream models first);


[0m10:49:05.575398 [debug] [Thread-1 (]: Opening a new connection, currently in state closed
[0m10:49:11.103959 [debug] [Thread-1 (]: BigQuery adapter: https://console.cloud.google.com/bigquery?project=my-dbt-project-486616&j=bq:EU:28ceb20a-7b35-4ee9-867e-d359b3c2bce7&page=queryresults
[0m10:49:11.883776 [debug] [Thread-1 (]: SQL status: OK in 0.769 seconds
[0m10:49:11.897816 [debug] [Thread-1 (]: Sending event: {'category': 'dbt', 'action': 'run_model', 'label': '0344eafd-6750-447c-bee2-f97af7fa4b4b', 'context': [<snowplow_tracker.self_describing_json.SelfDescribingJson object at 0x000001D18BC9C590>]}
[0m10:49:11.901318 [info ] [Thread-1 (]: 5 of 5 OK created sql view model dbt_dataset.customer_orders ................... [[32mCREATE VIEW (0 processed)[0m in 6.39s]
[0m10:49:11.904461 [debug] [Thread-1 (]: Finished running node model.dbt_learn_osas.customer_orders
[0m10:49:11.911063 [debug] [MainThread]: Opening a new connection, currently in state closed
[0m10:49:12.073271 [debug] [MainThread]: Connection 'master' was properly closed.
[0m10:49:12.077272 [debug] [MainThread]: Connection 'list_my-dbt-project-486616' was properly closed.
[0m10:49:12.082272 [debug] [MainThread]: Connection 'list_my-dbt-project-486616_dbt_dataset' was properly closed.
[0m10:49:12.088289 [debug] [MainThread]: Connection 'model.dbt_learn_osas.customer_orders' was properly closed.
[0m10:49:12.089928 [debug] [MainThread]: Connection 'model.dbt_learn_osas.stg_orders' was properly closed.
[0m10:49:12.091286 [debug] [MainThread]: Connection 'model.dbt_learn_osas.stg_customers' was properly closed.
[0m10:49:12.093302 [debug] [MainThread]: Connection 'model.dbt_learn_osas.my_second_dbt_model' was properly closed.
[0m10:49:12.095946 [info ] [MainThread]: 
[0m10:49:12.096943 [info ] [MainThread]: Finished running 2 table models, 3 view models in 0 hours 0 minutes and 40.18 seconds (40.18s).
[0m10:49:12.109990 [debug] [MainThread]: Command end result
[0m10:49:12.258005 [debug] [MainThread]: Wrote artifact WritableManifest to C:\Users\HP\data_engineering_mastery\dbt_process\dbt_learn_osas\target\manifest.json
[0m10:49:12.269177 [debug] [MainThread]: Wrote artifact SemanticManifest to C:\Users\HP\data_engineering_mastery\dbt_process\dbt_learn_osas\target\semantic_manifest.json
[0m10:49:12.297569 [debug] [MainThread]: Wrote artifact RunExecutionResult to C:\Users\HP\data_engineering_mastery\dbt_process\dbt_learn_osas\target\run_results.json
[0m10:49:12.302517 [info ] [MainThread]: 
[0m10:49:12.306948 [info ] [MainThread]: [32mCompleted successfully[0m
[0m10:49:12.307948 [info ] [MainThread]: 
[0m10:49:12.311023 [info ] [MainThread]: Done. PASS=5 WARN=0 ERROR=0 SKIP=0 NO-OP=0 TOTAL=5
[0m10:49:12.322214 [debug] [MainThread]: Command `dbt run` succeeded at 10:49:12.322214 after 121.97 seconds
[0m10:49:12.322214 [debug] [MainThread]: Sending event: {'category': 'dbt', 'action': 'invocation', 'label': 'end', 'context': [<snowplow_tracker.self_describing_json.SelfDescribingJson object at 0x000001D1F1CBD010>, <snowplow_tracker.self_describing_json.SelfDescribingJson object at 0x000001D18A298740>, <snowplow_tracker.self_describing_json.SelfDescribingJson object at 0x000001D18A29A780>]}
[0m10:49:12.322214 [debug] [MainThread]: Flushing usage events
[0m10:49:15.095242 [debug] [MainThread]: An error was encountered while trying to flush usage events
[0m12:18:41.307161 [debug] [MainThread]: Sending event: {'category': 'dbt', 'action': 'invocation', 'label': 'start', 'context': [<snowplow_tracker.self_describing_json.SelfDescribingJson object at 0x000001A63F26B380>, <snowplow_tracker.self_describing_json.SelfDescribingJson object at 0x000001A63E49EAE0>, <snowplow_tracker.self_describing_json.SelfDescribingJson object at 0x000001A63E49C710>]}


============================== 12:18:41.322784 | 5a6ca102-8546-4659-b526-fb5932617fb2 ==============================
[0m12:18:41.322784 [info ] [MainThread]: Running with dbt=1.11.2
[0m12:18:41.322784 [debug] [MainThread]: running dbt with arguments {'static_parser': 'True', 'no_print': 'None', 'version_check': 'True', 'target_path': 'None', 'warn_error_options': 'WarnErrorOptionsV2(error=[], warn=[], silence=[])', 'printer_width': '80', 'write_json': 'True', 'empty': 'False', 'log_cache_events': 'False', 'introspect': 'True', 'cache_selected_only': 'False', 'fail_fast': 'False', 'debug': 'False', 'log_format': 'default', 'profiles_dir': 'C:\\Users\\HP\\.dbt', 'send_anonymous_usage_stats': 'True', 'quiet': 'False', 'warn_error': 'None', 'partial_parse': 'True', 'invocation_command': 'dbt run', 'indirect_selection': 'eager', 'use_colors': 'True', 'use_experimental_parser': 'False', 'log_path': 'C:\\Users\\HP\\data_engineering_mastery\\dbt_process\\dbt_learn_osas\\logs'}
[0m12:19:35.809481 [debug] [MainThread]: Sending event: {'category': 'dbt', 'action': 'project_id', 'label': '5a6ca102-8546-4659-b526-fb5932617fb2', 'context': [<snowplow_tracker.self_describing_json.SelfDescribingJson object at 0x000001A65481C260>]}
[0m12:19:36.231303 [debug] [MainThread]: Sending event: {'category': 'dbt', 'action': 'adapter_info', 'label': '5a6ca102-8546-4659-b526-fb5932617fb2', 'context': [<snowplow_tracker.self_describing_json.SelfDescribingJson object at 0x000001A655FCFD70>]}
[0m12:19:36.231303 [info ] [MainThread]: Registered adapter: bigquery=1.11.0
[0m12:19:39.102592 [debug] [MainThread]: checksum: 3d40d8bbe1bef07db1c24822f2dbfff8bc07f2a48ed4fe2658a40653aec0b54b, vars: {}, profile: , target: , version: 1.11.2
[0m12:19:39.322181 [info ] [MainThread]: Unable to do partial parsing because a project config has changed
[0m12:19:39.322181 [debug] [MainThread]: Sending event: {'category': 'dbt', 'action': 'partial_parser', 'label': '5a6ca102-8546-4659-b526-fb5932617fb2', 'context': [<snowplow_tracker.self_describing_json.SelfDescribingJson object at 0x000001A63EB9F470>]}
[0m12:19:44.935950 [debug] [MainThread]: Sending event: {'category': 'dbt', 'action': 'load_project', 'label': '5a6ca102-8546-4659-b526-fb5932617fb2', 'context': [<snowplow_tracker.self_describing_json.SelfDescribingJson object at 0x000001A656E083E0>]}
[0m12:19:45.186748 [debug] [MainThread]: Wrote artifact WritableManifest to C:\Users\HP\data_engineering_mastery\dbt_process\dbt_learn_osas\target\manifest.json
[0m12:19:45.186748 [debug] [MainThread]: Wrote artifact SemanticManifest to C:\Users\HP\data_engineering_mastery\dbt_process\dbt_learn_osas\target\semantic_manifest.json
[0m12:19:45.280913 [debug] [MainThread]: Sending event: {'category': 'dbt', 'action': 'resource_counts', 'label': '5a6ca102-8546-4659-b526-fb5932617fb2', 'context': [<snowplow_tracker.self_describing_json.SelfDescribingJson object at 0x000001A656DCA420>]}
[0m12:19:45.280913 [info ] [MainThread]: Found 5 models, 1 seed, 4 data tests, 2 sources, 538 macros
[0m12:19:45.280913 [debug] [MainThread]: Sending event: {'category': 'dbt', 'action': 'runnable_timing', 'label': '5a6ca102-8546-4659-b526-fb5932617fb2', 'context': [<snowplow_tracker.self_describing_json.SelfDescribingJson object at 0x000001A6569FEE40>]}
[0m12:19:45.296539 [info ] [MainThread]: 
[0m12:19:45.296539 [info ] [MainThread]: Concurrency: 4 threads (target='dev')
[0m12:19:45.306459 [info ] [MainThread]: 
[0m12:19:45.313640 [debug] [MainThread]: Acquiring new bigquery connection 'master'
[0m12:19:45.367767 [debug] [ThreadPool]: Acquiring new bigquery connection 'list_my-dbt-project-486616'
[0m12:19:45.367767 [debug] [ThreadPool]: Opening a new connection, currently in state init
[0m12:19:48.792993 [debug] [ThreadPool]: Acquiring new bigquery connection 'list_my-dbt-project-486616_dbt_dataset'
[0m12:19:48.808604 [debug] [ThreadPool]: Opening a new connection, currently in state init
[0m12:19:58.451537 [debug] [MainThread]: Sending event: {'category': 'dbt', 'action': 'runnable_timing', 'label': '5a6ca102-8546-4659-b526-fb5932617fb2', 'context': [<snowplow_tracker.self_describing_json.SelfDescribingJson object at 0x000001A6563052E0>]}
[0m12:19:58.451537 [debug] [MainThread]: Opening a new connection, currently in state init
[0m12:19:58.547116 [debug] [Thread-1 (]: Began running node model.dbt_learn_osas.my_first_dbt_model
[0m12:19:58.547116 [debug] [Thread-2 (]: Began running node model.dbt_learn_osas.stg_customers
[0m12:19:58.547116 [debug] [Thread-3 (]: Began running node model.dbt_learn_osas.stg_orders
[0m12:19:58.562130 [info ] [Thread-1 (]: 1 of 5 START sql view model dbt_dataset.my_first_dbt_model ..................... [RUN]
[0m12:19:58.562130 [info ] [Thread-2 (]: 2 of 5 START sql table model dbt_dataset.stg_customers ......................... [RUN]
[0m12:19:58.562130 [info ] [Thread-3 (]: 3 of 5 START sql table model dbt_dataset.stg_orders ............................ [RUN]
[0m12:19:58.562130 [debug] [Thread-1 (]: Acquiring new bigquery connection 'model.dbt_learn_osas.my_first_dbt_model'
[0m12:19:58.562130 [debug] [Thread-2 (]: Acquiring new bigquery connection 'model.dbt_learn_osas.stg_customers'
[0m12:19:58.562130 [debug] [Thread-3 (]: Acquiring new bigquery connection 'model.dbt_learn_osas.stg_orders'
[0m12:19:58.562130 [debug] [Thread-1 (]: Began compiling node model.dbt_learn_osas.my_first_dbt_model
[0m12:19:58.562130 [debug] [Thread-2 (]: Began compiling node model.dbt_learn_osas.stg_customers
[0m12:19:58.562130 [debug] [Thread-3 (]: Began compiling node model.dbt_learn_osas.stg_orders
[0m12:19:58.601733 [debug] [Thread-2 (]: Writing injected SQL for node "model.dbt_learn_osas.stg_customers"
[0m12:19:58.611350 [debug] [Thread-1 (]: Writing injected SQL for node "model.dbt_learn_osas.my_first_dbt_model"
[0m12:19:58.613816 [debug] [Thread-3 (]: Writing injected SQL for node "model.dbt_learn_osas.stg_orders"
[0m12:19:58.613816 [debug] [Thread-2 (]: Began executing node model.dbt_learn_osas.stg_customers
[0m12:19:58.613816 [debug] [Thread-1 (]: Began executing node model.dbt_learn_osas.my_first_dbt_model
[0m12:19:58.629186 [debug] [Thread-3 (]: Began executing node model.dbt_learn_osas.stg_orders
[0m12:19:58.663290 [debug] [Thread-2 (]: Opening a new connection, currently in state init
[0m12:19:58.702480 [debug] [Thread-3 (]: Opening a new connection, currently in state init
[0m12:19:58.735315 [debug] [Thread-1 (]: Writing runtime sql for node "model.dbt_learn_osas.my_first_dbt_model"
[0m12:19:58.952402 [debug] [Thread-1 (]: On model.dbt_learn_osas.my_first_dbt_model: /* {"app": "dbt", "dbt_version": "1.11.2", "profile_name": "dbt_learn_osas", "target_name": "dev", "node_id": "model.dbt_learn_osas.my_first_dbt_model"} */


  create or replace view `my-dbt-project-486616`.`dbt_dataset`.`my_first_dbt_model`
  OPTIONS()
  as /*
    Welcome to your first dbt model!
    Did you know that you can also configure models directly within SQL files?
    This will override configurations stated in dbt_project.yml

    Try changing "table" to "view" below
*/



with source_data as (

    select 1 as id
    union all
    select null as id

)

select *
from source_data

/*
    Uncomment the line below to remove records with null `id` values
*/

-- where id is not null;


[0m12:19:58.952402 [debug] [Thread-1 (]: Opening a new connection, currently in state init
[0m12:20:02.938280 [debug] [Thread-3 (]: Writing runtime sql for node "model.dbt_learn_osas.stg_orders"
[0m12:20:02.953905 [debug] [Thread-3 (]: On model.dbt_learn_osas.stg_orders: /* {"app": "dbt", "dbt_version": "1.11.2", "profile_name": "dbt_learn_osas", "target_name": "dev", "node_id": "model.dbt_learn_osas.stg_orders"} */

  
    

    create or replace table `my-dbt-project-486616`.`dbt_dataset`.`stg_orders`
      
    
    

    
    OPTIONS()
    as (
      select
        id as order_id,
        user_id as customer_id,
        order_date,
        status

    from `dbt-tutorial`.`jaffle_shop`.`orders`--my-dbt-project-486616.dbt_dataset.orders
    );
  
[0m12:20:03.406953 [debug] [Thread-2 (]: Writing runtime sql for node "model.dbt_learn_osas.stg_customers"
[0m12:20:03.406953 [debug] [Thread-2 (]: On model.dbt_learn_osas.stg_customers: /* {"app": "dbt", "dbt_version": "1.11.2", "profile_name": "dbt_learn_osas", "target_name": "dev", "node_id": "model.dbt_learn_osas.stg_customers"} */

  
    

    create or replace table `my-dbt-project-486616`.`dbt_dataset`.`stg_customers`
      
    
    

    
    OPTIONS()
    as (
      select
        id as customer_id,
        first_name,
        last_name

    from `dbt-tutorial`.`jaffle_shop`.`customers` --my-dbt-project-486616.dbt_dataset.customers
    );
  
[0m12:20:03.675341 [debug] [Thread-3 (]: BigQuery adapter: https://console.cloud.google.com/bigquery?project=my-dbt-project-486616&j=bq:EU:1e41e4d6-6cd6-48f4-b5de-7c7df406ed58&page=queryresults
[0m12:20:03.675341 [error] [Thread-3 (]: BigQuery adapter: https://console.cloud.google.com/bigquery?project=my-dbt-project-486616&j=bq:EU:1e41e4d6-6cd6-48f4-b5de-7c7df406ed58&page=queryresults
[0m12:20:04.022734 [debug] [Thread-3 (]: Database Error in model stg_orders (models\jaffle_shop\stg_orders.sql)
  Access Denied: Table dbt-tutorial:jaffle_shop.orders: User does not have permission to query table dbt-tutorial:jaffle_shop.orders, or perhaps it does not exist.
  compiled code at target\run\dbt_learn_osas\models\jaffle_shop\stg_orders.sql
[0m12:20:04.038363 [debug] [Thread-3 (]: Sending event: {'category': 'dbt', 'action': 'run_model', 'label': '5a6ca102-8546-4659-b526-fb5932617fb2', 'context': [<snowplow_tracker.self_describing_json.SelfDescribingJson object at 0x000001A656E00440>]}
[0m12:20:04.038363 [error] [Thread-3 (]: 3 of 5 ERROR creating sql table model dbt_dataset.stg_orders ................... [[31mERROR[0m in 5.46s]
[0m12:20:04.038363 [debug] [Thread-3 (]: Finished running node model.dbt_learn_osas.stg_orders
[0m12:20:04.038363 [debug] [Thread-7 (]: Marking all children of 'model.dbt_learn_osas.stg_orders' to be skipped because of status 'error'.  Reason: Database Error in model stg_orders (models\jaffle_shop\stg_orders.sql)
  Access Denied: Table dbt-tutorial:jaffle_shop.orders: User does not have permission to query table dbt-tutorial:jaffle_shop.orders, or perhaps it does not exist.
  compiled code at target\run\dbt_learn_osas\models\jaffle_shop\stg_orders.sql.
[0m12:20:04.681612 [debug] [Thread-2 (]: BigQuery adapter: https://console.cloud.google.com/bigquery?project=my-dbt-project-486616&j=bq:EU:62164ab1-7f72-419d-8f08-39f12188cb34&page=queryresults
[0m12:20:04.681612 [error] [Thread-2 (]: BigQuery adapter: https://console.cloud.google.com/bigquery?project=my-dbt-project-486616&j=bq:EU:62164ab1-7f72-419d-8f08-39f12188cb34&page=queryresults
[0m12:20:04.705246 [debug] [Thread-2 (]: Database Error in model stg_customers (models\jaffle_shop\stg_customers.sql)
  Access Denied: Table dbt-tutorial:jaffle_shop.customers: User does not have permission to query table dbt-tutorial:jaffle_shop.customers, or perhaps it does not exist.
  compiled code at target\run\dbt_learn_osas\models\jaffle_shop\stg_customers.sql
[0m12:20:04.707246 [debug] [Thread-2 (]: Sending event: {'category': 'dbt', 'action': 'run_model', 'label': '5a6ca102-8546-4659-b526-fb5932617fb2', 'context': [<snowplow_tracker.self_describing_json.SelfDescribingJson object at 0x000001A656FA24B0>]}
[0m12:20:04.709246 [error] [Thread-2 (]: 2 of 5 ERROR creating sql table model dbt_dataset.stg_customers ................ [[31mERROR[0m in 6.15s]
[0m12:20:04.715760 [debug] [Thread-2 (]: Finished running node model.dbt_learn_osas.stg_customers
[0m12:20:04.717769 [debug] [Thread-7 (]: Marking all children of 'model.dbt_learn_osas.stg_customers' to be skipped because of status 'error'.  Reason: Database Error in model stg_customers (models\jaffle_shop\stg_customers.sql)
  Access Denied: Table dbt-tutorial:jaffle_shop.customers: User does not have permission to query table dbt-tutorial:jaffle_shop.customers, or perhaps it does not exist.
  compiled code at target\run\dbt_learn_osas\models\jaffle_shop\stg_customers.sql.
[0m12:20:04.720764 [debug] [Thread-4 (]: Began running node model.dbt_learn_osas.customer_orders
[0m12:20:04.722766 [info ] [Thread-4 (]: 4 of 5 SKIP relation dbt_dataset.customer_orders ............................... [[33mSKIP[0m]
[0m12:20:04.726356 [debug] [Thread-4 (]: Finished running node model.dbt_learn_osas.customer_orders
[0m12:20:07.503953 [debug] [Thread-1 (]: BigQuery adapter: https://console.cloud.google.com/bigquery?project=my-dbt-project-486616&j=bq:EU:dd5b0408-7872-42ab-9a24-02e97c29f40f&page=queryresults
[0m12:20:08.016580 [debug] [Thread-1 (]: SQL status: OK in 0.511 seconds
[0m12:20:12.411595 [debug] [Thread-1 (]: Sending event: {'category': 'dbt', 'action': 'run_model', 'label': '5a6ca102-8546-4659-b526-fb5932617fb2', 'context': [<snowplow_tracker.self_describing_json.SelfDescribingJson object at 0x000001A65035EB70>]}
[0m12:20:12.411595 [info ] [Thread-1 (]: 1 of 5 OK created sql view model dbt_dataset.my_first_dbt_model ................ [[32mCREATE VIEW (0 processed)[0m in 13.85s]
[0m12:20:12.421608 [debug] [Thread-1 (]: Finished running node model.dbt_learn_osas.my_first_dbt_model
[0m12:20:12.421608 [debug] [Thread-2 (]: Began running node model.dbt_learn_osas.my_second_dbt_model
[0m12:20:12.421608 [info ] [Thread-2 (]: 5 of 5 START sql view model dbt_dataset.my_second_dbt_model .................... [RUN]
[0m12:20:12.421608 [debug] [Thread-2 (]: Re-using an available connection from the pool (formerly model.dbt_learn_osas.stg_customers, now model.dbt_learn_osas.my_second_dbt_model)
[0m12:20:12.433648 [debug] [Thread-2 (]: Began compiling node model.dbt_learn_osas.my_second_dbt_model
[0m12:20:12.444818 [debug] [Thread-2 (]: Writing injected SQL for node "model.dbt_learn_osas.my_second_dbt_model"
[0m12:20:12.445935 [debug] [Thread-2 (]: Began executing node model.dbt_learn_osas.my_second_dbt_model
[0m12:20:12.463134 [debug] [Thread-2 (]: Writing runtime sql for node "model.dbt_learn_osas.my_second_dbt_model"
[0m12:20:12.463134 [debug] [Thread-2 (]: On model.dbt_learn_osas.my_second_dbt_model: /* {"app": "dbt", "dbt_version": "1.11.2", "profile_name": "dbt_learn_osas", "target_name": "dev", "node_id": "model.dbt_learn_osas.my_second_dbt_model"} */


  create or replace view `my-dbt-project-486616`.`dbt_dataset`.`my_second_dbt_model`
  OPTIONS()
  as -- Use the `ref` function to select from other models

select *
from `my-dbt-project-486616`.`dbt_dataset`.`my_first_dbt_model`
where id = 1;


[0m12:20:12.463134 [debug] [Thread-2 (]: Opening a new connection, currently in state closed
[0m12:20:18.669239 [debug] [Thread-2 (]: BigQuery adapter: https://console.cloud.google.com/bigquery?project=my-dbt-project-486616&j=bq:EU:b767f5a0-119b-464f-8475-89020501ab00&page=queryresults
[0m12:20:19.219402 [debug] [Thread-2 (]: SQL status: OK in 0.536 seconds
[0m12:20:19.234854 [debug] [Thread-2 (]: Sending event: {'category': 'dbt', 'action': 'run_model', 'label': '5a6ca102-8546-4659-b526-fb5932617fb2', 'context': [<snowplow_tracker.self_describing_json.SelfDescribingJson object at 0x000001A65865CD10>]}
[0m12:20:19.237855 [info ] [Thread-2 (]: 5 of 5 OK created sql view model dbt_dataset.my_second_dbt_model ............... [[32mCREATE VIEW (0 processed)[0m in 6.81s]
[0m12:20:19.259414 [debug] [Thread-2 (]: Finished running node model.dbt_learn_osas.my_second_dbt_model
[0m12:20:19.259414 [debug] [MainThread]: Opening a new connection, currently in state closed
[0m12:20:19.472537 [debug] [MainThread]: Connection 'master' was properly closed.
[0m12:20:19.475542 [debug] [MainThread]: Connection 'list_my-dbt-project-486616' was properly closed.
[0m12:20:19.477196 [debug] [MainThread]: Connection 'list_my-dbt-project-486616_dbt_dataset' was properly closed.
[0m12:20:19.477196 [debug] [MainThread]: Connection 'model.dbt_learn_osas.my_first_dbt_model' was properly closed.
[0m12:20:19.477196 [debug] [MainThread]: Connection 'model.dbt_learn_osas.my_second_dbt_model' was properly closed.
[0m12:20:19.477196 [debug] [MainThread]: Connection 'model.dbt_learn_osas.stg_orders' was properly closed.
[0m12:20:19.477196 [info ] [MainThread]: 
[0m12:20:19.569844 [info ] [MainThread]: Finished running 2 table models, 3 view models in 0 hours 0 minutes and 34.17 seconds (34.17s).
[0m12:20:19.594566 [debug] [MainThread]: Command end result
[0m12:20:19.893830 [debug] [MainThread]: Wrote artifact WritableManifest to C:\Users\HP\data_engineering_mastery\dbt_process\dbt_learn_osas\target\manifest.json
[0m12:20:19.926337 [debug] [MainThread]: Wrote artifact SemanticManifest to C:\Users\HP\data_engineering_mastery\dbt_process\dbt_learn_osas\target\semantic_manifest.json
[0m12:20:20.026209 [debug] [MainThread]: Wrote artifact RunExecutionResult to C:\Users\HP\data_engineering_mastery\dbt_process\dbt_learn_osas\target\run_results.json
[0m12:20:20.088793 [info ] [MainThread]: 
[0m12:20:20.163565 [info ] [MainThread]: [31mCompleted with 2 errors, 0 partial successes, and 0 warnings:[0m
[0m12:20:20.223762 [info ] [MainThread]: 
[0m12:20:20.300839 [error] [MainThread]: [31mFailure in model stg_orders (models\jaffle_shop\stg_orders.sql)[0m
[0m12:20:20.422933 [error] [MainThread]:   Database Error in model stg_orders (models\jaffle_shop\stg_orders.sql)
  Access Denied: Table dbt-tutorial:jaffle_shop.orders: User does not have permission to query table dbt-tutorial:jaffle_shop.orders, or perhaps it does not exist.
  compiled code at target\run\dbt_learn_osas\models\jaffle_shop\stg_orders.sql
[0m12:20:20.468006 [info ] [MainThread]: 
[0m12:20:20.553475 [info ] [MainThread]:   compiled code at target\compiled\dbt_learn_osas\models\jaffle_shop\stg_orders.sql
[0m12:20:20.617319 [info ] [MainThread]: 
[0m12:20:20.719416 [error] [MainThread]: [31mFailure in model stg_customers (models\jaffle_shop\stg_customers.sql)[0m
[0m12:20:20.821441 [error] [MainThread]:   Database Error in model stg_customers (models\jaffle_shop\stg_customers.sql)
  Access Denied: Table dbt-tutorial:jaffle_shop.customers: User does not have permission to query table dbt-tutorial:jaffle_shop.customers, or perhaps it does not exist.
  compiled code at target\run\dbt_learn_osas\models\jaffle_shop\stg_customers.sql
[0m12:20:20.914353 [info ] [MainThread]: 
[0m12:20:21.016344 [info ] [MainThread]:   compiled code at target\compiled\dbt_learn_osas\models\jaffle_shop\stg_customers.sql
[0m12:20:21.129012 [info ] [MainThread]: 
[0m12:20:21.240732 [info ] [MainThread]: Done. PASS=2 WARN=0 ERROR=2 SKIP=1 NO-OP=0 TOTAL=5
[0m12:20:21.327979 [debug] [MainThread]: Command `dbt run` failed at 12:20:21.327979 after 100.37 seconds
[0m12:20:21.338497 [debug] [MainThread]: Sending event: {'category': 'dbt', 'action': 'invocation', 'label': 'end', 'context': [<snowplow_tracker.self_describing_json.SelfDescribingJson object at 0x000001A63F300650>, <snowplow_tracker.self_describing_json.SelfDescribingJson object at 0x000001A6567826C0>, <snowplow_tracker.self_describing_json.SelfDescribingJson object at 0x000001A656E53F80>]}
[0m12:20:21.338497 [debug] [MainThread]: Flushing usage events
[0m12:20:25.334127 [debug] [MainThread]: An error was encountered while trying to flush usage events
[0m12:20:52.270314 [debug] [MainThread]: Sending event: {'category': 'dbt', 'action': 'invocation', 'label': 'start', 'context': [<snowplow_tracker.self_describing_json.SelfDescribingJson object at 0x000002DCD825FFE0>, <snowplow_tracker.self_describing_json.SelfDescribingJson object at 0x000002DCD45F05F0>, <snowplow_tracker.self_describing_json.SelfDescribingJson object at 0x000002DCD8395850>]}


============================== 12:20:52.285942 | 305045fa-ddeb-48d4-91e4-4c6e1d175d94 ==============================
[0m12:20:52.285942 [info ] [MainThread]: Running with dbt=1.11.2
[0m12:20:52.285942 [debug] [MainThread]: running dbt with arguments {'static_parser': 'True', 'no_print': 'None', 'version_check': 'True', 'warn_error_options': 'WarnErrorOptionsV2(error=[], warn=[], silence=[])', 'target_path': 'None', 'printer_width': '80', 'write_json': 'True', 'introspect': 'True', 'log_cache_events': 'False', 'empty': 'False', 'cache_selected_only': 'False', 'log_format': 'default', 'debug': 'False', 'fail_fast': 'False', 'partial_parse': 'True', 'send_anonymous_usage_stats': 'True', 'quiet': 'False', 'warn_error': 'None', 'profiles_dir': 'C:\\Users\\HP\\.dbt', 'indirect_selection': 'eager', 'use_colors': 'True', 'invocation_command': 'dbt run --full-refresh', 'use_experimental_parser': 'False', 'log_path': 'C:\\Users\\HP\\data_engineering_mastery\\dbt_process\\dbt_learn_osas\\logs'}
[0m12:21:39.078530 [debug] [MainThread]: Sending event: {'category': 'dbt', 'action': 'project_id', 'label': '305045fa-ddeb-48d4-91e4-4c6e1d175d94', 'context': [<snowplow_tracker.self_describing_json.SelfDescribingJson object at 0x000002DCEFC2D6D0>]}
[0m12:21:39.373564 [debug] [MainThread]: Sending event: {'category': 'dbt', 'action': 'adapter_info', 'label': '305045fa-ddeb-48d4-91e4-4c6e1d175d94', 'context': [<snowplow_tracker.self_describing_json.SelfDescribingJson object at 0x000002DCE9B0E150>]}
[0m12:21:39.379087 [info ] [MainThread]: Registered adapter: bigquery=1.11.0
[0m12:21:41.914035 [debug] [MainThread]: checksum: 3d40d8bbe1bef07db1c24822f2dbfff8bc07f2a48ed4fe2658a40653aec0b54b, vars: {}, profile: , target: , version: 1.11.2
[0m12:21:42.418678 [debug] [MainThread]: Partial parsing enabled: 0 files deleted, 0 files added, 0 files changed.
[0m12:21:42.418678 [debug] [MainThread]: Nothing changed, skipping partial parsing.
[0m12:21:42.418678 [debug] [MainThread]: Partial parsing enabled, no changes found, skipping parsing
[0m12:21:42.535465 [debug] [MainThread]: Sending event: {'category': 'dbt', 'action': 'load_project', 'label': '305045fa-ddeb-48d4-91e4-4c6e1d175d94', 'context': [<snowplow_tracker.self_describing_json.SelfDescribingJson object at 0x000002DCD8BAA390>]}
[0m12:21:42.822650 [debug] [MainThread]: Wrote artifact WritableManifest to C:\Users\HP\data_engineering_mastery\dbt_process\dbt_learn_osas\target\manifest.json
[0m12:21:42.822650 [debug] [MainThread]: Wrote artifact SemanticManifest to C:\Users\HP\data_engineering_mastery\dbt_process\dbt_learn_osas\target\semantic_manifest.json
[0m12:21:42.916824 [debug] [MainThread]: Sending event: {'category': 'dbt', 'action': 'resource_counts', 'label': '305045fa-ddeb-48d4-91e4-4c6e1d175d94', 'context': [<snowplow_tracker.self_describing_json.SelfDescribingJson object at 0x000002DCF0182E40>]}
[0m12:21:42.916824 [info ] [MainThread]: Found 5 models, 1 seed, 4 data tests, 2 sources, 538 macros
[0m12:21:42.932452 [debug] [MainThread]: Sending event: {'category': 'dbt', 'action': 'runnable_timing', 'label': '305045fa-ddeb-48d4-91e4-4c6e1d175d94', 'context': [<snowplow_tracker.self_describing_json.SelfDescribingJson object at 0x000002DCEFBEEAB0>]}
[0m12:21:42.932452 [info ] [MainThread]: 
[0m12:21:42.932452 [info ] [MainThread]: Concurrency: 4 threads (target='dev')
[0m12:21:42.932452 [info ] [MainThread]: 
[0m12:21:42.932452 [debug] [MainThread]: Acquiring new bigquery connection 'master'
[0m12:21:42.961147 [debug] [ThreadPool]: Acquiring new bigquery connection 'list_my-dbt-project-486616'
[0m12:21:42.969401 [debug] [ThreadPool]: Opening a new connection, currently in state init
[0m12:21:46.147303 [debug] [ThreadPool]: Acquiring new bigquery connection 'list_my-dbt-project-486616_dbt_dataset'
[0m12:21:46.147303 [debug] [ThreadPool]: Opening a new connection, currently in state init
[0m12:21:53.007880 [debug] [MainThread]: Sending event: {'category': 'dbt', 'action': 'runnable_timing', 'label': '305045fa-ddeb-48d4-91e4-4c6e1d175d94', 'context': [<snowplow_tracker.self_describing_json.SelfDescribingJson object at 0x000002DCF01681D0>]}
[0m12:21:53.010880 [debug] [MainThread]: Opening a new connection, currently in state init
[0m12:21:53.233771 [debug] [Thread-1 (]: Began running node model.dbt_learn_osas.my_first_dbt_model
[0m12:21:53.249443 [debug] [Thread-3 (]: Began running node model.dbt_learn_osas.stg_orders
[0m12:21:53.249443 [debug] [Thread-2 (]: Began running node model.dbt_learn_osas.stg_customers
[0m12:21:53.249443 [info ] [Thread-1 (]: 1 of 5 START sql view model dbt_dataset.my_first_dbt_model ..................... [RUN]
[0m12:21:53.249443 [debug] [Thread-1 (]: Acquiring new bigquery connection 'model.dbt_learn_osas.my_first_dbt_model'
[0m12:21:53.249443 [info ] [Thread-3 (]: 3 of 5 START sql table model dbt_dataset.stg_orders ............................ [RUN]
[0m12:21:53.275529 [debug] [Thread-3 (]: Acquiring new bigquery connection 'model.dbt_learn_osas.stg_orders'
[0m12:21:53.277530 [debug] [Thread-3 (]: Began compiling node model.dbt_learn_osas.stg_orders
[0m12:21:53.249443 [info ] [Thread-2 (]: 2 of 5 START sql table model dbt_dataset.stg_customers ......................... [RUN]
[0m12:21:53.319949 [debug] [Thread-3 (]: Writing injected SQL for node "model.dbt_learn_osas.stg_orders"
[0m12:21:53.249443 [debug] [Thread-1 (]: Began compiling node model.dbt_learn_osas.my_first_dbt_model
[0m12:21:53.333692 [debug] [Thread-2 (]: Acquiring new bigquery connection 'model.dbt_learn_osas.stg_customers'
[0m12:21:53.346284 [debug] [Thread-1 (]: Writing injected SQL for node "model.dbt_learn_osas.my_first_dbt_model"
[0m12:21:53.348282 [debug] [Thread-2 (]: Began compiling node model.dbt_learn_osas.stg_customers
[0m12:21:53.350284 [debug] [Thread-3 (]: Began executing node model.dbt_learn_osas.stg_orders
[0m12:21:53.362721 [debug] [Thread-2 (]: Writing injected SQL for node "model.dbt_learn_osas.stg_customers"
[0m12:21:53.364718 [debug] [Thread-1 (]: Began executing node model.dbt_learn_osas.my_first_dbt_model
[0m12:21:53.405048 [debug] [Thread-3 (]: Opening a new connection, currently in state init
[0m12:21:53.436731 [debug] [Thread-2 (]: Began executing node model.dbt_learn_osas.stg_customers
[0m12:21:53.609061 [debug] [Thread-1 (]: Writing runtime sql for node "model.dbt_learn_osas.my_first_dbt_model"
[0m12:21:53.609061 [debug] [Thread-2 (]: Opening a new connection, currently in state init
[0m12:21:53.672851 [debug] [Thread-1 (]: On model.dbt_learn_osas.my_first_dbt_model: /* {"app": "dbt", "dbt_version": "1.11.2", "profile_name": "dbt_learn_osas", "target_name": "dev", "node_id": "model.dbt_learn_osas.my_first_dbt_model"} */


  create or replace view `my-dbt-project-486616`.`dbt_dataset`.`my_first_dbt_model`
  OPTIONS()
  as /*
    Welcome to your first dbt model!
    Did you know that you can also configure models directly within SQL files?
    This will override configurations stated in dbt_project.yml

    Try changing "table" to "view" below
*/



with source_data as (

    select 1 as id
    union all
    select null as id

)

select *
from source_data

/*
    Uncomment the line below to remove records with null `id` values
*/

-- where id is not null;


[0m12:21:53.672851 [debug] [Thread-1 (]: Opening a new connection, currently in state init
[0m12:21:57.640699 [debug] [Thread-3 (]: Writing runtime sql for node "model.dbt_learn_osas.stg_orders"
[0m12:21:57.656356 [debug] [Thread-3 (]: On model.dbt_learn_osas.stg_orders: /* {"app": "dbt", "dbt_version": "1.11.2", "profile_name": "dbt_learn_osas", "target_name": "dev", "node_id": "model.dbt_learn_osas.stg_orders"} */

  
    

    create or replace table `my-dbt-project-486616`.`dbt_dataset`.`stg_orders`
      
    
    

    
    OPTIONS()
    as (
      select
        id as order_id,
        user_id as customer_id,
        order_date,
        status

    from `dbt-tutorial`.`jaffle_shop`.`orders`--my-dbt-project-486616.dbt_dataset.orders
    );
  
[0m12:21:57.939379 [debug] [Thread-1 (]: BigQuery adapter: https://console.cloud.google.com/bigquery?project=my-dbt-project-486616&j=bq:EU:d0df903a-9b9d-4df1-9415-eef9c480ff9e&page=queryresults
[0m12:21:58.847612 [debug] [Thread-3 (]: BigQuery adapter: https://console.cloud.google.com/bigquery?project=my-dbt-project-486616&j=bq:EU:daa9830e-6a04-4135-a05e-59940ebfa752&page=queryresults
[0m12:21:58.847612 [error] [Thread-3 (]: BigQuery adapter: https://console.cloud.google.com/bigquery?project=my-dbt-project-486616&j=bq:EU:daa9830e-6a04-4135-a05e-59940ebfa752&page=queryresults
[0m12:21:58.881575 [debug] [Thread-3 (]: Database Error in model stg_orders (models\jaffle_shop\stg_orders.sql)
  Access Denied: Table dbt-tutorial:jaffle_shop.orders: User does not have permission to query table dbt-tutorial:jaffle_shop.orders, or perhaps it does not exist.
  compiled code at target\run\dbt_learn_osas\models\jaffle_shop\stg_orders.sql
[0m12:21:58.889948 [debug] [Thread-3 (]: Sending event: {'category': 'dbt', 'action': 'run_model', 'label': '305045fa-ddeb-48d4-91e4-4c6e1d175d94', 'context': [<snowplow_tracker.self_describing_json.SelfDescribingJson object at 0x000002DCEFC87410>]}
[0m12:21:58.889948 [error] [Thread-3 (]: 3 of 5 ERROR creating sql table model dbt_dataset.stg_orders ................... [[31mERROR[0m in 5.61s]
[0m12:21:58.889948 [debug] [Thread-3 (]: Finished running node model.dbt_learn_osas.stg_orders
[0m12:21:58.906665 [debug] [Thread-7 (]: Marking all children of 'model.dbt_learn_osas.stg_orders' to be skipped because of status 'error'.  Reason: Database Error in model stg_orders (models\jaffle_shop\stg_orders.sql)
  Access Denied: Table dbt-tutorial:jaffle_shop.orders: User does not have permission to query table dbt-tutorial:jaffle_shop.orders, or perhaps it does not exist.
  compiled code at target\run\dbt_learn_osas\models\jaffle_shop\stg_orders.sql.
[0m12:21:58.988310 [debug] [Thread-1 (]: SQL status: OK in 1.044 seconds
[0m12:21:59.370691 [debug] [Thread-1 (]: Sending event: {'category': 'dbt', 'action': 'run_model', 'label': '305045fa-ddeb-48d4-91e4-4c6e1d175d94', 'context': [<snowplow_tracker.self_describing_json.SelfDescribingJson object at 0x000002DCE9B0ED80>]}
[0m12:21:59.370691 [info ] [Thread-1 (]: 1 of 5 OK created sql view model dbt_dataset.my_first_dbt_model ................ [[32mCREATE VIEW (0 processed)[0m in 6.12s]
[0m12:21:59.380706 [debug] [Thread-1 (]: Finished running node model.dbt_learn_osas.my_first_dbt_model
[0m12:21:59.380706 [debug] [Thread-4 (]: Began running node model.dbt_learn_osas.my_second_dbt_model
[0m12:21:59.380706 [info ] [Thread-4 (]: 4 of 5 START sql view model dbt_dataset.my_second_dbt_model .................... [RUN]
[0m12:21:59.380706 [debug] [Thread-4 (]: Acquiring new bigquery connection 'model.dbt_learn_osas.my_second_dbt_model'
[0m12:21:59.380706 [debug] [Thread-4 (]: Began compiling node model.dbt_learn_osas.my_second_dbt_model
[0m12:21:59.408631 [debug] [Thread-4 (]: Writing injected SQL for node "model.dbt_learn_osas.my_second_dbt_model"
[0m12:21:59.408631 [debug] [Thread-4 (]: Began executing node model.dbt_learn_osas.my_second_dbt_model
[0m12:21:59.431842 [debug] [Thread-4 (]: Writing runtime sql for node "model.dbt_learn_osas.my_second_dbt_model"
[0m12:21:59.431842 [debug] [Thread-4 (]: On model.dbt_learn_osas.my_second_dbt_model: /* {"app": "dbt", "dbt_version": "1.11.2", "profile_name": "dbt_learn_osas", "target_name": "dev", "node_id": "model.dbt_learn_osas.my_second_dbt_model"} */


  create or replace view `my-dbt-project-486616`.`dbt_dataset`.`my_second_dbt_model`
  OPTIONS()
  as -- Use the `ref` function to select from other models

select *
from `my-dbt-project-486616`.`dbt_dataset`.`my_first_dbt_model`
where id = 1;


[0m12:21:59.447259 [debug] [Thread-4 (]: Opening a new connection, currently in state init
[0m12:22:05.088102 [debug] [Thread-2 (]: Writing runtime sql for node "model.dbt_learn_osas.stg_customers"
[0m12:22:05.088102 [debug] [Thread-2 (]: On model.dbt_learn_osas.stg_customers: /* {"app": "dbt", "dbt_version": "1.11.2", "profile_name": "dbt_learn_osas", "target_name": "dev", "node_id": "model.dbt_learn_osas.stg_customers"} */

  
    

    create or replace table `my-dbt-project-486616`.`dbt_dataset`.`stg_customers`
      
    
    

    
    OPTIONS()
    as (
      select
        id as customer_id,
        first_name,
        last_name

    from `dbt-tutorial`.`jaffle_shop`.`customers` --my-dbt-project-486616.dbt_dataset.customers
    );
  
[0m12:22:05.623763 [debug] [Thread-2 (]: BigQuery adapter: https://console.cloud.google.com/bigquery?project=my-dbt-project-486616&j=bq:EU:37863054-76d2-4ae2-aa6e-967eb86d7a1b&page=queryresults
[0m12:22:05.623763 [error] [Thread-2 (]: BigQuery adapter: https://console.cloud.google.com/bigquery?project=my-dbt-project-486616&j=bq:EU:37863054-76d2-4ae2-aa6e-967eb86d7a1b&page=queryresults
[0m12:22:05.644806 [debug] [Thread-2 (]: Database Error in model stg_customers (models\jaffle_shop\stg_customers.sql)
  Access Denied: Table dbt-tutorial:jaffle_shop.customers: User does not have permission to query table dbt-tutorial:jaffle_shop.customers, or perhaps it does not exist.
  compiled code at target\run\dbt_learn_osas\models\jaffle_shop\stg_customers.sql
[0m12:22:05.647790 [debug] [Thread-2 (]: Sending event: {'category': 'dbt', 'action': 'run_model', 'label': '305045fa-ddeb-48d4-91e4-4c6e1d175d94', 'context': [<snowplow_tracker.self_describing_json.SelfDescribingJson object at 0x000002DCF02B1F70>]}
[0m12:22:05.650794 [error] [Thread-2 (]: 2 of 5 ERROR creating sql table model dbt_dataset.stg_customers ................ [[31mERROR[0m in 12.31s]
[0m12:22:05.656664 [debug] [Thread-2 (]: Finished running node model.dbt_learn_osas.stg_customers
[0m12:22:05.660143 [debug] [Thread-7 (]: Marking all children of 'model.dbt_learn_osas.stg_customers' to be skipped because of status 'error'.  Reason: Database Error in model stg_customers (models\jaffle_shop\stg_customers.sql)
  Access Denied: Table dbt-tutorial:jaffle_shop.customers: User does not have permission to query table dbt-tutorial:jaffle_shop.customers, or perhaps it does not exist.
  compiled code at target\run\dbt_learn_osas\models\jaffle_shop\stg_customers.sql.
[0m12:22:05.669071 [debug] [Thread-3 (]: Began running node model.dbt_learn_osas.customer_orders
[0m12:22:05.671070 [info ] [Thread-3 (]: 5 of 5 SKIP relation dbt_dataset.customer_orders ............................... [[33mSKIP[0m]
[0m12:22:05.675502 [debug] [Thread-3 (]: Finished running node model.dbt_learn_osas.customer_orders
[0m12:22:07.043610 [debug] [Thread-4 (]: BigQuery adapter: https://console.cloud.google.com/bigquery?project=my-dbt-project-486616&j=bq:EU:f75287eb-a393-4947-a3b3-c105973010b9&page=queryresults
[0m12:22:07.503259 [debug] [Thread-4 (]: SQL status: OK in 0.463 seconds
[0m12:22:07.518376 [debug] [Thread-4 (]: Sending event: {'category': 'dbt', 'action': 'run_model', 'label': '305045fa-ddeb-48d4-91e4-4c6e1d175d94', 'context': [<snowplow_tracker.self_describing_json.SelfDescribingJson object at 0x000002DCF091E3C0>]}
[0m12:22:07.518376 [info ] [Thread-4 (]: 4 of 5 OK created sql view model dbt_dataset.my_second_dbt_model ............... [[32mCREATE VIEW (0 processed)[0m in 8.14s]
[0m12:22:07.518376 [debug] [Thread-4 (]: Finished running node model.dbt_learn_osas.my_second_dbt_model
[0m12:22:07.518376 [debug] [MainThread]: Opening a new connection, currently in state closed
[0m12:22:07.601287 [debug] [MainThread]: Connection 'master' was properly closed.
[0m12:22:07.602291 [debug] [MainThread]: Connection 'list_my-dbt-project-486616' was properly closed.
[0m12:22:07.603292 [debug] [MainThread]: Connection 'list_my-dbt-project-486616_dbt_dataset' was properly closed.
[0m12:22:07.605288 [debug] [MainThread]: Connection 'model.dbt_learn_osas.my_first_dbt_model' was properly closed.
[0m12:22:07.606352 [debug] [MainThread]: Connection 'model.dbt_learn_osas.stg_orders' was properly closed.
[0m12:22:07.606352 [debug] [MainThread]: Connection 'model.dbt_learn_osas.stg_customers' was properly closed.
[0m12:22:07.606352 [debug] [MainThread]: Connection 'model.dbt_learn_osas.my_second_dbt_model' was properly closed.
[0m12:22:07.606352 [info ] [MainThread]: 
[0m12:22:07.606352 [info ] [MainThread]: Finished running 2 table models, 3 view models in 0 hours 0 minutes and 24.67 seconds (24.67s).
[0m12:22:07.606352 [debug] [MainThread]: Command end result
[0m12:22:07.710704 [debug] [MainThread]: Wrote artifact WritableManifest to C:\Users\HP\data_engineering_mastery\dbt_process\dbt_learn_osas\target\manifest.json
[0m12:22:07.726326 [debug] [MainThread]: Wrote artifact SemanticManifest to C:\Users\HP\data_engineering_mastery\dbt_process\dbt_learn_osas\target\semantic_manifest.json
[0m12:22:07.744971 [debug] [MainThread]: Wrote artifact RunExecutionResult to C:\Users\HP\data_engineering_mastery\dbt_process\dbt_learn_osas\target\run_results.json
[0m12:22:07.744971 [info ] [MainThread]: 
[0m12:22:07.757991 [info ] [MainThread]: [31mCompleted with 2 errors, 0 partial successes, and 0 warnings:[0m
[0m12:22:07.757991 [info ] [MainThread]: 
[0m12:22:07.763971 [error] [MainThread]: [31mFailure in model stg_orders (models\jaffle_shop\stg_orders.sql)[0m
[0m12:22:07.768362 [error] [MainThread]:   Database Error in model stg_orders (models\jaffle_shop\stg_orders.sql)
  Access Denied: Table dbt-tutorial:jaffle_shop.orders: User does not have permission to query table dbt-tutorial:jaffle_shop.orders, or perhaps it does not exist.
  compiled code at target\run\dbt_learn_osas\models\jaffle_shop\stg_orders.sql
[0m12:22:07.775260 [info ] [MainThread]: 
[0m12:22:07.781663 [info ] [MainThread]:   compiled code at target\compiled\dbt_learn_osas\models\jaffle_shop\stg_orders.sql
[0m12:22:07.781663 [info ] [MainThread]: 
[0m12:22:07.781663 [error] [MainThread]: [31mFailure in model stg_customers (models\jaffle_shop\stg_customers.sql)[0m
[0m12:22:07.793603 [error] [MainThread]:   Database Error in model stg_customers (models\jaffle_shop\stg_customers.sql)
  Access Denied: Table dbt-tutorial:jaffle_shop.customers: User does not have permission to query table dbt-tutorial:jaffle_shop.customers, or perhaps it does not exist.
  compiled code at target\run\dbt_learn_osas\models\jaffle_shop\stg_customers.sql
[0m12:22:07.793603 [info ] [MainThread]: 
[0m12:22:07.803880 [info ] [MainThread]:   compiled code at target\compiled\dbt_learn_osas\models\jaffle_shop\stg_customers.sql
[0m12:22:07.806329 [info ] [MainThread]: 
[0m12:22:07.806329 [info ] [MainThread]: Done. PASS=2 WARN=0 ERROR=2 SKIP=1 NO-OP=0 TOTAL=5
[0m12:22:07.823370 [debug] [MainThread]: Command `dbt run` failed at 12:22:07.823370 after 75.93 seconds
[0m12:22:07.823370 [debug] [MainThread]: Sending event: {'category': 'dbt', 'action': 'invocation', 'label': 'end', 'context': [<snowplow_tracker.self_describing_json.SelfDescribingJson object at 0x000002DCD89E9CD0>, <snowplow_tracker.self_describing_json.SelfDescribingJson object at 0x000002DCEF905FD0>, <snowplow_tracker.self_describing_json.SelfDescribingJson object at 0x000002DCD7CC4A70>]}
[0m12:22:07.823370 [debug] [MainThread]: Flushing usage events
[0m12:22:14.762815 [debug] [MainThread]: An error was encountered while trying to flush usage events
[0m12:33:12.448229 [debug] [MainThread]: Sending event: {'category': 'dbt', 'action': 'invocation', 'label': 'start', 'context': [<snowplow_tracker.self_describing_json.SelfDescribingJson object at 0x00000269D44FEE40>, <snowplow_tracker.self_describing_json.SelfDescribingJson object at 0x00000269D44FC440>, <snowplow_tracker.self_describing_json.SelfDescribingJson object at 0x00000269D44FED50>]}


============================== 12:33:12.463855 | 7f149978-1bd9-4563-af15-6369038d346d ==============================
[0m12:33:12.463855 [info ] [MainThread]: Running with dbt=1.11.2
[0m12:33:12.463855 [debug] [MainThread]: running dbt with arguments {'version_check': 'True', 'no_print': 'None', 'static_parser': 'True', 'warn_error_options': 'WarnErrorOptionsV2(error=[], warn=[], silence=[])', 'target_path': 'None', 'printer_width': '80', 'write_json': 'True', 'introspect': 'True', 'log_cache_events': 'False', 'empty': 'False', 'cache_selected_only': 'False', 'fail_fast': 'False', 'debug': 'False', 'log_format': 'default', 'profiles_dir': 'C:\\Users\\HP\\.dbt', 'send_anonymous_usage_stats': 'True', 'quiet': 'False', 'warn_error': 'None', 'partial_parse': 'True', 'invocation_command': 'dbt run --full-refresh', 'use_colors': 'True', 'indirect_selection': 'eager', 'use_experimental_parser': 'False', 'log_path': 'C:\\Users\\HP\\data_engineering_mastery\\dbt_process\\dbt_learn_osas\\logs'}
[0m12:34:00.695529 [debug] [MainThread]: Sending event: {'category': 'dbt', 'action': 'project_id', 'label': '7f149978-1bd9-4563-af15-6369038d346d', 'context': [<snowplow_tracker.self_describing_json.SelfDescribingJson object at 0x00000269D385F380>]}
[0m12:34:01.072225 [debug] [MainThread]: Sending event: {'category': 'dbt', 'action': 'adapter_info', 'label': '7f149978-1bd9-4563-af15-6369038d346d', 'context': [<snowplow_tracker.self_describing_json.SelfDescribingJson object at 0x00000269E55D1F40>]}
[0m12:34:01.072225 [info ] [MainThread]: Registered adapter: bigquery=1.11.0
[0m12:34:03.784491 [debug] [MainThread]: checksum: 3d40d8bbe1bef07db1c24822f2dbfff8bc07f2a48ed4fe2658a40653aec0b54b, vars: {}, profile: , target: , version: 1.11.2
[0m12:34:04.316758 [debug] [MainThread]: Partial parsing enabled: 0 files deleted, 0 files added, 2 files changed.
[0m12:34:04.332387 [debug] [MainThread]: Partial parsing: updated file: dbt_learn_osas://models\jaffle_shop\stg_customers.sql
[0m12:34:04.332387 [debug] [MainThread]: Partial parsing: updated file: dbt_learn_osas://models\jaffle_shop\stg_orders.sql
[0m12:34:04.959929 [error] [MainThread]: Encountered an error:
Compilation Error
  Model 'model.dbt_learn_osas.stg_customers' (models\jaffle_shop\stg_customers.sql) depends on a source named 'dbt_dataset.customers' which was not found
[0m12:34:04.959929 [debug] [MainThread]: Command `dbt run` failed at 12:34:04.959929 after 52.93 seconds
[0m12:34:04.975571 [debug] [MainThread]: Sending event: {'category': 'dbt', 'action': 'invocation', 'label': 'end', 'context': [<snowplow_tracker.self_describing_json.SelfDescribingJson object at 0x00000269D415D8B0>, <snowplow_tracker.self_describing_json.SelfDescribingJson object at 0x00000269EBA85670>, <snowplow_tracker.self_describing_json.SelfDescribingJson object at 0x00000269EBC4F620>]}
[0m12:34:04.975571 [debug] [MainThread]: Flushing usage events
[0m12:34:12.378399 [debug] [MainThread]: An error was encountered while trying to flush usage events
[0m12:35:50.077905 [debug] [MainThread]: Sending event: {'category': 'dbt', 'action': 'invocation', 'label': 'start', 'context': [<snowplow_tracker.self_describing_json.SelfDescribingJson object at 0x000001E569384A40>, <snowplow_tracker.self_describing_json.SelfDescribingJson object at 0x000001E56C1CDB20>, <snowplow_tracker.self_describing_json.SelfDescribingJson object at 0x000001E569701880>]}


============================== 12:35:50.093553 | 5e2667ef-b1e2-48a4-98a8-e9b32ba38008 ==============================
[0m12:35:50.093553 [info ] [MainThread]: Running with dbt=1.11.2
[0m12:35:50.093553 [debug] [MainThread]: running dbt with arguments {'static_parser': 'True', 'no_print': 'None', 'version_check': 'True', 'warn_error_options': 'WarnErrorOptionsV2(error=[], warn=[], silence=[])', 'target_path': 'None', 'printer_width': '80', 'write_json': 'True', 'empty': 'False', 'log_cache_events': 'False', 'introspect': 'True', 'cache_selected_only': 'False', 'fail_fast': 'False', 'debug': 'False', 'log_format': 'default', 'partial_parse': 'True', 'send_anonymous_usage_stats': 'True', 'quiet': 'False', 'warn_error': 'None', 'profiles_dir': 'C:\\Users\\HP\\.dbt', 'use_colors': 'True', 'invocation_command': 'dbt run --full-refresh', 'indirect_selection': 'eager', 'use_experimental_parser': 'False', 'log_path': 'C:\\Users\\HP\\data_engineering_mastery\\dbt_process\\dbt_learn_osas\\logs'}
[0m12:36:37.464763 [debug] [MainThread]: Sending event: {'category': 'dbt', 'action': 'project_id', 'label': '5e2667ef-b1e2-48a4-98a8-e9b32ba38008', 'context': [<snowplow_tracker.self_describing_json.SelfDescribingJson object at 0x000001E569489D60>]}
[0m12:36:37.758595 [debug] [MainThread]: Sending event: {'category': 'dbt', 'action': 'adapter_info', 'label': '5e2667ef-b1e2-48a4-98a8-e9b32ba38008', 'context': [<snowplow_tracker.self_describing_json.SelfDescribingJson object at 0x000001E56956B4D0>]}
[0m12:36:37.758595 [info ] [MainThread]: Registered adapter: bigquery=1.11.0
[0m12:36:40.191040 [debug] [MainThread]: checksum: 3d40d8bbe1bef07db1c24822f2dbfff8bc07f2a48ed4fe2658a40653aec0b54b, vars: {}, profile: , target: , version: 1.11.2
[0m12:36:40.677448 [debug] [MainThread]: Partial parsing enabled: 0 files deleted, 0 files added, 0 files changed.
[0m12:36:40.677448 [debug] [MainThread]: Nothing changed, skipping partial parsing.
[0m12:36:40.677448 [debug] [MainThread]: Partial parsing enabled, no changes found, skipping parsing
[0m12:36:40.787330 [debug] [MainThread]: Sending event: {'category': 'dbt', 'action': 'load_project', 'label': '5e2667ef-b1e2-48a4-98a8-e9b32ba38008', 'context': [<snowplow_tracker.self_describing_json.SelfDescribingJson object at 0x000001E56C94FCE0>]}
[0m12:36:40.975964 [debug] [MainThread]: Wrote artifact WritableManifest to C:\Users\HP\data_engineering_mastery\dbt_process\dbt_learn_osas\target\manifest.json
[0m12:36:40.991612 [debug] [MainThread]: Wrote artifact SemanticManifest to C:\Users\HP\data_engineering_mastery\dbt_process\dbt_learn_osas\target\semantic_manifest.json
[0m12:36:41.099911 [debug] [MainThread]: Sending event: {'category': 'dbt', 'action': 'resource_counts', 'label': '5e2667ef-b1e2-48a4-98a8-e9b32ba38008', 'context': [<snowplow_tracker.self_describing_json.SelfDescribingJson object at 0x000001E503C8BD10>]}
[0m12:36:41.099911 [info ] [MainThread]: Found 5 models, 1 seed, 4 data tests, 2 sources, 538 macros
[0m12:36:41.099911 [debug] [MainThread]: Sending event: {'category': 'dbt', 'action': 'runnable_timing', 'label': '5e2667ef-b1e2-48a4-98a8-e9b32ba38008', 'context': [<snowplow_tracker.self_describing_json.SelfDescribingJson object at 0x000001E5040D5AC0>]}
[0m12:36:41.117583 [info ] [MainThread]: 
[0m12:36:41.123562 [info ] [MainThread]: Concurrency: 4 threads (target='dev')
[0m12:36:41.125563 [info ] [MainThread]: 
[0m12:36:41.135451 [debug] [MainThread]: Acquiring new bigquery connection 'master'
[0m12:36:41.162549 [debug] [ThreadPool]: Acquiring new bigquery connection 'list_my-dbt-project-486616'
[0m12:36:41.164554 [debug] [ThreadPool]: Opening a new connection, currently in state init
[0m12:36:44.518123 [debug] [ThreadPool]: Acquiring new bigquery connection 'list_my-dbt-project-486616_dbt_dataset'
[0m12:36:44.518123 [debug] [ThreadPool]: Opening a new connection, currently in state init
[0m12:36:52.688132 [debug] [MainThread]: Sending event: {'category': 'dbt', 'action': 'runnable_timing', 'label': '5e2667ef-b1e2-48a4-98a8-e9b32ba38008', 'context': [<snowplow_tracker.self_describing_json.SelfDescribingJson object at 0x000001E5040D35F0>]}
[0m12:36:52.688132 [debug] [MainThread]: Opening a new connection, currently in state init
[0m12:36:52.781736 [debug] [Thread-1 (]: Began running node model.dbt_learn_osas.my_first_dbt_model
[0m12:36:52.781736 [debug] [Thread-2 (]: Began running node model.dbt_learn_osas.stg_customers
[0m12:36:52.787253 [debug] [Thread-3 (]: Began running node model.dbt_learn_osas.stg_orders
[0m12:36:52.787253 [info ] [Thread-1 (]: 1 of 5 START sql view model dbt_dataset.my_first_dbt_model ..................... [RUN]
[0m12:36:52.787253 [info ] [Thread-2 (]: 2 of 5 START sql table model dbt_dataset.stg_customers ......................... [RUN]
[0m12:36:52.787253 [debug] [Thread-1 (]: Acquiring new bigquery connection 'model.dbt_learn_osas.my_first_dbt_model'
[0m12:36:52.803929 [debug] [Thread-1 (]: Began compiling node model.dbt_learn_osas.my_first_dbt_model
[0m12:36:52.799864 [debug] [Thread-2 (]: Acquiring new bigquery connection 'model.dbt_learn_osas.stg_customers'
[0m12:36:52.816675 [debug] [Thread-2 (]: Began compiling node model.dbt_learn_osas.stg_customers
[0m12:36:52.787253 [info ] [Thread-3 (]: 3 of 5 START sql table model dbt_dataset.stg_orders ............................ [RUN]
[0m12:36:52.850730 [debug] [Thread-1 (]: Writing injected SQL for node "model.dbt_learn_osas.my_first_dbt_model"
[0m12:36:52.850730 [debug] [Thread-2 (]: Writing injected SQL for node "model.dbt_learn_osas.stg_customers"
[0m12:36:52.850730 [debug] [Thread-3 (]: Acquiring new bigquery connection 'model.dbt_learn_osas.stg_orders'
[0m12:36:52.866358 [debug] [Thread-3 (]: Began compiling node model.dbt_learn_osas.stg_orders
[0m12:36:52.866358 [debug] [Thread-3 (]: Writing injected SQL for node "model.dbt_learn_osas.stg_orders"
[0m12:36:52.866358 [debug] [Thread-2 (]: Began executing node model.dbt_learn_osas.stg_customers
[0m12:36:52.866358 [debug] [Thread-1 (]: Began executing node model.dbt_learn_osas.my_first_dbt_model
[0m12:36:52.929287 [debug] [Thread-3 (]: Began executing node model.dbt_learn_osas.stg_orders
[0m12:36:52.976162 [debug] [Thread-1 (]: Writing runtime sql for node "model.dbt_learn_osas.my_first_dbt_model"
[0m12:36:52.992192 [debug] [Thread-2 (]: Opening a new connection, currently in state init
[0m12:36:53.007833 [debug] [Thread-3 (]: Opening a new connection, currently in state init
[0m12:36:53.101984 [debug] [Thread-1 (]: On model.dbt_learn_osas.my_first_dbt_model: /* {"app": "dbt", "dbt_version": "1.11.2", "profile_name": "dbt_learn_osas", "target_name": "dev", "node_id": "model.dbt_learn_osas.my_first_dbt_model"} */


  create or replace view `my-dbt-project-486616`.`dbt_dataset`.`my_first_dbt_model`
  OPTIONS()
  as /*
    Welcome to your first dbt model!
    Did you know that you can also configure models directly within SQL files?
    This will override configurations stated in dbt_project.yml

    Try changing "table" to "view" below
*/



with source_data as (

    select 1 as id
    union all
    select null as id

)

select *
from source_data

/*
    Uncomment the line below to remove records with null `id` values
*/

-- where id is not null;


[0m12:36:53.101984 [debug] [Thread-1 (]: Opening a new connection, currently in state init
[0m12:36:56.923656 [debug] [Thread-3 (]: Writing runtime sql for node "model.dbt_learn_osas.stg_orders"
[0m12:36:56.923656 [debug] [Thread-3 (]: On model.dbt_learn_osas.stg_orders: /* {"app": "dbt", "dbt_version": "1.11.2", "profile_name": "dbt_learn_osas", "target_name": "dev", "node_id": "model.dbt_learn_osas.stg_orders"} */

  
    

    create or replace table `my-dbt-project-486616`.`dbt_dataset`.`stg_orders`
      
    
    

    
    OPTIONS()
    as (
      select
        id as order_id,
        user_id as customer_id,
        order_date,
        status

    from `dbt-tutorial`.`jaffle_shop`.`orders`--my-dbt-project-486616.dbt_dataset.orders
    );
  
[0m12:36:56.939282 [debug] [Thread-2 (]: Writing runtime sql for node "model.dbt_learn_osas.stg_customers"
[0m12:36:56.939282 [debug] [Thread-2 (]: On model.dbt_learn_osas.stg_customers: /* {"app": "dbt", "dbt_version": "1.11.2", "profile_name": "dbt_learn_osas", "target_name": "dev", "node_id": "model.dbt_learn_osas.stg_customers"} */

  
    

    create or replace table `my-dbt-project-486616`.`dbt_dataset`.`stg_customers`
      
    
    

    
    OPTIONS()
    as (
      select
        id as customer_id,
        first_name,
        last_name

    from `dbt-tutorial`.`jaffle_shop`.`customers` --my-dbt-project-486616.dbt_dataset.customers
    );
  
[0m12:36:57.124677 [debug] [Thread-1 (]: BigQuery adapter: https://console.cloud.google.com/bigquery?project=my-dbt-project-486616&j=bq:EU:56c248b9-1bda-4e1d-bf80-d15e53dbc3e3&page=queryresults
[0m12:36:57.548409 [debug] [Thread-2 (]: BigQuery adapter: https://console.cloud.google.com/bigquery?project=my-dbt-project-486616&j=bq:EU:7f896d5f-a075-4777-b30d-b47e0f12e009&page=queryresults
[0m12:36:57.548409 [error] [Thread-2 (]: BigQuery adapter: https://console.cloud.google.com/bigquery?project=my-dbt-project-486616&j=bq:EU:7f896d5f-a075-4777-b30d-b47e0f12e009&page=queryresults
[0m12:36:57.563991 [debug] [Thread-3 (]: BigQuery adapter: https://console.cloud.google.com/bigquery?project=my-dbt-project-486616&j=bq:EU:d5451ce8-5c41-40be-9ead-aa0b29ee4420&page=queryresults
[0m12:36:57.596003 [error] [Thread-3 (]: BigQuery adapter: https://console.cloud.google.com/bigquery?project=my-dbt-project-486616&j=bq:EU:d5451ce8-5c41-40be-9ead-aa0b29ee4420&page=queryresults
[0m12:36:57.641170 [debug] [Thread-3 (]: Database Error in model stg_orders (models\jaffle_shop\stg_orders.sql)
  Access Denied: Table dbt-tutorial:jaffle_shop.orders: User does not have permission to query table dbt-tutorial:jaffle_shop.orders, or perhaps it does not exist.
  compiled code at target\run\dbt_learn_osas\models\jaffle_shop\stg_orders.sql
[0m12:36:57.650797 [debug] [Thread-2 (]: Database Error in model stg_customers (models\jaffle_shop\stg_customers.sql)
  Access Denied: Table dbt-tutorial:jaffle_shop.customers: User does not have permission to query table dbt-tutorial:jaffle_shop.customers, or perhaps it does not exist.
  compiled code at target\run\dbt_learn_osas\models\jaffle_shop\stg_customers.sql
[0m12:36:57.650797 [debug] [Thread-1 (]: SQL status: OK in 0.534 seconds
[0m12:36:57.650797 [debug] [Thread-3 (]: Sending event: {'category': 'dbt', 'action': 'run_model', 'label': '5e2667ef-b1e2-48a4-98a8-e9b32ba38008', 'context': [<snowplow_tracker.self_describing_json.SelfDescribingJson object at 0x000001E504202570>]}
[0m12:36:57.667088 [debug] [Thread-2 (]: Sending event: {'category': 'dbt', 'action': 'run_model', 'label': '5e2667ef-b1e2-48a4-98a8-e9b32ba38008', 'context': [<snowplow_tracker.self_describing_json.SelfDescribingJson object at 0x000001E5041E2630>]}
[0m12:36:57.667088 [error] [Thread-3 (]: 3 of 5 ERROR creating sql table model dbt_dataset.stg_orders ................... [[31mERROR[0m in 4.79s]
[0m12:36:57.667088 [error] [Thread-2 (]: 2 of 5 ERROR creating sql table model dbt_dataset.stg_customers ................ [[31mERROR[0m in 4.85s]
[0m12:36:57.667088 [debug] [Thread-3 (]: Finished running node model.dbt_learn_osas.stg_orders
[0m12:36:57.687086 [debug] [Thread-2 (]: Finished running node model.dbt_learn_osas.stg_customers
[0m12:36:57.690078 [debug] [Thread-7 (]: Marking all children of 'model.dbt_learn_osas.stg_orders' to be skipped because of status 'error'.  Reason: Database Error in model stg_orders (models\jaffle_shop\stg_orders.sql)
  Access Denied: Table dbt-tutorial:jaffle_shop.orders: User does not have permission to query table dbt-tutorial:jaffle_shop.orders, or perhaps it does not exist.
  compiled code at target\run\dbt_learn_osas\models\jaffle_shop\stg_orders.sql.
[0m12:36:57.692142 [debug] [Thread-7 (]: Marking all children of 'model.dbt_learn_osas.stg_customers' to be skipped because of status 'error'.  Reason: Database Error in model stg_customers (models\jaffle_shop\stg_customers.sql)
  Access Denied: Table dbt-tutorial:jaffle_shop.customers: User does not have permission to query table dbt-tutorial:jaffle_shop.customers, or perhaps it does not exist.
  compiled code at target\run\dbt_learn_osas\models\jaffle_shop\stg_customers.sql.
[0m12:36:57.702161 [debug] [Thread-4 (]: Began running node model.dbt_learn_osas.customer_orders
[0m12:36:57.710159 [info ] [Thread-4 (]: 4 of 5 SKIP relation dbt_dataset.customer_orders ............................... [[33mSKIP[0m]
[0m12:36:57.719810 [debug] [Thread-4 (]: Finished running node model.dbt_learn_osas.customer_orders
[0m12:36:57.962455 [debug] [Thread-1 (]: Sending event: {'category': 'dbt', 'action': 'run_model', 'label': '5e2667ef-b1e2-48a4-98a8-e9b32ba38008', 'context': [<snowplow_tracker.self_describing_json.SelfDescribingJson object at 0x000001E5041E25A0>]}
[0m12:36:57.962455 [info ] [Thread-1 (]: 1 of 5 OK created sql view model dbt_dataset.my_first_dbt_model ................ [[32mCREATE VIEW (0 processed)[0m in 5.18s]
[0m12:36:57.978074 [debug] [Thread-1 (]: Finished running node model.dbt_learn_osas.my_first_dbt_model
[0m12:36:57.978074 [debug] [Thread-2 (]: Began running node model.dbt_learn_osas.my_second_dbt_model
[0m12:36:57.978074 [info ] [Thread-2 (]: 5 of 5 START sql view model dbt_dataset.my_second_dbt_model .................... [RUN]
[0m12:36:57.986548 [debug] [Thread-2 (]: Re-using an available connection from the pool (formerly model.dbt_learn_osas.stg_customers, now model.dbt_learn_osas.my_second_dbt_model)
[0m12:36:57.988958 [debug] [Thread-2 (]: Began compiling node model.dbt_learn_osas.my_second_dbt_model
[0m12:36:57.999200 [debug] [Thread-2 (]: Writing injected SQL for node "model.dbt_learn_osas.my_second_dbt_model"
[0m12:36:58.008872 [debug] [Thread-2 (]: Began executing node model.dbt_learn_osas.my_second_dbt_model
[0m12:36:58.016519 [debug] [Thread-2 (]: Writing runtime sql for node "model.dbt_learn_osas.my_second_dbt_model"
[0m12:36:58.016519 [debug] [Thread-2 (]: On model.dbt_learn_osas.my_second_dbt_model: /* {"app": "dbt", "dbt_version": "1.11.2", "profile_name": "dbt_learn_osas", "target_name": "dev", "node_id": "model.dbt_learn_osas.my_second_dbt_model"} */


  create or replace view `my-dbt-project-486616`.`dbt_dataset`.`my_second_dbt_model`
  OPTIONS()
  as -- Use the `ref` function to select from other models

select *
from `my-dbt-project-486616`.`dbt_dataset`.`my_first_dbt_model`
where id = 1;


[0m12:36:58.016519 [debug] [Thread-2 (]: Opening a new connection, currently in state closed
[0m12:37:01.719151 [debug] [Thread-2 (]: BigQuery adapter: https://console.cloud.google.com/bigquery?project=my-dbt-project-486616&j=bq:EU:5194a924-d5f7-4662-a822-28227efc1410&page=queryresults
[0m12:37:02.175472 [debug] [Thread-2 (]: SQL status: OK in 0.462 seconds
[0m12:37:02.206766 [debug] [Thread-2 (]: Sending event: {'category': 'dbt', 'action': 'run_model', 'label': '5e2667ef-b1e2-48a4-98a8-e9b32ba38008', 'context': [<snowplow_tracker.self_describing_json.SelfDescribingJson object at 0x000001E504947FB0>]}
[0m12:37:02.206766 [info ] [Thread-2 (]: 5 of 5 OK created sql view model dbt_dataset.my_second_dbt_model ............... [[32mCREATE VIEW (0 processed)[0m in 4.23s]
[0m12:37:02.206766 [debug] [Thread-2 (]: Finished running node model.dbt_learn_osas.my_second_dbt_model
[0m12:37:02.206766 [debug] [MainThread]: Opening a new connection, currently in state closed
[0m12:37:02.291351 [debug] [MainThread]: Connection 'master' was properly closed.
[0m12:37:02.292355 [debug] [MainThread]: Connection 'list_my-dbt-project-486616' was properly closed.
[0m12:37:02.293349 [debug] [MainThread]: Connection 'list_my-dbt-project-486616_dbt_dataset' was properly closed.
[0m12:37:02.294353 [debug] [MainThread]: Connection 'model.dbt_learn_osas.my_first_dbt_model' was properly closed.
[0m12:37:02.294353 [debug] [MainThread]: Connection 'model.dbt_learn_osas.my_second_dbt_model' was properly closed.
[0m12:37:02.296353 [debug] [MainThread]: Connection 'model.dbt_learn_osas.stg_orders' was properly closed.
[0m12:37:02.297348 [info ] [MainThread]: 
[0m12:37:02.298995 [info ] [MainThread]: Finished running 2 table models, 3 view models in 0 hours 0 minutes and 21.17 seconds (21.17s).
[0m12:37:02.298995 [debug] [MainThread]: Command end result
[0m12:37:02.383736 [debug] [MainThread]: Wrote artifact WritableManifest to C:\Users\HP\data_engineering_mastery\dbt_process\dbt_learn_osas\target\manifest.json
[0m12:37:02.391734 [debug] [MainThread]: Wrote artifact SemanticManifest to C:\Users\HP\data_engineering_mastery\dbt_process\dbt_learn_osas\target\semantic_manifest.json
[0m12:37:02.407324 [debug] [MainThread]: Wrote artifact RunExecutionResult to C:\Users\HP\data_engineering_mastery\dbt_process\dbt_learn_osas\target\run_results.json
[0m12:37:02.407324 [info ] [MainThread]: 
[0m12:37:02.407324 [info ] [MainThread]: [31mCompleted with 2 errors, 0 partial successes, and 0 warnings:[0m
[0m12:37:02.412839 [info ] [MainThread]: 
[0m12:37:02.412839 [error] [MainThread]: [31mFailure in model stg_orders (models\jaffle_shop\stg_orders.sql)[0m
[0m12:37:02.418758 [error] [MainThread]:   Database Error in model stg_orders (models\jaffle_shop\stg_orders.sql)
  Access Denied: Table dbt-tutorial:jaffle_shop.orders: User does not have permission to query table dbt-tutorial:jaffle_shop.orders, or perhaps it does not exist.
  compiled code at target\run\dbt_learn_osas\models\jaffle_shop\stg_orders.sql
[0m12:37:02.423439 [info ] [MainThread]: 
[0m12:37:02.426086 [info ] [MainThread]:   compiled code at target\compiled\dbt_learn_osas\models\jaffle_shop\stg_orders.sql
[0m12:37:02.429086 [info ] [MainThread]: 
[0m12:37:02.437814 [error] [MainThread]: [31mFailure in model stg_customers (models\jaffle_shop\stg_customers.sql)[0m
[0m12:37:02.441782 [error] [MainThread]:   Database Error in model stg_customers (models\jaffle_shop\stg_customers.sql)
  Access Denied: Table dbt-tutorial:jaffle_shop.customers: User does not have permission to query table dbt-tutorial:jaffle_shop.customers, or perhaps it does not exist.
  compiled code at target\run\dbt_learn_osas\models\jaffle_shop\stg_customers.sql
[0m12:37:02.446781 [info ] [MainThread]: 
[0m12:37:02.453389 [info ] [MainThread]:   compiled code at target\compiled\dbt_learn_osas\models\jaffle_shop\stg_customers.sql
[0m12:37:02.470574 [info ] [MainThread]: 
[0m12:37:02.487264 [info ] [MainThread]: Done. PASS=2 WARN=0 ERROR=2 SKIP=1 NO-OP=0 TOTAL=5
[0m12:37:02.492110 [debug] [MainThread]: Command `dbt run` failed at 12:37:02.492110 after 72.81 seconds
[0m12:37:02.499601 [debug] [MainThread]: Sending event: {'category': 'dbt', 'action': 'invocation', 'label': 'end', 'context': [<snowplow_tracker.self_describing_json.SelfDescribingJson object at 0x000001E56C973B00>, <snowplow_tracker.self_describing_json.SelfDescribingJson object at 0x000001E503C8BD10>, <snowplow_tracker.self_describing_json.SelfDescribingJson object at 0x000001E56BA58A70>]}
[0m12:37:02.505492 [debug] [MainThread]: Flushing usage events
[0m12:37:04.620795 [debug] [MainThread]: An error was encountered while trying to flush usage events
[0m12:43:24.941416 [debug] [MainThread]: Sending event: {'category': 'dbt', 'action': 'invocation', 'label': 'start', 'context': [<snowplow_tracker.self_describing_json.SelfDescribingJson object at 0x0000019F03A456D0>, <snowplow_tracker.self_describing_json.SelfDescribingJson object at 0x0000019F0139A7E0>, <snowplow_tracker.self_describing_json.SelfDescribingJson object at 0x0000019F7FD31400>]}


============================== 12:43:24.957038 | ebd043d1-c322-4146-80d1-0d9e4f55a873 ==============================
[0m12:43:24.957038 [info ] [MainThread]: Running with dbt=1.11.2
[0m12:43:24.957038 [debug] [MainThread]: running dbt with arguments {'static_parser': 'True', 'no_print': 'None', 'version_check': 'True', 'target_path': 'None', 'warn_error_options': 'WarnErrorOptionsV2(error=[], warn=[], silence=[])', 'printer_width': '80', 'write_json': 'True', 'introspect': 'True', 'log_cache_events': 'False', 'empty': 'False', 'cache_selected_only': 'False', 'fail_fast': 'False', 'debug': 'False', 'log_format': 'default', 'profiles_dir': 'C:\\Users\\HP\\.dbt', 'send_anonymous_usage_stats': 'True', 'quiet': 'False', 'warn_error': 'None', 'partial_parse': 'True', 'invocation_command': 'dbt run --full-refresh', 'use_colors': 'True', 'indirect_selection': 'eager', 'use_experimental_parser': 'False', 'log_path': 'C:\\Users\\HP\\data_engineering_mastery\\dbt_process\\dbt_learn_osas\\logs'}
[0m12:44:13.235856 [debug] [MainThread]: Sending event: {'category': 'dbt', 'action': 'project_id', 'label': 'ebd043d1-c322-4146-80d1-0d9e4f55a873', 'context': [<snowplow_tracker.self_describing_json.SelfDescribingJson object at 0x0000019F1AADF590>]}
[0m12:44:14.065528 [debug] [MainThread]: Sending event: {'category': 'dbt', 'action': 'adapter_info', 'label': 'ebd043d1-c322-4146-80d1-0d9e4f55a873', 'context': [<snowplow_tracker.self_describing_json.SelfDescribingJson object at 0x0000019F02CC7D40>]}
[0m12:44:14.065528 [info ] [MainThread]: Registered adapter: bigquery=1.11.0
[0m12:44:17.152527 [debug] [MainThread]: checksum: 3d40d8bbe1bef07db1c24822f2dbfff8bc07f2a48ed4fe2658a40653aec0b54b, vars: {}, profile: , target: , version: 1.11.2
[0m12:44:18.087588 [debug] [MainThread]: Partial parsing enabled: 0 files deleted, 0 files added, 1 files changed.
[0m12:44:18.087588 [debug] [MainThread]: Partial parsing: updated file: dbt_learn_osas://models\sources.yml
[0m12:44:19.280175 [debug] [MainThread]: Sending event: {'category': 'dbt', 'action': 'load_project', 'label': 'ebd043d1-c322-4146-80d1-0d9e4f55a873', 'context': [<snowplow_tracker.self_describing_json.SelfDescribingJson object at 0x0000019F01322510>]}
[0m12:44:19.580843 [debug] [MainThread]: Wrote artifact WritableManifest to C:\Users\HP\data_engineering_mastery\dbt_process\dbt_learn_osas\target\manifest.json
[0m12:44:19.590359 [debug] [MainThread]: Wrote artifact SemanticManifest to C:\Users\HP\data_engineering_mastery\dbt_process\dbt_learn_osas\target\semantic_manifest.json
[0m12:44:19.711657 [debug] [MainThread]: Sending event: {'category': 'dbt', 'action': 'resource_counts', 'label': 'ebd043d1-c322-4146-80d1-0d9e4f55a873', 'context': [<snowplow_tracker.self_describing_json.SelfDescribingJson object at 0x0000019F1AFE0EF0>]}
[0m12:44:19.711657 [info ] [MainThread]: Found 5 models, 1 seed, 4 data tests, 2 sources, 538 macros
[0m12:44:19.727288 [debug] [MainThread]: Sending event: {'category': 'dbt', 'action': 'runnable_timing', 'label': 'ebd043d1-c322-4146-80d1-0d9e4f55a873', 'context': [<snowplow_tracker.self_describing_json.SelfDescribingJson object at 0x0000019F1B38E480>]}
[0m12:44:19.727288 [info ] [MainThread]: 
[0m12:44:19.727288 [info ] [MainThread]: Concurrency: 4 threads (target='dev')
[0m12:44:19.727288 [info ] [MainThread]: 
[0m12:44:19.727288 [debug] [MainThread]: Acquiring new bigquery connection 'master'
[0m12:44:19.773615 [debug] [ThreadPool]: Acquiring new bigquery connection 'list_my-dbt-project-486616'
[0m12:44:19.783321 [debug] [ThreadPool]: Opening a new connection, currently in state init
[0m12:44:31.695325 [debug] [ThreadPool]: Acquiring new bigquery connection 'list_my-dbt-project-486616_dbt_dataset'
[0m12:44:31.710903 [debug] [ThreadPool]: Opening a new connection, currently in state init
[0m12:44:35.186597 [debug] [MainThread]: Sending event: {'category': 'dbt', 'action': 'runnable_timing', 'label': 'ebd043d1-c322-4146-80d1-0d9e4f55a873', 'context': [<snowplow_tracker.self_describing_json.SelfDescribingJson object at 0x0000019F1B435EB0>]}
[0m12:44:35.189599 [debug] [MainThread]: Opening a new connection, currently in state init
[0m12:44:35.259965 [debug] [Thread-1 (]: Began running node model.dbt_learn_osas.my_first_dbt_model
[0m12:44:35.259965 [debug] [Thread-2 (]: Began running node model.dbt_learn_osas.stg_customers
[0m12:44:35.259965 [debug] [Thread-3 (]: Began running node model.dbt_learn_osas.stg_orders
[0m12:44:35.259965 [info ] [Thread-1 (]: 1 of 5 START sql view model dbt_dataset.my_first_dbt_model ..................... [RUN]
[0m12:44:35.259965 [info ] [Thread-2 (]: 2 of 5 START sql table model dbt_dataset.stg_customers ......................... [RUN]
[0m12:44:35.259965 [info ] [Thread-3 (]: 3 of 5 START sql table model dbt_dataset.stg_orders ............................ [RUN]
[0m12:44:35.275578 [debug] [Thread-1 (]: Acquiring new bigquery connection 'model.dbt_learn_osas.my_first_dbt_model'
[0m12:44:35.275578 [debug] [Thread-2 (]: Acquiring new bigquery connection 'model.dbt_learn_osas.stg_customers'
[0m12:44:35.275578 [debug] [Thread-3 (]: Acquiring new bigquery connection 'model.dbt_learn_osas.stg_orders'
[0m12:44:35.275578 [debug] [Thread-1 (]: Began compiling node model.dbt_learn_osas.my_first_dbt_model
[0m12:44:35.275578 [debug] [Thread-2 (]: Began compiling node model.dbt_learn_osas.stg_customers
[0m12:44:35.275578 [debug] [Thread-3 (]: Began compiling node model.dbt_learn_osas.stg_orders
[0m12:44:35.309083 [debug] [Thread-1 (]: Writing injected SQL for node "model.dbt_learn_osas.my_first_dbt_model"
[0m12:44:35.317397 [debug] [Thread-2 (]: Writing injected SQL for node "model.dbt_learn_osas.stg_customers"
[0m12:44:35.327915 [debug] [Thread-3 (]: Writing injected SQL for node "model.dbt_learn_osas.stg_orders"
[0m12:44:35.329308 [debug] [Thread-2 (]: Began executing node model.dbt_learn_osas.stg_customers
[0m12:44:35.329308 [debug] [Thread-1 (]: Began executing node model.dbt_learn_osas.my_first_dbt_model
[0m12:44:35.363363 [debug] [Thread-3 (]: Began executing node model.dbt_learn_osas.stg_orders
[0m12:44:35.368361 [debug] [Thread-2 (]: Opening a new connection, currently in state init
[0m12:44:35.385708 [debug] [Thread-3 (]: Opening a new connection, currently in state init
[0m12:44:35.427453 [debug] [Thread-1 (]: Writing runtime sql for node "model.dbt_learn_osas.my_first_dbt_model"
[0m12:44:35.533979 [debug] [Thread-1 (]: On model.dbt_learn_osas.my_first_dbt_model: /* {"app": "dbt", "dbt_version": "1.11.2", "profile_name": "dbt_learn_osas", "target_name": "dev", "node_id": "model.dbt_learn_osas.my_first_dbt_model"} */


  create or replace view `my-dbt-project-486616`.`dbt_dataset`.`my_first_dbt_model`
  OPTIONS()
  as /*
    Welcome to your first dbt model!
    Did you know that you can also configure models directly within SQL files?
    This will override configurations stated in dbt_project.yml

    Try changing "table" to "view" below
*/



with source_data as (

    select 1 as id
    union all
    select null as id

)

select *
from source_data

/*
    Uncomment the line below to remove records with null `id` values
*/

-- where id is not null;


[0m12:44:35.652364 [debug] [Thread-1 (]: Opening a new connection, currently in state init
[0m12:44:39.610124 [debug] [Thread-3 (]: Writing runtime sql for node "model.dbt_learn_osas.stg_orders"
[0m12:44:39.610124 [debug] [Thread-3 (]: On model.dbt_learn_osas.stg_orders: /* {"app": "dbt", "dbt_version": "1.11.2", "profile_name": "dbt_learn_osas", "target_name": "dev", "node_id": "model.dbt_learn_osas.stg_orders"} */

  
    

    create or replace table `my-dbt-project-486616`.`dbt_dataset`.`stg_orders`
      
    
    

    
    OPTIONS()
    as (
      select
        id as order_id,
        user_id as customer_id,
        order_date,
        status

    from `my-dbt-project-486616`.`jaffle_shop`.`orders`--my-dbt-project-486616.dbt_dataset.orders
    );
  
[0m12:44:39.872100 [debug] [Thread-1 (]: BigQuery adapter: https://console.cloud.google.com/bigquery?project=my-dbt-project-486616&j=bq:EU:3ef6c675-0bb7-4b06-843a-bd82f38a5b06&page=queryresults
[0m12:44:40.210674 [debug] [Thread-3 (]: BigQuery adapter: https://console.cloud.google.com/bigquery?project=my-dbt-project-486616&j=bq:EU:97919219-48de-48de-87e5-975cb561a41b&page=queryresults
[0m12:44:40.211703 [error] [Thread-3 (]: BigQuery adapter: https://console.cloud.google.com/bigquery?project=my-dbt-project-486616&j=bq:EU:97919219-48de-48de-87e5-975cb561a41b&page=queryresults
[0m12:44:40.244653 [debug] [Thread-3 (]: Database Error in model stg_orders (models\jaffle_shop\stg_orders.sql)
  Not found: Dataset my-dbt-project-486616:jaffle_shop was not found in location EU
  compiled code at target\run\dbt_learn_osas\models\jaffle_shop\stg_orders.sql
[0m12:44:40.260274 [debug] [Thread-3 (]: Sending event: {'category': 'dbt', 'action': 'run_model', 'label': 'ebd043d1-c322-4146-80d1-0d9e4f55a873', 'context': [<snowplow_tracker.self_describing_json.SelfDescribingJson object at 0x0000019F02D11DC0>]}
[0m12:44:40.262278 [error] [Thread-3 (]: 3 of 5 ERROR creating sql table model dbt_dataset.stg_orders ................... [[31mERROR[0m in 4.97s]
[0m12:44:40.262278 [debug] [Thread-3 (]: Finished running node model.dbt_learn_osas.stg_orders
[0m12:44:40.262278 [debug] [Thread-7 (]: Marking all children of 'model.dbt_learn_osas.stg_orders' to be skipped because of status 'error'.  Reason: Database Error in model stg_orders (models\jaffle_shop\stg_orders.sql)
  Not found: Dataset my-dbt-project-486616:jaffle_shop was not found in location EU
  compiled code at target\run\dbt_learn_osas\models\jaffle_shop\stg_orders.sql.
[0m12:44:40.344962 [debug] [Thread-1 (]: SQL status: OK in 0.481 seconds
[0m12:44:40.630153 [debug] [Thread-1 (]: Sending event: {'category': 'dbt', 'action': 'run_model', 'label': 'ebd043d1-c322-4146-80d1-0d9e4f55a873', 'context': [<snowplow_tracker.self_describing_json.SelfDescribingJson object at 0x0000019F14B9F0B0>]}
[0m12:44:40.630153 [info ] [Thread-1 (]: 1 of 5 OK created sql view model dbt_dataset.my_first_dbt_model ................ [[32mCREATE VIEW (0 processed)[0m in 5.37s]
[0m12:44:40.630153 [debug] [Thread-1 (]: Finished running node model.dbt_learn_osas.my_first_dbt_model
[0m12:44:40.630153 [debug] [Thread-4 (]: Began running node model.dbt_learn_osas.my_second_dbt_model
[0m12:44:40.643169 [info ] [Thread-4 (]: 4 of 5 START sql view model dbt_dataset.my_second_dbt_model .................... [RUN]
[0m12:44:40.649523 [debug] [Thread-4 (]: Acquiring new bigquery connection 'model.dbt_learn_osas.my_second_dbt_model'
[0m12:44:40.651529 [debug] [Thread-4 (]: Began compiling node model.dbt_learn_osas.my_second_dbt_model
[0m12:44:40.668671 [debug] [Thread-4 (]: Writing injected SQL for node "model.dbt_learn_osas.my_second_dbt_model"
[0m12:44:40.671671 [debug] [Thread-4 (]: Began executing node model.dbt_learn_osas.my_second_dbt_model
[0m12:44:40.689141 [debug] [Thread-4 (]: Writing runtime sql for node "model.dbt_learn_osas.my_second_dbt_model"
[0m12:44:40.694140 [debug] [Thread-4 (]: On model.dbt_learn_osas.my_second_dbt_model: /* {"app": "dbt", "dbt_version": "1.11.2", "profile_name": "dbt_learn_osas", "target_name": "dev", "node_id": "model.dbt_learn_osas.my_second_dbt_model"} */


  create or replace view `my-dbt-project-486616`.`dbt_dataset`.`my_second_dbt_model`
  OPTIONS()
  as -- Use the `ref` function to select from other models

select *
from `my-dbt-project-486616`.`dbt_dataset`.`my_first_dbt_model`
where id = 1;


[0m12:44:40.696140 [debug] [Thread-4 (]: Opening a new connection, currently in state init
[0m12:44:43.953197 [debug] [Thread-4 (]: BigQuery adapter: https://console.cloud.google.com/bigquery?project=my-dbt-project-486616&j=bq:EU:cb4d7b58-bcf2-493a-a690-511bbc1e8135&page=queryresults
[0m12:44:44.426621 [debug] [Thread-4 (]: SQL status: OK in 0.472 seconds
[0m12:44:44.444315 [debug] [Thread-4 (]: Sending event: {'category': 'dbt', 'action': 'run_model', 'label': 'ebd043d1-c322-4146-80d1-0d9e4f55a873', 'context': [<snowplow_tracker.self_describing_json.SelfDescribingJson object at 0x0000019F1CCA2570>]}
[0m12:44:44.447365 [info ] [Thread-4 (]: 4 of 5 OK created sql view model dbt_dataset.my_second_dbt_model ............... [[32mCREATE VIEW (0 processed)[0m in 3.80s]
[0m12:44:44.452360 [debug] [Thread-4 (]: Finished running node model.dbt_learn_osas.my_second_dbt_model
[0m12:44:45.615948 [debug] [Thread-2 (]: Writing runtime sql for node "model.dbt_learn_osas.stg_customers"
[0m12:44:45.615948 [debug] [Thread-2 (]: On model.dbt_learn_osas.stg_customers: /* {"app": "dbt", "dbt_version": "1.11.2", "profile_name": "dbt_learn_osas", "target_name": "dev", "node_id": "model.dbt_learn_osas.stg_customers"} */

  
    

    create or replace table `my-dbt-project-486616`.`dbt_dataset`.`stg_customers`
      
    
    

    
    OPTIONS()
    as (
      select
        id as customer_id,
        first_name,
        last_name

    from `my-dbt-project-486616`.`jaffle_shop`.`customers` --my-dbt-project-486616.dbt_dataset.customers
    );
  
[0m12:44:46.286422 [debug] [Thread-2 (]: BigQuery adapter: https://console.cloud.google.com/bigquery?project=my-dbt-project-486616&j=bq:EU:9d0c83e0-ebb2-4604-8bc2-98df0e49997b&page=queryresults
[0m12:44:46.288389 [error] [Thread-2 (]: BigQuery adapter: https://console.cloud.google.com/bigquery?project=my-dbt-project-486616&j=bq:EU:9d0c83e0-ebb2-4604-8bc2-98df0e49997b&page=queryresults
[0m12:44:46.309716 [debug] [Thread-2 (]: Database Error in model stg_customers (models\jaffle_shop\stg_customers.sql)
  Not found: Dataset my-dbt-project-486616:jaffle_shop was not found in location EU
  compiled code at target\run\dbt_learn_osas\models\jaffle_shop\stg_customers.sql
[0m12:44:46.312154 [debug] [Thread-2 (]: Sending event: {'category': 'dbt', 'action': 'run_model', 'label': 'ebd043d1-c322-4146-80d1-0d9e4f55a873', 'context': [<snowplow_tracker.self_describing_json.SelfDescribingJson object at 0x0000019F1B65C920>]}
[0m12:44:46.315221 [error] [Thread-2 (]: 2 of 5 ERROR creating sql table model dbt_dataset.stg_customers ................ [[31mERROR[0m in 11.04s]
[0m12:44:46.322491 [debug] [Thread-2 (]: Finished running node model.dbt_learn_osas.stg_customers
[0m12:44:46.331691 [debug] [Thread-7 (]: Marking all children of 'model.dbt_learn_osas.stg_customers' to be skipped because of status 'error'.  Reason: Database Error in model stg_customers (models\jaffle_shop\stg_customers.sql)
  Not found: Dataset my-dbt-project-486616:jaffle_shop was not found in location EU
  compiled code at target\run\dbt_learn_osas\models\jaffle_shop\stg_customers.sql.
[0m12:44:46.337921 [debug] [Thread-1 (]: Began running node model.dbt_learn_osas.customer_orders
[0m12:44:46.340989 [info ] [Thread-1 (]: 5 of 5 SKIP relation dbt_dataset.customer_orders ............................... [[33mSKIP[0m]
[0m12:44:46.345461 [debug] [Thread-1 (]: Finished running node model.dbt_learn_osas.customer_orders
[0m12:44:46.357195 [debug] [MainThread]: Opening a new connection, currently in state closed
[0m12:44:46.475707 [debug] [MainThread]: Connection 'master' was properly closed.
[0m12:44:46.477709 [debug] [MainThread]: Connection 'list_my-dbt-project-486616' was properly closed.
[0m12:44:46.478137 [debug] [MainThread]: Connection 'list_my-dbt-project-486616_dbt_dataset' was properly closed.
[0m12:44:46.478137 [debug] [MainThread]: Connection 'model.dbt_learn_osas.my_first_dbt_model' was properly closed.
[0m12:44:46.478137 [debug] [MainThread]: Connection 'model.dbt_learn_osas.stg_customers' was properly closed.
[0m12:44:46.478137 [debug] [MainThread]: Connection 'model.dbt_learn_osas.stg_orders' was properly closed.
[0m12:44:46.478137 [debug] [MainThread]: Connection 'model.dbt_learn_osas.my_second_dbt_model' was properly closed.
[0m12:44:46.478137 [info ] [MainThread]: 
[0m12:44:46.478137 [info ] [MainThread]: Finished running 2 table models, 3 view models in 0 hours 0 minutes and 26.75 seconds (26.75s).
[0m12:44:46.495665 [debug] [MainThread]: Command end result
[0m12:44:46.592479 [debug] [MainThread]: Wrote artifact WritableManifest to C:\Users\HP\data_engineering_mastery\dbt_process\dbt_learn_osas\target\manifest.json
[0m12:44:46.608168 [debug] [MainThread]: Wrote artifact SemanticManifest to C:\Users\HP\data_engineering_mastery\dbt_process\dbt_learn_osas\target\semantic_manifest.json
[0m12:44:46.623810 [debug] [MainThread]: Wrote artifact RunExecutionResult to C:\Users\HP\data_engineering_mastery\dbt_process\dbt_learn_osas\target\run_results.json
[0m12:44:46.623810 [info ] [MainThread]: 
[0m12:44:46.623810 [info ] [MainThread]: [31mCompleted with 2 errors, 0 partial successes, and 0 warnings:[0m
[0m12:44:46.623810 [info ] [MainThread]: 
[0m12:44:46.639950 [error] [MainThread]: [31mFailure in model stg_orders (models\jaffle_shop\stg_orders.sql)[0m
[0m12:44:46.639950 [error] [MainThread]:   Database Error in model stg_orders (models\jaffle_shop\stg_orders.sql)
  Not found: Dataset my-dbt-project-486616:jaffle_shop was not found in location EU
  compiled code at target\run\dbt_learn_osas\models\jaffle_shop\stg_orders.sql
[0m12:44:46.639950 [info ] [MainThread]: 
[0m12:44:46.639950 [info ] [MainThread]:   compiled code at target\compiled\dbt_learn_osas\models\jaffle_shop\stg_orders.sql
[0m12:44:46.639950 [info ] [MainThread]: 
[0m12:44:46.639950 [error] [MainThread]: [31mFailure in model stg_customers (models\jaffle_shop\stg_customers.sql)[0m
[0m12:44:46.655465 [error] [MainThread]:   Database Error in model stg_customers (models\jaffle_shop\stg_customers.sql)
  Not found: Dataset my-dbt-project-486616:jaffle_shop was not found in location EU
  compiled code at target\run\dbt_learn_osas\models\jaffle_shop\stg_customers.sql
[0m12:44:46.671235 [info ] [MainThread]: 
[0m12:44:46.676238 [info ] [MainThread]:   compiled code at target\compiled\dbt_learn_osas\models\jaffle_shop\stg_customers.sql
[0m12:44:46.677871 [info ] [MainThread]: 
[0m12:44:46.677871 [info ] [MainThread]: Done. PASS=2 WARN=0 ERROR=2 SKIP=1 NO-OP=0 TOTAL=5
[0m12:44:46.695577 [debug] [MainThread]: Command `dbt run` failed at 12:44:46.695577 after 82.19 seconds
[0m12:44:46.695577 [debug] [MainThread]: Sending event: {'category': 'dbt', 'action': 'invocation', 'label': 'end', 'context': [<snowplow_tracker.self_describing_json.SelfDescribingJson object at 0x0000019F03C53AA0>, <snowplow_tracker.self_describing_json.SelfDescribingJson object at 0x0000019F02D48140>, <snowplow_tracker.self_describing_json.SelfDescribingJson object at 0x0000019F1B215310>]}
[0m12:44:46.695577 [debug] [MainThread]: Flushing usage events
[0m12:44:49.023986 [debug] [MainThread]: An error was encountered while trying to flush usage events
[0m13:05:32.251158 [debug] [MainThread]: Sending event: {'category': 'dbt', 'action': 'invocation', 'label': 'start', 'context': [<snowplow_tracker.self_describing_json.SelfDescribingJson object at 0x00000204F9BDF980>, <snowplow_tracker.self_describing_json.SelfDescribingJson object at 0x00000204FBB6B6E0>, <snowplow_tracker.self_describing_json.SelfDescribingJson object at 0x00000204FBB69B20>]}


============================== 13:05:32.266805 | cee71bfe-fc18-49a0-9659-f45f6631e071 ==============================
[0m13:05:32.266805 [info ] [MainThread]: Running with dbt=1.11.2
[0m13:05:32.266805 [debug] [MainThread]: running dbt with arguments {'static_parser': 'True', 'no_print': 'None', 'version_check': 'True', 'target_path': 'None', 'warn_error_options': 'WarnErrorOptionsV2(error=[], warn=[], silence=[])', 'printer_width': '80', 'write_json': 'True', 'introspect': 'True', 'log_cache_events': 'False', 'empty': 'False', 'cache_selected_only': 'False', 'log_format': 'default', 'debug': 'False', 'fail_fast': 'False', 'partial_parse': 'True', 'send_anonymous_usage_stats': 'True', 'quiet': 'False', 'warn_error': 'None', 'profiles_dir': 'C:\\Users\\HP\\.dbt', 'indirect_selection': 'eager', 'use_colors': 'True', 'invocation_command': 'dbt run --full-refresh', 'use_experimental_parser': 'False', 'log_path': 'C:\\Users\\HP\\data_engineering_mastery\\dbt_process\\dbt_learn_osas\\logs'}
[0m13:06:19.431296 [debug] [MainThread]: Sending event: {'category': 'dbt', 'action': 'project_id', 'label': 'cee71bfe-fc18-49a0-9659-f45f6631e071', 'context': [<snowplow_tracker.self_describing_json.SelfDescribingJson object at 0x0000020493B97410>]}
[0m13:06:19.792853 [debug] [MainThread]: Sending event: {'category': 'dbt', 'action': 'adapter_info', 'label': 'cee71bfe-fc18-49a0-9659-f45f6631e071', 'context': [<snowplow_tracker.self_describing_json.SelfDescribingJson object at 0x00000204935DB440>]}
[0m13:06:19.808479 [info ] [MainThread]: Registered adapter: bigquery=1.11.0
[0m13:06:22.457691 [debug] [MainThread]: checksum: 3d40d8bbe1bef07db1c24822f2dbfff8bc07f2a48ed4fe2658a40653aec0b54b, vars: {}, profile: , target: , version: 1.11.2
[0m13:06:23.147762 [debug] [MainThread]: Partial parsing enabled: 0 files deleted, 0 files added, 1 files changed.
[0m13:06:23.163407 [debug] [MainThread]: Partial parsing: updated file: dbt_learn_osas://models\sources.yml
[0m13:06:24.125378 [error] [MainThread]: Encountered an error:
Compilation Error
  Model 'model.dbt_learn_osas.stg_customers' (models\jaffle_shop\stg_customers.sql) depends on a source named 'jaffle_shop.customers' which was not found
[0m13:06:24.129380 [debug] [MainThread]: Command `dbt run` failed at 13:06:24.128375 after 52.20 seconds
[0m13:06:24.130386 [debug] [MainThread]: Sending event: {'category': 'dbt', 'action': 'invocation', 'label': 'end', 'context': [<snowplow_tracker.self_describing_json.SelfDescribingJson object at 0x00000204FCA9BCE0>, <snowplow_tracker.self_describing_json.SelfDescribingJson object at 0x0000020490D3B260>, <snowplow_tracker.self_describing_json.SelfDescribingJson object at 0x000002049431F170>]}
[0m13:06:24.132382 [debug] [MainThread]: Flushing usage events
[0m13:06:26.424756 [debug] [MainThread]: An error was encountered while trying to flush usage events
[0m13:19:19.326962 [debug] [MainThread]: Sending event: {'category': 'dbt', 'action': 'invocation', 'label': 'start', 'context': [<snowplow_tracker.self_describing_json.SelfDescribingJson object at 0x0000018967477B60>, <snowplow_tracker.self_describing_json.SelfDescribingJson object at 0x0000018967477830>, <snowplow_tracker.self_describing_json.SelfDescribingJson object at 0x00000189658F1E20>]}


============================== 13:19:19.342587 | 1802fbf9-7edb-4bc1-afdb-0b586b4c0281 ==============================
[0m13:19:19.342587 [info ] [MainThread]: Running with dbt=1.11.2
[0m13:19:19.342587 [debug] [MainThread]: running dbt with arguments {'version_check': 'True', 'no_print': 'None', 'static_parser': 'True', 'target_path': 'None', 'warn_error_options': 'WarnErrorOptionsV2(error=[], warn=[], silence=[])', 'printer_width': '80', 'write_json': 'True', 'empty': 'False', 'log_cache_events': 'False', 'introspect': 'True', 'cache_selected_only': 'False', 'log_format': 'default', 'debug': 'False', 'fail_fast': 'False', 'partial_parse': 'True', 'send_anonymous_usage_stats': 'True', 'quiet': 'False', 'warn_error': 'None', 'profiles_dir': 'C:\\Users\\HP\\.dbt', 'indirect_selection': 'eager', 'invocation_command': 'dbt run --full-refresh', 'use_colors': 'True', 'use_experimental_parser': 'False', 'log_path': 'C:\\Users\\HP\\data_engineering_mastery\\dbt_process\\dbt_learn_osas\\logs'}
[0m13:20:04.923319 [debug] [MainThread]: Sending event: {'category': 'dbt', 'action': 'project_id', 'label': '1802fbf9-7edb-4bc1-afdb-0b586b4c0281', 'context': [<snowplow_tracker.self_describing_json.SelfDescribingJson object at 0x000001897C9A3080>]}
[0m13:20:05.267844 [debug] [MainThread]: Sending event: {'category': 'dbt', 'action': 'adapter_info', 'label': '1802fbf9-7edb-4bc1-afdb-0b586b4c0281', 'context': [<snowplow_tracker.self_describing_json.SelfDescribingJson object at 0x000001897F377D70>]}
[0m13:20:05.267844 [info ] [MainThread]: Registered adapter: bigquery=1.11.0
[0m13:20:07.730339 [debug] [MainThread]: checksum: 3d40d8bbe1bef07db1c24822f2dbfff8bc07f2a48ed4fe2658a40653aec0b54b, vars: {}, profile: , target: , version: 1.11.2
[0m13:20:08.122053 [debug] [MainThread]: Partial parsing enabled: 0 files deleted, 0 files added, 3 files changed.
[0m13:20:08.122053 [debug] [MainThread]: Partial parsing: updated file: dbt_learn_osas://models\sources.yml
[0m13:20:08.122053 [debug] [MainThread]: Partial parsing: updated file: dbt_learn_osas://models\jaffle_shop\stg_customers.sql
[0m13:20:08.122053 [debug] [MainThread]: Partial parsing: updated file: dbt_learn_osas://models\jaffle_shop\stg_orders.sql
[0m13:20:09.221056 [debug] [MainThread]: Sending event: {'category': 'dbt', 'action': 'load_project', 'label': '1802fbf9-7edb-4bc1-afdb-0b586b4c0281', 'context': [<snowplow_tracker.self_describing_json.SelfDescribingJson object at 0x000001897FA79640>]}
[0m13:20:09.472553 [debug] [MainThread]: Wrote artifact WritableManifest to C:\Users\HP\data_engineering_mastery\dbt_process\dbt_learn_osas\target\manifest.json
[0m13:20:09.488181 [debug] [MainThread]: Wrote artifact SemanticManifest to C:\Users\HP\data_engineering_mastery\dbt_process\dbt_learn_osas\target\semantic_manifest.json
[0m13:20:09.580496 [debug] [MainThread]: Sending event: {'category': 'dbt', 'action': 'resource_counts', 'label': '1802fbf9-7edb-4bc1-afdb-0b586b4c0281', 'context': [<snowplow_tracker.self_describing_json.SelfDescribingJson object at 0x000001897FCA42F0>]}
[0m13:20:09.580496 [info ] [MainThread]: Found 5 models, 1 seed, 4 data tests, 2 sources, 538 macros
[0m13:20:09.580496 [debug] [MainThread]: Sending event: {'category': 'dbt', 'action': 'runnable_timing', 'label': '1802fbf9-7edb-4bc1-afdb-0b586b4c0281', 'context': [<snowplow_tracker.self_describing_json.SelfDescribingJson object at 0x000001897F978860>]}
[0m13:20:09.598157 [info ] [MainThread]: 
[0m13:20:09.598157 [info ] [MainThread]: Concurrency: 4 threads (target='dev')
[0m13:20:09.598157 [info ] [MainThread]: 
[0m13:20:09.598157 [debug] [MainThread]: Acquiring new bigquery connection 'master'
[0m13:20:09.632184 [debug] [ThreadPool]: Acquiring new bigquery connection 'list_my-dbt-project-486616'
[0m13:20:09.649073 [debug] [ThreadPool]: Opening a new connection, currently in state init
[0m13:20:13.235112 [debug] [ThreadPool]: Acquiring new bigquery connection 'list_my-dbt-project-486616_dbt_dataset'
[0m13:20:13.235112 [debug] [ThreadPool]: Opening a new connection, currently in state init
[0m13:20:18.753961 [debug] [MainThread]: Sending event: {'category': 'dbt', 'action': 'runnable_timing', 'label': '1802fbf9-7edb-4bc1-afdb-0b586b4c0281', 'context': [<snowplow_tracker.self_describing_json.SelfDescribingJson object at 0x000001897FCA43B0>]}
[0m13:20:18.769589 [debug] [MainThread]: Opening a new connection, currently in state init
[0m13:20:19.084889 [debug] [Thread-1 (]: Began running node model.dbt_learn_osas.my_first_dbt_model
[0m13:20:19.084889 [debug] [Thread-2 (]: Began running node model.dbt_learn_osas.stg_customers
[0m13:20:19.084889 [debug] [Thread-3 (]: Began running node model.dbt_learn_osas.stg_orders
[0m13:20:19.084889 [info ] [Thread-1 (]: 1 of 5 START sql view model dbt_dataset.my_first_dbt_model ..................... [RUN]
[0m13:20:19.103918 [debug] [Thread-1 (]: Acquiring new bigquery connection 'model.dbt_learn_osas.my_first_dbt_model'
[0m13:20:19.105918 [debug] [Thread-1 (]: Began compiling node model.dbt_learn_osas.my_first_dbt_model
[0m13:20:19.130138 [debug] [Thread-1 (]: Writing injected SQL for node "model.dbt_learn_osas.my_first_dbt_model"
[0m13:20:19.130138 [debug] [Thread-1 (]: Began executing node model.dbt_learn_osas.my_first_dbt_model
[0m13:20:19.098917 [info ] [Thread-2 (]: 2 of 5 START sql table model dbt_dataset.stg_customers ......................... [RUN]
[0m13:20:19.186105 [debug] [Thread-2 (]: Acquiring new bigquery connection 'model.dbt_learn_osas.stg_customers'
[0m13:20:19.214213 [debug] [Thread-2 (]: Began compiling node model.dbt_learn_osas.stg_customers
[0m13:20:19.100923 [info ] [Thread-3 (]: 3 of 5 START sql table model dbt_dataset.stg_orders ............................ [RUN]
[0m13:20:19.349062 [debug] [Thread-3 (]: Acquiring new bigquery connection 'model.dbt_learn_osas.stg_orders'
[0m13:20:19.351060 [debug] [Thread-3 (]: Began compiling node model.dbt_learn_osas.stg_orders
[0m13:20:19.315101 [debug] [Thread-2 (]: Writing injected SQL for node "model.dbt_learn_osas.stg_customers"
[0m13:20:19.365134 [debug] [Thread-2 (]: Began executing node model.dbt_learn_osas.stg_customers
[0m13:20:19.361057 [debug] [Thread-3 (]: Writing injected SQL for node "model.dbt_learn_osas.stg_orders"
[0m13:20:19.380764 [debug] [Thread-3 (]: Began executing node model.dbt_learn_osas.stg_orders
[0m13:20:19.365134 [debug] [Thread-1 (]: Writing runtime sql for node "model.dbt_learn_osas.my_first_dbt_model"
[0m13:20:19.530893 [debug] [Thread-2 (]: Opening a new connection, currently in state init
[0m13:20:19.742273 [debug] [Thread-1 (]: On model.dbt_learn_osas.my_first_dbt_model: /* {"app": "dbt", "dbt_version": "1.11.2", "profile_name": "dbt_learn_osas", "target_name": "dev", "node_id": "model.dbt_learn_osas.my_first_dbt_model"} */


  create or replace view `my-dbt-project-486616`.`dbt_dataset`.`my_first_dbt_model`
  OPTIONS()
  as /*
    Welcome to your first dbt model!
    Did you know that you can also configure models directly within SQL files?
    This will override configurations stated in dbt_project.yml

    Try changing "table" to "view" below
*/



with source_data as (

    select 1 as id
    union all
    select null as id

)

select *
from source_data

/*
    Uncomment the line below to remove records with null `id` values
*/

-- where id is not null;


[0m13:20:19.742273 [debug] [Thread-1 (]: Opening a new connection, currently in state init
[0m13:20:20.040507 [debug] [Thread-3 (]: Opening a new connection, currently in state init
[0m13:20:24.069281 [debug] [Thread-3 (]: Writing runtime sql for node "model.dbt_learn_osas.stg_orders"
[0m13:20:24.069281 [debug] [Thread-3 (]: On model.dbt_learn_osas.stg_orders: /* {"app": "dbt", "dbt_version": "1.11.2", "profile_name": "dbt_learn_osas", "target_name": "dev", "node_id": "model.dbt_learn_osas.stg_orders"} */

  
    

    create or replace table `my-dbt-project-486616`.`dbt_dataset`.`stg_orders`
      
    
    

    
    OPTIONS()
    as (
      select
        id as order_id,
        user_id as customer_id,
        order_date,
        status

    from `my-dbt-project-486616`.`dbt_dataset`.`orders`--my-dbt-project-486616.dbt_dataset.orders
    );
  
[0m13:20:24.179087 [debug] [Thread-1 (]: BigQuery adapter: https://console.cloud.google.com/bigquery?project=my-dbt-project-486616&j=bq:EU:effcda7e-d9fc-4213-8c3a-341bdbc18cfa&page=queryresults
[0m13:20:24.775321 [debug] [Thread-3 (]: BigQuery adapter: https://console.cloud.google.com/bigquery?project=my-dbt-project-486616&j=bq:EU:6b303fc3-a98a-4908-8d72-14c784298694&page=queryresults
[0m13:20:24.806565 [debug] [Thread-1 (]: SQL status: OK in 0.626 seconds
[0m13:20:25.182237 [debug] [Thread-1 (]: Sending event: {'category': 'dbt', 'action': 'run_model', 'label': '1802fbf9-7edb-4bc1-afdb-0b586b4c0281', 'context': [<snowplow_tracker.self_describing_json.SelfDescribingJson object at 0x000001897837EE70>]}
[0m13:20:25.182237 [info ] [Thread-1 (]: 1 of 5 OK created sql view model dbt_dataset.my_first_dbt_model ................ [[32mCREATE VIEW (0 processed)[0m in 6.08s]
[0m13:20:25.182237 [debug] [Thread-1 (]: Finished running node model.dbt_learn_osas.my_first_dbt_model
[0m13:20:25.182237 [debug] [Thread-4 (]: Began running node model.dbt_learn_osas.my_second_dbt_model
[0m13:20:25.197863 [info ] [Thread-4 (]: 4 of 5 START sql view model dbt_dataset.my_second_dbt_model .................... [RUN]
[0m13:20:25.206571 [debug] [Thread-4 (]: Acquiring new bigquery connection 'model.dbt_learn_osas.my_second_dbt_model'
[0m13:20:25.208569 [debug] [Thread-4 (]: Began compiling node model.dbt_learn_osas.my_second_dbt_model
[0m13:20:25.222707 [debug] [Thread-4 (]: Writing injected SQL for node "model.dbt_learn_osas.my_second_dbt_model"
[0m13:20:25.228296 [debug] [Thread-4 (]: Began executing node model.dbt_learn_osas.my_second_dbt_model
[0m13:20:25.249238 [debug] [Thread-4 (]: Writing runtime sql for node "model.dbt_learn_osas.my_second_dbt_model"
[0m13:20:25.255155 [debug] [Thread-4 (]: On model.dbt_learn_osas.my_second_dbt_model: /* {"app": "dbt", "dbt_version": "1.11.2", "profile_name": "dbt_learn_osas", "target_name": "dev", "node_id": "model.dbt_learn_osas.my_second_dbt_model"} */


  create or replace view `my-dbt-project-486616`.`dbt_dataset`.`my_second_dbt_model`
  OPTIONS()
  as -- Use the `ref` function to select from other models

select *
from `my-dbt-project-486616`.`dbt_dataset`.`my_first_dbt_model`
where id = 1;


[0m13:20:25.256877 [debug] [Thread-4 (]: Opening a new connection, currently in state init
[0m13:20:26.470995 [debug] [Thread-3 (]: SQL status: OK in 1.691 seconds
[0m13:20:26.807613 [debug] [Thread-3 (]: Sending event: {'category': 'dbt', 'action': 'run_model', 'label': '1802fbf9-7edb-4bc1-afdb-0b586b4c0281', 'context': [<snowplow_tracker.self_describing_json.SelfDescribingJson object at 0x000001897FE1E510>]}
[0m13:20:26.810615 [info ] [Thread-3 (]: 3 of 5 OK created sql table model dbt_dataset.stg_orders ....................... [[32mCREATE TABLE (99.0 rows, 3.3 KiB processed)[0m in 7.46s]
[0m13:20:26.814213 [debug] [Thread-3 (]: Finished running node model.dbt_learn_osas.stg_orders
[0m13:20:27.239843 [debug] [Thread-2 (]: Writing runtime sql for node "model.dbt_learn_osas.stg_customers"
[0m13:20:27.242847 [debug] [Thread-2 (]: On model.dbt_learn_osas.stg_customers: /* {"app": "dbt", "dbt_version": "1.11.2", "profile_name": "dbt_learn_osas", "target_name": "dev", "node_id": "model.dbt_learn_osas.stg_customers"} */

  
    

    create or replace table `my-dbt-project-486616`.`dbt_dataset`.`stg_customers`
      
    
    

    
    OPTIONS()
    as (
      select
        id as customer_id,
        first_name,
        last_name

    from `my-dbt-project-486616`.`dbt_dataset`.`customers` --my-dbt-project-486616.dbt_dataset.customers
    );
  
[0m13:20:27.845962 [debug] [Thread-2 (]: BigQuery adapter: https://console.cloud.google.com/bigquery?project=my-dbt-project-486616&j=bq:EU:91b15cf9-2dd6-4496-a0a0-b724bfbecffb&page=queryresults
[0m13:20:29.778413 [debug] [Thread-2 (]: SQL status: OK in 1.939 seconds
[0m13:20:30.155118 [debug] [Thread-2 (]: Sending event: {'category': 'dbt', 'action': 'run_model', 'label': '1802fbf9-7edb-4bc1-afdb-0b586b4c0281', 'context': [<snowplow_tracker.self_describing_json.SelfDescribingJson object at 0x0000018901500320>]}
[0m13:20:30.155118 [info ] [Thread-2 (]: 2 of 5 OK created sql table model dbt_dataset.stg_customers .................... [[32mCREATE TABLE (100.0 rows, 1.9 KiB processed)[0m in 10.97s]
[0m13:20:30.155118 [debug] [Thread-2 (]: Finished running node model.dbt_learn_osas.stg_customers
[0m13:20:30.179277 [debug] [Thread-1 (]: Began running node model.dbt_learn_osas.customer_orders
[0m13:20:30.186338 [info ] [Thread-1 (]: 5 of 5 START sql view model dbt_dataset.customer_orders ........................ [RUN]
[0m13:20:30.198780 [debug] [Thread-1 (]: Re-using an available connection from the pool (formerly model.dbt_learn_osas.my_first_dbt_model, now model.dbt_learn_osas.customer_orders)
[0m13:20:30.198780 [debug] [Thread-1 (]: Began compiling node model.dbt_learn_osas.customer_orders
[0m13:20:30.217090 [debug] [Thread-1 (]: Writing injected SQL for node "model.dbt_learn_osas.customer_orders"
[0m13:20:30.217090 [debug] [Thread-1 (]: Began executing node model.dbt_learn_osas.customer_orders
[0m13:20:30.250267 [debug] [Thread-1 (]: Writing runtime sql for node "model.dbt_learn_osas.customer_orders"
[0m13:20:30.250267 [debug] [Thread-1 (]: On model.dbt_learn_osas.customer_orders: /* {"app": "dbt", "dbt_version": "1.11.2", "profile_name": "dbt_learn_osas", "target_name": "dev", "node_id": "model.dbt_learn_osas.customer_orders"} */


  create or replace view `my-dbt-project-486616`.`dbt_dataset`.`customer_orders`
  OPTIONS()
  as 

with customers as (
 
    select * from `my-dbt-project-486616`.`dbt_dataset`.`stg_customers` -- to reference the stg_customers model
 
),
 
orders as (
 
    select * from `my-dbt-project-486616`.`dbt_dataset`.`stg_orders`
 
),
 
customer_orders as (
 
    select
        customer_id,
 
        min(order_date) as first_order_date,
        max(order_date) as most_recent_order_date,
        count(order_id) as number_of_orders
 
    from orders
 
    group by 1
 
),
 
final as (
 
    select
        customers.customer_id,
        customers.first_name,
        customers.last_name,
        customer_orders.first_order_date,
        customer_orders.most_recent_order_date,
        coalesce(customer_orders.number_of_orders, 0) as number_of_orders
 
    from customers
 
    left join customer_orders using (customer_id)
 
)
 
select * from final --for first run, use dbt run --select +customer_orders (to run d downstream models first);


[0m13:20:30.250267 [debug] [Thread-1 (]: Opening a new connection, currently in state closed
[0m13:20:32.665033 [debug] [Thread-4 (]: BigQuery adapter: https://console.cloud.google.com/bigquery?project=my-dbt-project-486616&j=bq:EU:aae2fe52-7d21-44bc-b206-653349eced2d&page=queryresults
[0m13:20:33.727841 [debug] [Thread-4 (]: SQL status: OK in 1.066 seconds
[0m13:20:33.756509 [debug] [Thread-4 (]: Sending event: {'category': 'dbt', 'action': 'run_model', 'label': '1802fbf9-7edb-4bc1-afdb-0b586b4c0281', 'context': [<snowplow_tracker.self_describing_json.SelfDescribingJson object at 0x0000018901500320>]}
[0m13:20:33.759931 [info ] [Thread-4 (]: 4 of 5 OK created sql view model dbt_dataset.my_second_dbt_model ............... [[32mCREATE VIEW (0 processed)[0m in 8.55s]
[0m13:20:33.760955 [debug] [Thread-4 (]: Finished running node model.dbt_learn_osas.my_second_dbt_model
[0m13:20:34.214419 [debug] [Thread-1 (]: BigQuery adapter: https://console.cloud.google.com/bigquery?project=my-dbt-project-486616&j=bq:EU:0d61d923-f867-4939-bcf3-ae79b4f04dd8&page=queryresults
[0m13:20:34.903173 [debug] [Thread-1 (]: SQL status: OK in 0.686 seconds
[0m13:20:34.918801 [debug] [Thread-1 (]: Sending event: {'category': 'dbt', 'action': 'run_model', 'label': '1802fbf9-7edb-4bc1-afdb-0b586b4c0281', 'context': [<snowplow_tracker.self_describing_json.SelfDescribingJson object at 0x000001897FC70920>]}
[0m13:20:34.934415 [info ] [Thread-1 (]: 5 of 5 OK created sql view model dbt_dataset.customer_orders ................... [[32mCREATE VIEW (0 processed)[0m in 4.72s]
[0m13:20:34.934415 [debug] [Thread-1 (]: Finished running node model.dbt_learn_osas.customer_orders
[0m13:20:34.934415 [debug] [MainThread]: Opening a new connection, currently in state closed
[0m13:20:35.013699 [debug] [MainThread]: Connection 'master' was properly closed.
[0m13:20:35.013699 [debug] [MainThread]: Connection 'list_my-dbt-project-486616' was properly closed.
[0m13:20:35.013699 [debug] [MainThread]: Connection 'list_my-dbt-project-486616_dbt_dataset' was properly closed.
[0m13:20:35.013699 [debug] [MainThread]: Connection 'model.dbt_learn_osas.customer_orders' was properly closed.
[0m13:20:35.013699 [debug] [MainThread]: Connection 'model.dbt_learn_osas.stg_customers' was properly closed.
[0m13:20:35.013699 [debug] [MainThread]: Connection 'model.dbt_learn_osas.stg_orders' was properly closed.
[0m13:20:35.013699 [debug] [MainThread]: Connection 'model.dbt_learn_osas.my_second_dbt_model' was properly closed.
[0m13:20:35.029324 [info ] [MainThread]: 
[0m13:20:35.029324 [info ] [MainThread]: Finished running 2 table models, 3 view models in 0 hours 0 minutes and 25.43 seconds (25.43s).
[0m13:20:35.029324 [debug] [MainThread]: Command end result
[0m13:20:35.141023 [debug] [MainThread]: Wrote artifact WritableManifest to C:\Users\HP\data_engineering_mastery\dbt_process\dbt_learn_osas\target\manifest.json
[0m13:20:35.147856 [debug] [MainThread]: Wrote artifact SemanticManifest to C:\Users\HP\data_engineering_mastery\dbt_process\dbt_learn_osas\target\semantic_manifest.json
[0m13:20:35.161907 [debug] [MainThread]: Wrote artifact RunExecutionResult to C:\Users\HP\data_engineering_mastery\dbt_process\dbt_learn_osas\target\run_results.json
[0m13:20:35.161907 [info ] [MainThread]: 
[0m13:20:35.177555 [info ] [MainThread]: [32mCompleted successfully[0m
[0m13:20:35.192287 [info ] [MainThread]: 
[0m13:20:35.195734 [info ] [MainThread]: Done. PASS=5 WARN=0 ERROR=0 SKIP=0 NO-OP=0 TOTAL=5
[0m13:20:35.212888 [debug] [MainThread]: Command `dbt run` succeeded at 13:20:35.211816 after 76.20 seconds
[0m13:20:35.214273 [debug] [MainThread]: Sending event: {'category': 'dbt', 'action': 'invocation', 'label': 'end', 'context': [<snowplow_tracker.self_describing_json.SelfDescribingJson object at 0x0000018967B8F920>, <snowplow_tracker.self_describing_json.SelfDescribingJson object at 0x0000018965B09DF0>, <snowplow_tracker.self_describing_json.SelfDescribingJson object at 0x0000018965B081A0>]}
[0m13:20:35.214273 [debug] [MainThread]: Flushing usage events
[0m13:20:38.557796 [debug] [MainThread]: An error was encountered while trying to flush usage events
[0m14:18:40.865982 [debug] [MainThread]: Sending event: {'category': 'dbt', 'action': 'invocation', 'label': 'start', 'context': [<snowplow_tracker.self_describing_json.SelfDescribingJson object at 0x000001BBD7E5D550>, <snowplow_tracker.self_describing_json.SelfDescribingJson object at 0x000001BBDB1029C0>, <snowplow_tracker.self_describing_json.SelfDescribingJson object at 0x000001BBDB437F50>]}


============================== 14:18:40.881610 | f66f3478-daed-4820-92bf-fd3be980cac7 ==============================
[0m14:18:40.881610 [info ] [MainThread]: Running with dbt=1.11.2
[0m14:18:40.881610 [debug] [MainThread]: running dbt with arguments {'static_parser': 'True', 'no_print': 'None', 'version_check': 'True', 'target_path': 'None', 'warn_error_options': 'WarnErrorOptionsV2(error=[], warn=[], silence=[])', 'printer_width': '80', 'write_json': 'True', 'introspect': 'True', 'log_cache_events': 'False', 'empty': 'None', 'cache_selected_only': 'False', 'fail_fast': 'False', 'debug': 'False', 'log_format': 'default', 'profiles_dir': 'C:\\Users\\HP\\.dbt', 'send_anonymous_usage_stats': 'True', 'quiet': 'False', 'warn_error': 'None', 'partial_parse': 'True', 'invocation_command': 'dbt test', 'use_colors': 'True', 'indirect_selection': 'eager', 'use_experimental_parser': 'False', 'log_path': 'C:\\Users\\HP\\data_engineering_mastery\\dbt_process\\dbt_learn_osas\\logs'}
[0m14:19:33.293263 [debug] [MainThread]: Sending event: {'category': 'dbt', 'action': 'project_id', 'label': 'f66f3478-daed-4820-92bf-fd3be980cac7', 'context': [<snowplow_tracker.self_describing_json.SelfDescribingJson object at 0x000001BBF0DAA960>]}
[0m14:19:33.698957 [debug] [MainThread]: Sending event: {'category': 'dbt', 'action': 'adapter_info', 'label': 'f66f3478-daed-4820-92bf-fd3be980cac7', 'context': [<snowplow_tracker.self_describing_json.SelfDescribingJson object at 0x000001BBEEBF4CB0>]}
[0m14:19:33.698957 [info ] [MainThread]: Registered adapter: bigquery=1.11.0
[0m14:19:37.057560 [debug] [MainThread]: checksum: 3d40d8bbe1bef07db1c24822f2dbfff8bc07f2a48ed4fe2658a40653aec0b54b, vars: {}, profile: , target: , version: 1.11.2
[0m14:19:37.621736 [debug] [MainThread]: Partial parsing enabled: 0 files deleted, 1 files added, 0 files changed.
[0m14:19:37.621736 [debug] [MainThread]: Partial parsing: added file: dbt_learn_osas://models\schema.yml
[0m14:19:37.831252 [warn ] [MainThread]: [[33mWARNING[0m]: Did not find matching node for patch with name 'customers' in the 'models' section of file 'models\schema.yml'
[0m14:19:38.296336 [warn ] [MainThread]: [[33mWARNING[0m]: Test 'test.dbt_learn_osas.unique_customers_customer_id.c5af1ff4b1' (models\schema.yml) depends on a node named 'customers' in package '' which was not found
[0m14:19:38.296336 [warn ] [MainThread]: [[33mWARNING[0m]: Test 'test.dbt_learn_osas.not_null_customers_customer_id.5c9bf9911d' (models\schema.yml) depends on a node named 'customers' in package '' which was not found
[0m14:19:38.500341 [debug] [MainThread]: Sending event: {'category': 'dbt', 'action': 'load_project', 'label': 'f66f3478-daed-4820-92bf-fd3be980cac7', 'context': [<snowplow_tracker.self_describing_json.SelfDescribingJson object at 0x000001BBF373DCA0>]}
[0m14:19:38.688790 [debug] [MainThread]: Wrote artifact WritableManifest to C:\Users\HP\data_engineering_mastery\dbt_process\dbt_learn_osas\target\manifest.json
[0m14:19:38.704416 [debug] [MainThread]: Wrote artifact SemanticManifest to C:\Users\HP\data_engineering_mastery\dbt_process\dbt_learn_osas\target\semantic_manifest.json
[0m14:19:38.814248 [debug] [MainThread]: Sending event: {'category': 'dbt', 'action': 'resource_counts', 'label': 'f66f3478-daed-4820-92bf-fd3be980cac7', 'context': [<snowplow_tracker.self_describing_json.SelfDescribingJson object at 0x000001BBF373D070>]}
[0m14:19:38.829869 [info ] [MainThread]: Found 5 models, 1 seed, 11 data tests, 2 sources, 538 macros
[0m14:19:38.833387 [debug] [MainThread]: Sending event: {'category': 'dbt', 'action': 'runnable_timing', 'label': 'f66f3478-daed-4820-92bf-fd3be980cac7', 'context': [<snowplow_tracker.self_describing_json.SelfDescribingJson object at 0x000001BBF38E58B0>]}
[0m14:19:38.833387 [info ] [MainThread]: 
[0m14:19:38.833387 [info ] [MainThread]: Concurrency: 4 threads (target='dev')
[0m14:19:38.833387 [info ] [MainThread]: 
[0m14:19:38.845908 [debug] [MainThread]: Acquiring new bigquery connection 'master'
[0m14:19:38.861560 [debug] [ThreadPool]: Acquiring new bigquery connection 'list_my-dbt-project-486616_dbt_dataset'
[0m14:19:38.877181 [debug] [ThreadPool]: Opening a new connection, currently in state init
[0m14:19:42.274607 [debug] [MainThread]: Sending event: {'category': 'dbt', 'action': 'runnable_timing', 'label': 'f66f3478-daed-4820-92bf-fd3be980cac7', 'context': [<snowplow_tracker.self_describing_json.SelfDescribingJson object at 0x000001BBF38E5670>]}
[0m14:19:42.283624 [debug] [MainThread]: Opening a new connection, currently in state init
[0m14:19:42.377803 [debug] [Thread-1 (]: Began running node test.dbt_learn_osas.accepted_values_stg_orders_status__placed__shipped__completed__return_pending__returned.080fb20aad
[0m14:19:42.377803 [debug] [Thread-2 (]: Began running node test.dbt_learn_osas.not_null_my_first_dbt_model_id.5fb22c2710
[0m14:19:42.377803 [debug] [Thread-3 (]: Began running node test.dbt_learn_osas.not_null_my_second_dbt_model_id.151b76d778
[0m14:19:42.377803 [debug] [Thread-4 (]: Began running node test.dbt_learn_osas.not_null_stg_customers_customer_id.e2cfb1f9aa
[0m14:19:42.377803 [info ] [Thread-1 (]: 1 of 11 START test accepted_values_stg_orders_status__placed__shipped__completed__return_pending__returned  [RUN]
[0m14:19:42.377803 [info ] [Thread-2 (]: 2 of 11 START test not_null_my_first_dbt_model_id .............................. [RUN]
[0m14:19:42.393431 [debug] [Thread-1 (]: Acquiring new bigquery connection 'test.dbt_learn_osas.accepted_values_stg_orders_status__placed__shipped__completed__return_pending__returned.080fb20aad'
[0m14:19:42.393431 [debug] [Thread-2 (]: Acquiring new bigquery connection 'test.dbt_learn_osas.not_null_my_first_dbt_model_id.5fb22c2710'
[0m14:19:42.393431 [info ] [Thread-3 (]: 3 of 11 START test not_null_my_second_dbt_model_id ............................. [RUN]
[0m14:19:42.393431 [debug] [Thread-1 (]: Began compiling node test.dbt_learn_osas.accepted_values_stg_orders_status__placed__shipped__completed__return_pending__returned.080fb20aad
[0m14:19:42.393431 [debug] [Thread-2 (]: Began compiling node test.dbt_learn_osas.not_null_my_first_dbt_model_id.5fb22c2710
[0m14:19:42.393431 [info ] [Thread-4 (]: 4 of 11 START test not_null_stg_customers_customer_id .......................... [RUN]
[0m14:19:42.409056 [debug] [Thread-3 (]: Acquiring new bigquery connection 'test.dbt_learn_osas.not_null_my_second_dbt_model_id.151b76d778'
[0m14:19:42.440308 [debug] [Thread-4 (]: Acquiring new bigquery connection 'test.dbt_learn_osas.not_null_stg_customers_customer_id.e2cfb1f9aa'
[0m14:19:42.471993 [debug] [Thread-1 (]: Writing injected SQL for node "test.dbt_learn_osas.accepted_values_stg_orders_status__placed__shipped__completed__return_pending__returned.080fb20aad"
[0m14:19:42.487616 [debug] [Thread-2 (]: Writing injected SQL for node "test.dbt_learn_osas.not_null_my_first_dbt_model_id.5fb22c2710"
[0m14:19:42.487616 [debug] [Thread-3 (]: Began compiling node test.dbt_learn_osas.not_null_my_second_dbt_model_id.151b76d778
[0m14:19:42.487616 [debug] [Thread-4 (]: Began compiling node test.dbt_learn_osas.not_null_stg_customers_customer_id.e2cfb1f9aa
[0m14:19:42.503243 [debug] [Thread-3 (]: Writing injected SQL for node "test.dbt_learn_osas.not_null_my_second_dbt_model_id.151b76d778"
[0m14:19:42.518874 [debug] [Thread-1 (]: Began executing node test.dbt_learn_osas.accepted_values_stg_orders_status__placed__shipped__completed__return_pending__returned.080fb20aad
[0m14:19:42.534495 [debug] [Thread-4 (]: Writing injected SQL for node "test.dbt_learn_osas.not_null_stg_customers_customer_id.e2cfb1f9aa"
[0m14:19:42.566171 [debug] [Thread-3 (]: Began executing node test.dbt_learn_osas.not_null_my_second_dbt_model_id.151b76d778
[0m14:19:42.613047 [debug] [Thread-4 (]: Began executing node test.dbt_learn_osas.not_null_stg_customers_customer_id.e2cfb1f9aa
[0m14:19:42.706451 [debug] [Thread-3 (]: Writing runtime sql for node "test.dbt_learn_osas.not_null_my_second_dbt_model_id.151b76d778"
[0m14:19:42.706451 [debug] [Thread-4 (]: Writing runtime sql for node "test.dbt_learn_osas.not_null_stg_customers_customer_id.e2cfb1f9aa"
[0m14:19:42.716542 [debug] [Thread-1 (]: Writing runtime sql for node "test.dbt_learn_osas.accepted_values_stg_orders_status__placed__shipped__completed__return_pending__returned.080fb20aad"
[0m14:19:42.716542 [debug] [Thread-2 (]: Began executing node test.dbt_learn_osas.not_null_my_first_dbt_model_id.5fb22c2710
[0m14:19:42.730569 [debug] [Thread-2 (]: Writing runtime sql for node "test.dbt_learn_osas.not_null_my_first_dbt_model_id.5fb22c2710"
[0m14:19:42.730569 [debug] [Thread-4 (]: On test.dbt_learn_osas.not_null_stg_customers_customer_id.e2cfb1f9aa: /* {"app": "dbt", "dbt_version": "1.11.2", "profile_name": "dbt_learn_osas", "target_name": "dev", "node_id": "test.dbt_learn_osas.not_null_stg_customers_customer_id.e2cfb1f9aa"} */

    select
      count(*) as failures,
      count(*) != 0 as should_warn,
      count(*) != 0 as should_error
    from (
      
    
  
    
    



select customer_id
from `my-dbt-project-486616`.`dbt_dataset`.`stg_customers`
where customer_id is null



  
  
      
    ) dbt_internal_test
[0m14:19:42.730569 [debug] [Thread-1 (]: On test.dbt_learn_osas.accepted_values_stg_orders_status__placed__shipped__completed__return_pending__returned.080fb20aad: /* {"app": "dbt", "dbt_version": "1.11.2", "profile_name": "dbt_learn_osas", "target_name": "dev", "node_id": "test.dbt_learn_osas.accepted_values_stg_orders_status__placed__shipped__completed__return_pending__returned.080fb20aad"} */

    select
      count(*) as failures,
      count(*) != 0 as should_warn,
      count(*) != 0 as should_error
    from (
      
    
  
    
    

with all_values as (

    select
        status as value_field,
        count(*) as n_records

    from `my-dbt-project-486616`.`dbt_dataset`.`stg_orders`
    group by status

)

select *
from all_values
where value_field not in (
    'placed','shipped','completed','return_pending','returned'
)



  
  
      
    ) dbt_internal_test
[0m14:19:42.730569 [debug] [Thread-3 (]: On test.dbt_learn_osas.not_null_my_second_dbt_model_id.151b76d778: /* {"app": "dbt", "dbt_version": "1.11.2", "profile_name": "dbt_learn_osas", "target_name": "dev", "node_id": "test.dbt_learn_osas.not_null_my_second_dbt_model_id.151b76d778"} */

    select
      count(*) as failures,
      count(*) != 0 as should_warn,
      count(*) != 0 as should_error
    from (
      
    
  
    
    



select id
from `my-dbt-project-486616`.`dbt_dataset`.`my_second_dbt_model`
where id is null



  
  
      
    ) dbt_internal_test
[0m14:19:42.738601 [debug] [Thread-4 (]: Opening a new connection, currently in state init
[0m14:19:42.738601 [debug] [Thread-2 (]: On test.dbt_learn_osas.not_null_my_first_dbt_model_id.5fb22c2710: /* {"app": "dbt", "dbt_version": "1.11.2", "profile_name": "dbt_learn_osas", "target_name": "dev", "node_id": "test.dbt_learn_osas.not_null_my_first_dbt_model_id.5fb22c2710"} */

    select
      count(*) as failures,
      count(*) != 0 as should_warn,
      count(*) != 0 as should_error
    from (
      
    
  
    
    



select id
from `my-dbt-project-486616`.`dbt_dataset`.`my_first_dbt_model`
where id is null



  
  
      
    ) dbt_internal_test
[0m14:19:42.744139 [debug] [Thread-1 (]: Opening a new connection, currently in state init
[0m14:19:42.744139 [debug] [Thread-3 (]: Opening a new connection, currently in state init
[0m14:19:42.817941 [debug] [Thread-2 (]: Opening a new connection, currently in state init
[0m14:19:47.002299 [debug] [Thread-4 (]: BigQuery adapter: https://console.cloud.google.com/bigquery?project=my-dbt-project-486616&j=bq:EU:1248f396-44d1-42a1-aae9-52064c2d273c&page=queryresults
[0m14:19:47.127743 [debug] [Thread-2 (]: BigQuery adapter: https://console.cloud.google.com/bigquery?project=my-dbt-project-486616&j=bq:EU:81b3e97d-422a-4d81-9fe9-5c74dd08bfcb&page=queryresults
[0m14:19:47.190728 [debug] [Thread-1 (]: BigQuery adapter: https://console.cloud.google.com/bigquery?project=my-dbt-project-486616&j=bq:EU:18e0833d-ca21-42b8-970c-629701ffffa1&page=queryresults
[0m14:19:47.269318 [debug] [Thread-4 (]: SQL status: OK in 0.278 seconds
[0m14:19:47.392411 [debug] [Thread-2 (]: SQL status: OK in 0.252 seconds
[0m14:19:47.458664 [debug] [Thread-1 (]: SQL status: OK in 0.260 seconds
[0m14:19:50.381077 [debug] [Thread-3 (]: BigQuery adapter: https://console.cloud.google.com/bigquery?project=my-dbt-project-486616&j=bq:EU:10711695-f8c1-4271-a479-f98d2eff2c0d&page=queryresults
[0m14:19:50.662254 [debug] [Thread-3 (]: SQL status: OK in 0.270 seconds
[0m14:19:51.061903 [error] [Thread-2 (]: 2 of 11 FAIL 1 not_null_my_first_dbt_model_id .................................. [[31mFAIL 1[0m in 8.67s]
[0m14:19:51.061903 [info ] [Thread-1 (]: 1 of 11 PASS accepted_values_stg_orders_status__placed__shipped__completed__return_pending__returned  [[32mPASS[0m in 8.67s]
[0m14:19:51.061903 [debug] [Thread-2 (]: Finished running node test.dbt_learn_osas.not_null_my_first_dbt_model_id.5fb22c2710
[0m14:19:51.061903 [debug] [Thread-1 (]: Finished running node test.dbt_learn_osas.accepted_values_stg_orders_status__placed__shipped__completed__return_pending__returned.080fb20aad
[0m14:19:51.079807 [debug] [Thread-2 (]: Began running node test.dbt_learn_osas.not_null_stg_orders_customer_id.af79d5e4b5
[0m14:19:51.079807 [debug] [Thread-1 (]: Began running node test.dbt_learn_osas.not_null_stg_orders_order_id.81cfe2fe64
[0m14:19:51.079807 [info ] [Thread-4 (]: 4 of 11 PASS not_null_stg_customers_customer_id ................................ [[32mPASS[0m in 8.64s]
[0m14:19:51.079807 [debug] [Thread-4 (]: Finished running node test.dbt_learn_osas.not_null_stg_customers_customer_id.e2cfb1f9aa
[0m14:19:51.095438 [debug] [Thread-4 (]: Began running node test.dbt_learn_osas.relationships_stg_orders_customer_id__customer_id__ref_stg_customers_.430bf21500
[0m14:19:51.079807 [info ] [Thread-2 (]: 5 of 11 START test not_null_stg_orders_customer_id ............................. [RUN]
[0m14:19:51.095438 [debug] [Thread-2 (]: Re-using an available connection from the pool (formerly test.dbt_learn_osas.not_null_my_first_dbt_model_id.5fb22c2710, now test.dbt_learn_osas.not_null_stg_orders_customer_id.af79d5e4b5)
[0m14:19:51.095438 [debug] [Thread-2 (]: Began compiling node test.dbt_learn_osas.not_null_stg_orders_customer_id.af79d5e4b5
[0m14:19:51.079807 [info ] [Thread-1 (]: 6 of 11 START test not_null_stg_orders_order_id ................................ [RUN]
[0m14:19:51.129020 [debug] [Thread-1 (]: Re-using an available connection from the pool (formerly test.dbt_learn_osas.accepted_values_stg_orders_status__placed__shipped__completed__return_pending__returned.080fb20aad, now test.dbt_learn_osas.not_null_stg_orders_order_id.81cfe2fe64)
[0m14:19:51.129020 [debug] [Thread-1 (]: Began compiling node test.dbt_learn_osas.not_null_stg_orders_order_id.81cfe2fe64
[0m14:19:51.146849 [debug] [Thread-1 (]: Writing injected SQL for node "test.dbt_learn_osas.not_null_stg_orders_order_id.81cfe2fe64"
[0m14:19:51.146849 [debug] [Thread-2 (]: Writing injected SQL for node "test.dbt_learn_osas.not_null_stg_orders_customer_id.af79d5e4b5"
[0m14:19:51.146849 [debug] [Thread-1 (]: Began executing node test.dbt_learn_osas.not_null_stg_orders_order_id.81cfe2fe64
[0m14:19:51.095438 [info ] [Thread-4 (]: 7 of 11 START test relationships_stg_orders_customer_id__customer_id__ref_stg_customers_  [RUN]
[0m14:19:51.162893 [debug] [Thread-2 (]: Began executing node test.dbt_learn_osas.not_null_stg_orders_customer_id.af79d5e4b5
[0m14:19:51.162893 [info ] [Thread-3 (]: 3 of 11 PASS not_null_my_second_dbt_model_id ................................... [[32mPASS[0m in 8.75s]
[0m14:19:51.181038 [debug] [Thread-1 (]: Writing runtime sql for node "test.dbt_learn_osas.not_null_stg_orders_order_id.81cfe2fe64"
[0m14:19:51.181038 [debug] [Thread-4 (]: Re-using an available connection from the pool (formerly test.dbt_learn_osas.not_null_stg_customers_customer_id.e2cfb1f9aa, now test.dbt_learn_osas.relationships_stg_orders_customer_id__customer_id__ref_stg_customers_.430bf21500)
[0m14:19:51.196673 [debug] [Thread-2 (]: Writing runtime sql for node "test.dbt_learn_osas.not_null_stg_orders_customer_id.af79d5e4b5"
[0m14:19:51.214318 [debug] [Thread-3 (]: Finished running node test.dbt_learn_osas.not_null_my_second_dbt_model_id.151b76d778
[0m14:19:51.214318 [debug] [Thread-4 (]: Began compiling node test.dbt_learn_osas.relationships_stg_orders_customer_id__customer_id__ref_stg_customers_.430bf21500
[0m14:19:51.214318 [debug] [Thread-3 (]: Began running node test.dbt_learn_osas.unique_my_first_dbt_model_id.16e066b321
[0m14:19:51.214318 [debug] [Thread-1 (]: On test.dbt_learn_osas.not_null_stg_orders_order_id.81cfe2fe64: /* {"app": "dbt", "dbt_version": "1.11.2", "profile_name": "dbt_learn_osas", "target_name": "dev", "node_id": "test.dbt_learn_osas.not_null_stg_orders_order_id.81cfe2fe64"} */

    select
      count(*) as failures,
      count(*) != 0 as should_warn,
      count(*) != 0 as should_error
    from (
      
    
  
    
    



select order_id
from `my-dbt-project-486616`.`dbt_dataset`.`stg_orders`
where order_id is null



  
  
      
    ) dbt_internal_test
[0m14:19:51.229951 [debug] [Thread-4 (]: Writing injected SQL for node "test.dbt_learn_osas.relationships_stg_orders_customer_id__customer_id__ref_stg_customers_.430bf21500"
[0m14:19:51.229951 [debug] [Thread-2 (]: On test.dbt_learn_osas.not_null_stg_orders_customer_id.af79d5e4b5: /* {"app": "dbt", "dbt_version": "1.11.2", "profile_name": "dbt_learn_osas", "target_name": "dev", "node_id": "test.dbt_learn_osas.not_null_stg_orders_customer_id.af79d5e4b5"} */

    select
      count(*) as failures,
      count(*) != 0 as should_warn,
      count(*) != 0 as should_error
    from (
      
    
  
    
    



select customer_id
from `my-dbt-project-486616`.`dbt_dataset`.`stg_orders`
where customer_id is null



  
  
      
    ) dbt_internal_test
[0m14:19:51.247927 [info ] [Thread-3 (]: 8 of 11 START test unique_my_first_dbt_model_id ................................ [RUN]
[0m14:19:51.247927 [debug] [Thread-1 (]: Opening a new connection, currently in state closed
[0m14:19:51.247927 [debug] [Thread-2 (]: Opening a new connection, currently in state closed
[0m14:19:51.247927 [debug] [Thread-3 (]: Re-using an available connection from the pool (formerly test.dbt_learn_osas.not_null_my_second_dbt_model_id.151b76d778, now test.dbt_learn_osas.unique_my_first_dbt_model_id.16e066b321)
[0m14:19:51.247927 [debug] [Thread-4 (]: Began executing node test.dbt_learn_osas.relationships_stg_orders_customer_id__customer_id__ref_stg_customers_.430bf21500
[0m14:19:51.428578 [debug] [Thread-3 (]: Began compiling node test.dbt_learn_osas.unique_my_first_dbt_model_id.16e066b321
[0m14:19:51.428578 [debug] [Thread-4 (]: Writing runtime sql for node "test.dbt_learn_osas.relationships_stg_orders_customer_id__customer_id__ref_stg_customers_.430bf21500"
[0m14:19:51.461223 [debug] [Thread-3 (]: Writing injected SQL for node "test.dbt_learn_osas.unique_my_first_dbt_model_id.16e066b321"
[0m14:19:51.461223 [debug] [Thread-4 (]: On test.dbt_learn_osas.relationships_stg_orders_customer_id__customer_id__ref_stg_customers_.430bf21500: /* {"app": "dbt", "dbt_version": "1.11.2", "profile_name": "dbt_learn_osas", "target_name": "dev", "node_id": "test.dbt_learn_osas.relationships_stg_orders_customer_id__customer_id__ref_stg_customers_.430bf21500"} */

    select
      count(*) as failures,
      count(*) != 0 as should_warn,
      count(*) != 0 as should_error
    from (
      
    
  
    
    

with child as (
    select customer_id as from_field
    from `my-dbt-project-486616`.`dbt_dataset`.`stg_orders`
    where customer_id is not null
),

parent as (
    select customer_id as to_field
    from `my-dbt-project-486616`.`dbt_dataset`.`stg_customers`
)

select
    from_field

from child
left join parent
    on child.from_field = parent.to_field

where parent.to_field is null



  
  
      
    ) dbt_internal_test
[0m14:19:51.461223 [debug] [Thread-3 (]: Began executing node test.dbt_learn_osas.unique_my_first_dbt_model_id.16e066b321
[0m14:19:51.479494 [debug] [Thread-4 (]: Opening a new connection, currently in state closed
[0m14:19:51.479494 [debug] [Thread-3 (]: Writing runtime sql for node "test.dbt_learn_osas.unique_my_first_dbt_model_id.16e066b321"
[0m14:19:51.595260 [debug] [Thread-3 (]: On test.dbt_learn_osas.unique_my_first_dbt_model_id.16e066b321: /* {"app": "dbt", "dbt_version": "1.11.2", "profile_name": "dbt_learn_osas", "target_name": "dev", "node_id": "test.dbt_learn_osas.unique_my_first_dbt_model_id.16e066b321"} */

    select
      count(*) as failures,
      count(*) != 0 as should_warn,
      count(*) != 0 as should_error
    from (
      
    
  
    
    

with dbt_test__target as (

  select id as unique_field
  from `my-dbt-project-486616`.`dbt_dataset`.`my_first_dbt_model`
  where id is not null

)

select
    unique_field,
    count(*) as n_records

from dbt_test__target
group by unique_field
having count(*) > 1



  
  
      
    ) dbt_internal_test
[0m14:19:51.595260 [debug] [Thread-3 (]: Opening a new connection, currently in state closed
[0m14:19:56.444896 [debug] [Thread-1 (]: BigQuery adapter: https://console.cloud.google.com/bigquery?project=my-dbt-project-486616&j=bq:EU:e2b57dc2-bf0d-49c3-afe3-960ae6412931&page=queryresults
[0m14:19:56.465158 [debug] [Thread-3 (]: BigQuery adapter: https://console.cloud.google.com/bigquery?project=my-dbt-project-486616&j=bq:EU:3375397f-6a8b-4e2b-a23a-e54bf4d6701d&page=queryresults
[0m14:19:56.478674 [debug] [Thread-2 (]: BigQuery adapter: https://console.cloud.google.com/bigquery?project=my-dbt-project-486616&j=bq:EU:ddda8f4c-fe1c-4637-8a09-82d8f8b1e3b0&page=queryresults
[0m14:19:56.565458 [debug] [Thread-4 (]: BigQuery adapter: https://console.cloud.google.com/bigquery?project=my-dbt-project-486616&j=bq:EU:d6dbda72-aacb-4656-b7b3-450b2cc5f81f&page=queryresults
[0m14:19:56.677651 [debug] [Thread-1 (]: SQL status: OK in 0.229 seconds
[0m14:19:56.711580 [debug] [Thread-3 (]: SQL status: OK in 0.240 seconds
[0m14:19:56.739448 [debug] [Thread-2 (]: SQL status: OK in 0.257 seconds
[0m14:19:56.811387 [debug] [Thread-4 (]: SQL status: OK in 0.240 seconds
[0m14:19:57.177658 [info ] [Thread-1 (]: 6 of 11 PASS not_null_stg_orders_order_id ...................................... [[32mPASS[0m in 6.05s]
[0m14:19:57.177658 [debug] [Thread-1 (]: Finished running node test.dbt_learn_osas.not_null_stg_orders_order_id.81cfe2fe64
[0m14:19:57.177658 [debug] [Thread-1 (]: Began running node test.dbt_learn_osas.unique_my_second_dbt_model_id.57a0f8c493
[0m14:19:57.177658 [info ] [Thread-1 (]: 9 of 11 START test unique_my_second_dbt_model_id ............................... [RUN]
[0m14:19:57.177658 [debug] [Thread-1 (]: Re-using an available connection from the pool (formerly test.dbt_learn_osas.not_null_stg_orders_order_id.81cfe2fe64, now test.dbt_learn_osas.unique_my_second_dbt_model_id.57a0f8c493)
[0m14:19:57.177658 [debug] [Thread-1 (]: Began compiling node test.dbt_learn_osas.unique_my_second_dbt_model_id.57a0f8c493
[0m14:19:57.196142 [debug] [Thread-1 (]: Writing injected SQL for node "test.dbt_learn_osas.unique_my_second_dbt_model_id.57a0f8c493"
[0m14:19:57.196142 [debug] [Thread-1 (]: Began executing node test.dbt_learn_osas.unique_my_second_dbt_model_id.57a0f8c493
[0m14:19:57.196142 [debug] [Thread-1 (]: Writing runtime sql for node "test.dbt_learn_osas.unique_my_second_dbt_model_id.57a0f8c493"
[0m14:19:57.196142 [debug] [Thread-1 (]: On test.dbt_learn_osas.unique_my_second_dbt_model_id.57a0f8c493: /* {"app": "dbt", "dbt_version": "1.11.2", "profile_name": "dbt_learn_osas", "target_name": "dev", "node_id": "test.dbt_learn_osas.unique_my_second_dbt_model_id.57a0f8c493"} */

    select
      count(*) as failures,
      count(*) != 0 as should_warn,
      count(*) != 0 as should_error
    from (
      
    
  
    
    

with dbt_test__target as (

  select id as unique_field
  from `my-dbt-project-486616`.`dbt_dataset`.`my_second_dbt_model`
  where id is not null

)

select
    unique_field,
    count(*) as n_records

from dbt_test__target
group by unique_field
having count(*) > 1



  
  
      
    ) dbt_internal_test
[0m14:19:57.196142 [debug] [Thread-1 (]: Opening a new connection, currently in state closed
[0m14:19:57.296459 [info ] [Thread-2 (]: 5 of 11 PASS not_null_stg_orders_customer_id ................................... [[32mPASS[0m in 6.20s]
[0m14:19:57.296459 [debug] [Thread-2 (]: Finished running node test.dbt_learn_osas.not_null_stg_orders_customer_id.af79d5e4b5
[0m14:19:57.296459 [info ] [Thread-3 (]: 8 of 11 PASS unique_my_first_dbt_model_id ...................................... [[32mPASS[0m in 6.05s]
[0m14:19:57.296459 [debug] [Thread-2 (]: Began running node test.dbt_learn_osas.unique_stg_customers_customer_id.c7614daada
[0m14:19:57.296459 [debug] [Thread-3 (]: Finished running node test.dbt_learn_osas.unique_my_first_dbt_model_id.16e066b321
[0m14:19:57.312092 [debug] [Thread-3 (]: Began running node test.dbt_learn_osas.unique_stg_orders_order_id.e3b841c71a
[0m14:19:57.312092 [info ] [Thread-2 (]: 10 of 11 START test unique_stg_customers_customer_id ........................... [RUN]
[0m14:19:57.312092 [debug] [Thread-2 (]: Re-using an available connection from the pool (formerly test.dbt_learn_osas.not_null_stg_orders_customer_id.af79d5e4b5, now test.dbt_learn_osas.unique_stg_customers_customer_id.c7614daada)
[0m14:19:57.312092 [debug] [Thread-2 (]: Began compiling node test.dbt_learn_osas.unique_stg_customers_customer_id.c7614daada
[0m14:19:57.312092 [info ] [Thread-3 (]: 11 of 11 START test unique_stg_orders_order_id ................................. [RUN]
[0m14:19:57.330370 [debug] [Thread-2 (]: Writing injected SQL for node "test.dbt_learn_osas.unique_stg_customers_customer_id.c7614daada"
[0m14:19:57.346006 [debug] [Thread-3 (]: Re-using an available connection from the pool (formerly test.dbt_learn_osas.unique_my_first_dbt_model_id.16e066b321, now test.dbt_learn_osas.unique_stg_orders_order_id.e3b841c71a)
[0m14:19:57.346006 [info ] [Thread-4 (]: 7 of 11 PASS relationships_stg_orders_customer_id__customer_id__ref_stg_customers_  [[32mPASS[0m in 6.16s]
[0m14:19:57.346006 [debug] [Thread-3 (]: Began compiling node test.dbt_learn_osas.unique_stg_orders_order_id.e3b841c71a
[0m14:19:57.346006 [debug] [Thread-4 (]: Finished running node test.dbt_learn_osas.relationships_stg_orders_customer_id__customer_id__ref_stg_customers_.430bf21500
[0m14:19:57.346006 [debug] [Thread-2 (]: Began executing node test.dbt_learn_osas.unique_stg_customers_customer_id.c7614daada
[0m14:19:57.371273 [debug] [Thread-3 (]: Writing injected SQL for node "test.dbt_learn_osas.unique_stg_orders_order_id.e3b841c71a"
[0m14:19:57.379234 [debug] [Thread-2 (]: Writing runtime sql for node "test.dbt_learn_osas.unique_stg_customers_customer_id.c7614daada"
[0m14:19:57.396495 [debug] [Thread-2 (]: On test.dbt_learn_osas.unique_stg_customers_customer_id.c7614daada: /* {"app": "dbt", "dbt_version": "1.11.2", "profile_name": "dbt_learn_osas", "target_name": "dev", "node_id": "test.dbt_learn_osas.unique_stg_customers_customer_id.c7614daada"} */

    select
      count(*) as failures,
      count(*) != 0 as should_warn,
      count(*) != 0 as should_error
    from (
      
    
  
    
    

with dbt_test__target as (

  select customer_id as unique_field
  from `my-dbt-project-486616`.`dbt_dataset`.`stg_customers`
  where customer_id is not null

)

select
    unique_field,
    count(*) as n_records

from dbt_test__target
group by unique_field
having count(*) > 1



  
  
      
    ) dbt_internal_test
[0m14:19:57.396495 [debug] [Thread-3 (]: Began executing node test.dbt_learn_osas.unique_stg_orders_order_id.e3b841c71a
[0m14:19:57.396495 [debug] [Thread-2 (]: Opening a new connection, currently in state closed
[0m14:19:57.412203 [debug] [Thread-3 (]: Writing runtime sql for node "test.dbt_learn_osas.unique_stg_orders_order_id.e3b841c71a"
[0m14:19:57.522030 [debug] [Thread-3 (]: On test.dbt_learn_osas.unique_stg_orders_order_id.e3b841c71a: /* {"app": "dbt", "dbt_version": "1.11.2", "profile_name": "dbt_learn_osas", "target_name": "dev", "node_id": "test.dbt_learn_osas.unique_stg_orders_order_id.e3b841c71a"} */

    select
      count(*) as failures,
      count(*) != 0 as should_warn,
      count(*) != 0 as should_error
    from (
      
    
  
    
    

with dbt_test__target as (

  select order_id as unique_field
  from `my-dbt-project-486616`.`dbt_dataset`.`stg_orders`
  where order_id is not null

)

select
    unique_field,
    count(*) as n_records

from dbt_test__target
group by unique_field
having count(*) > 1



  
  
      
    ) dbt_internal_test
[0m14:19:57.522030 [debug] [Thread-3 (]: Opening a new connection, currently in state closed
[0m14:20:01.329257 [debug] [Thread-3 (]: BigQuery adapter: https://console.cloud.google.com/bigquery?project=my-dbt-project-486616&j=bq:EU:532fa7f6-1ad1-4141-a272-88ecfa7658e6&page=queryresults
[0m14:20:01.329257 [debug] [Thread-1 (]: BigQuery adapter: https://console.cloud.google.com/bigquery?project=my-dbt-project-486616&j=bq:EU:316afc28-92a4-42b0-9bf8-0b971d80458d&page=queryresults
[0m14:20:01.596142 [debug] [Thread-1 (]: SQL status: OK in 0.259 seconds
[0m14:20:01.596142 [debug] [Thread-3 (]: SQL status: OK in 0.263 seconds
[0m14:20:02.096823 [info ] [Thread-3 (]: 11 of 11 PASS unique_stg_orders_order_id ....................................... [[32mPASS[0m in 4.75s]
[0m14:20:02.114169 [info ] [Thread-1 (]: 9 of 11 PASS unique_my_second_dbt_model_id ..................................... [[32mPASS[0m in 4.94s]
[0m14:20:02.129788 [debug] [Thread-3 (]: Finished running node test.dbt_learn_osas.unique_stg_orders_order_id.e3b841c71a
[0m14:20:02.129788 [debug] [Thread-1 (]: Finished running node test.dbt_learn_osas.unique_my_second_dbt_model_id.57a0f8c493
[0m14:20:04.177047 [debug] [Thread-2 (]: BigQuery adapter: https://console.cloud.google.com/bigquery?project=my-dbt-project-486616&j=bq:EU:a644030d-5387-4baf-a6e8-44e084a6afe3&page=queryresults
[0m14:20:04.412228 [debug] [Thread-2 (]: SQL status: OK in 0.247 seconds
[0m14:20:04.927871 [info ] [Thread-2 (]: 10 of 11 PASS unique_stg_customers_customer_id ................................. [[32mPASS[0m in 7.62s]
[0m14:20:04.927871 [debug] [Thread-2 (]: Finished running node test.dbt_learn_osas.unique_stg_customers_customer_id.c7614daada
[0m14:20:04.948552 [debug] [MainThread]: Opening a new connection, currently in state closed
[0m14:20:05.079353 [debug] [MainThread]: Connection 'master' was properly closed.
[0m14:20:05.079353 [debug] [MainThread]: Connection 'list_my-dbt-project-486616_dbt_dataset' was properly closed.
[0m14:20:05.079353 [debug] [MainThread]: Connection 'test.dbt_learn_osas.unique_my_second_dbt_model_id.57a0f8c493' was properly closed.
[0m14:20:05.079353 [debug] [MainThread]: Connection 'test.dbt_learn_osas.unique_stg_customers_customer_id.c7614daada' was properly closed.
[0m14:20:05.079353 [debug] [MainThread]: Connection 'test.dbt_learn_osas.unique_stg_orders_order_id.e3b841c71a' was properly closed.
[0m14:20:05.079353 [debug] [MainThread]: Connection 'test.dbt_learn_osas.relationships_stg_orders_customer_id__customer_id__ref_stg_customers_.430bf21500' was properly closed.
[0m14:20:05.079353 [info ] [MainThread]: 
[0m14:20:05.094987 [info ] [MainThread]: Finished running 11 data tests in 0 hours 0 minutes and 26.23 seconds (26.23s).
[0m14:20:05.094987 [debug] [MainThread]: Command end result
[0m14:20:05.273824 [debug] [MainThread]: Wrote artifact WritableManifest to C:\Users\HP\data_engineering_mastery\dbt_process\dbt_learn_osas\target\manifest.json
[0m14:20:05.284236 [debug] [MainThread]: Wrote artifact SemanticManifest to C:\Users\HP\data_engineering_mastery\dbt_process\dbt_learn_osas\target\semantic_manifest.json
[0m14:20:05.312048 [debug] [MainThread]: Wrote artifact RunExecutionResult to C:\Users\HP\data_engineering_mastery\dbt_process\dbt_learn_osas\target\run_results.json
[0m14:20:05.312048 [info ] [MainThread]: 
[0m14:20:05.318145 [info ] [MainThread]: [31mCompleted with 1 error, 0 partial successes, and 0 warnings:[0m
[0m14:20:05.321324 [info ] [MainThread]: 
[0m14:20:05.323394 [error] [MainThread]: [31mFailure in test not_null_my_first_dbt_model_id (models\example\schema.yml)[0m
[0m14:20:05.326823 [error] [MainThread]:   Got 1 result, configured to fail if != 0
[0m14:20:05.342380 [info ] [MainThread]: 
[0m14:20:05.351414 [info ] [MainThread]:   compiled code at target\compiled\dbt_learn_osas\models\example\schema.yml\not_null_my_first_dbt_model_id.sql
[0m14:20:05.354594 [info ] [MainThread]: 
[0m14:20:05.359143 [info ] [MainThread]: Done. PASS=10 WARN=0 ERROR=1 SKIP=0 NO-OP=0 TOTAL=11
[0m14:20:05.368084 [debug] [MainThread]: Command `dbt test` failed at 14:20:05.368084 after 84.84 seconds
[0m14:20:05.374950 [debug] [MainThread]: Sending event: {'category': 'dbt', 'action': 'invocation', 'label': 'end', 'context': [<snowplow_tracker.self_describing_json.SelfDescribingJson object at 0x000001BBDB9ED370>, <snowplow_tracker.self_describing_json.SelfDescribingJson object at 0x000001BBDC00A390>, <snowplow_tracker.self_describing_json.SelfDescribingJson object at 0x000001BBF39FFF80>]}
[0m14:20:05.379455 [debug] [MainThread]: Flushing usage events
[0m14:20:11.408749 [debug] [MainThread]: An error was encountered while trying to flush usage events
[0m16:13:19.357122 [debug] [MainThread]: Sending event: {'category': 'dbt', 'action': 'invocation', 'label': 'start', 'context': [<snowplow_tracker.self_describing_json.SelfDescribingJson object at 0x0000021984B002C0>, <snowplow_tracker.self_describing_json.SelfDescribingJson object at 0x00000219855D7AA0>, <snowplow_tracker.self_describing_json.SelfDescribingJson object at 0x00000219855D7E30>]}


============================== 16:13:19.372770 | f70f80a1-7e6d-43e8-93d8-33f4ad4e85c7 ==============================
[0m16:13:19.372770 [info ] [MainThread]: Running with dbt=1.11.2
[0m16:13:19.372770 [debug] [MainThread]: running dbt with arguments {'static_parser': 'True', 'no_print': 'None', 'version_check': 'True', 'target_path': 'None', 'warn_error_options': 'WarnErrorOptionsV2(error=[], warn=[], silence=[])', 'printer_width': '80', 'write_json': 'True', 'introspect': 'True', 'log_cache_events': 'False', 'empty': 'False', 'cache_selected_only': 'False', 'fail_fast': 'False', 'debug': 'False', 'log_format': 'default', 'profiles_dir': 'C:\\Users\\HP\\.dbt', 'send_anonymous_usage_stats': 'True', 'quiet': 'False', 'warn_error': 'None', 'partial_parse': 'True', 'invocation_command': 'dbt run --full-refresh', 'indirect_selection': 'eager', 'use_colors': 'True', 'use_experimental_parser': 'False', 'log_path': 'C:\\Users\\HP\\data_engineering_mastery\\dbt_process\\dbt_learn_osas\\logs'}
[0m16:14:12.323456 [debug] [MainThread]: Sending event: {'category': 'dbt', 'action': 'project_id', 'label': 'f70f80a1-7e6d-43e8-93d8-33f4ad4e85c7', 'context': [<snowplow_tracker.self_describing_json.SelfDescribingJson object at 0x000002199CCDAE40>]}
[0m16:14:12.747150 [debug] [MainThread]: Sending event: {'category': 'dbt', 'action': 'adapter_info', 'label': 'f70f80a1-7e6d-43e8-93d8-33f4ad4e85c7', 'context': [<snowplow_tracker.self_describing_json.SelfDescribingJson object at 0x000002199C963EC0>]}
[0m16:14:12.762795 [info ] [MainThread]: Registered adapter: bigquery=1.11.0
[0m16:14:15.741282 [debug] [MainThread]: checksum: 3d40d8bbe1bef07db1c24822f2dbfff8bc07f2a48ed4fe2658a40653aec0b54b, vars: {}, profile: , target: , version: 1.11.2
[0m16:14:16.368724 [debug] [MainThread]: Partial parsing enabled: 3 files deleted, 0 files added, 1 files changed.
[0m16:14:16.368724 [debug] [MainThread]: Partial parsing: updated file: dbt_learn_osas://models\jaffle_shop\stg_orders.sql
[0m16:14:16.368724 [debug] [MainThread]: Partial parsing: updated file: dbt_learn_osas://models\sources.yml
[0m16:14:16.384352 [debug] [MainThread]: Partial parsing: deleted file: dbt_learn_osas://models\example\my_second_dbt_model.sql
[0m16:14:16.384352 [debug] [MainThread]: Partial parsing: deleted file: dbt_learn_osas://models\example\my_first_dbt_model.sql
[0m16:14:17.680062 [error] [MainThread]: Encountered an error:
Compilation Error
  Model 'model.dbt_learn_osas.stg_orders' (models\jaffle_shop\stg_orders.sql) depends on a source named 'dbt_dataset.orders' which was not found
[0m16:14:17.692043 [debug] [MainThread]: Command `dbt run` failed at 16:14:17.692043 after 58.78 seconds
[0m16:14:17.698274 [debug] [MainThread]: Sending event: {'category': 'dbt', 'action': 'invocation', 'label': 'end', 'context': [<snowplow_tracker.self_describing_json.SelfDescribingJson object at 0x0000021985606CF0>, <snowplow_tracker.self_describing_json.SelfDescribingJson object at 0x0000021983517EC0>, <snowplow_tracker.self_describing_json.SelfDescribingJson object at 0x000002199D263CB0>]}
[0m16:14:17.711022 [debug] [MainThread]: Flushing usage events
[0m16:14:17.732205 [debug] [MainThread]: An error was encountered while trying to flush usage events
[0m16:20:27.899147 [debug] [MainThread]: Sending event: {'category': 'dbt', 'action': 'invocation', 'label': 'start', 'context': [<snowplow_tracker.self_describing_json.SelfDescribingJson object at 0x0000016C5A1A25D0>, <snowplow_tracker.self_describing_json.SelfDescribingJson object at 0x0000016C57361460>, <snowplow_tracker.self_describing_json.SelfDescribingJson object at 0x0000016C57284710>]}


============================== 16:20:27.914775 | 823435db-b727-4b9f-a3bc-f0e0283c7081 ==============================
[0m16:20:27.914775 [info ] [MainThread]: Running with dbt=1.11.2
[0m16:20:27.914775 [debug] [MainThread]: running dbt with arguments {'version_check': 'True', 'no_print': 'None', 'static_parser': 'True', 'warn_error_options': 'WarnErrorOptionsV2(error=[], warn=[], silence=[])', 'target_path': 'None', 'printer_width': '80', 'write_json': 'True', 'empty': 'False', 'log_cache_events': 'False', 'introspect': 'True', 'cache_selected_only': 'False', 'fail_fast': 'False', 'debug': 'False', 'log_format': 'default', 'profiles_dir': 'C:\\Users\\HP\\.dbt', 'send_anonymous_usage_stats': 'True', 'quiet': 'False', 'warn_error': 'None', 'partial_parse': 'True', 'invocation_command': 'dbt run --full-refresh', 'use_colors': 'True', 'indirect_selection': 'eager', 'use_experimental_parser': 'False', 'log_path': 'C:\\Users\\HP\\data_engineering_mastery\\dbt_process\\dbt_learn_osas\\logs'}
[0m16:21:16.547253 [debug] [MainThread]: Sending event: {'category': 'dbt', 'action': 'project_id', 'label': '823435db-b727-4b9f-a3bc-f0e0283c7081', 'context': [<snowplow_tracker.self_describing_json.SelfDescribingJson object at 0x0000016C6B98B080>]}
[0m16:21:16.989034 [debug] [MainThread]: Sending event: {'category': 'dbt', 'action': 'adapter_info', 'label': '823435db-b727-4b9f-a3bc-f0e0283c7081', 'context': [<snowplow_tracker.self_describing_json.SelfDescribingJson object at 0x0000016C712D14F0>]}
[0m16:21:16.989034 [info ] [MainThread]: Registered adapter: bigquery=1.11.0
[0m16:21:19.734033 [debug] [MainThread]: checksum: 3d40d8bbe1bef07db1c24822f2dbfff8bc07f2a48ed4fe2658a40653aec0b54b, vars: {}, profile: , target: , version: 1.11.2
[0m16:21:20.178582 [debug] [MainThread]: Partial parsing enabled: 3 files deleted, 0 files added, 3 files changed.
[0m16:21:20.194207 [debug] [MainThread]: Partial parsing: updated file: dbt_learn_osas://models\jaffle_shop\stg_orders.sql
[0m16:21:20.194207 [debug] [MainThread]: Partial parsing: updated file: dbt_learn_osas://models\sources.yml
[0m16:21:20.194207 [debug] [MainThread]: Partial parsing: deleted file: dbt_learn_osas://models\example\my_first_dbt_model.sql
[0m16:21:20.194207 [debug] [MainThread]: Partial parsing: deleted file: dbt_learn_osas://models\example\my_second_dbt_model.sql
[0m16:21:20.194207 [debug] [MainThread]: Partial parsing: updated file: dbt_learn_osas://models\jaffle_shop\stg_orders.sql
[0m16:21:20.194207 [debug] [MainThread]: Partial parsing: updated file: dbt_learn_osas://models\jaffle_shop\stg_customers.sql
[0m16:21:21.513319 [debug] [MainThread]: Sending event: {'category': 'dbt', 'action': 'load_project', 'label': '823435db-b727-4b9f-a3bc-f0e0283c7081', 'context': [<snowplow_tracker.self_describing_json.SelfDescribingJson object at 0x0000016C71C45040>]}
[0m16:21:21.840055 [debug] [MainThread]: Wrote artifact WritableManifest to C:\Users\HP\data_engineering_mastery\dbt_process\dbt_learn_osas\target\manifest.json
[0m16:21:21.853665 [debug] [MainThread]: Wrote artifact SemanticManifest to C:\Users\HP\data_engineering_mastery\dbt_process\dbt_learn_osas\target\semantic_manifest.json
[0m16:21:21.957127 [debug] [MainThread]: Sending event: {'category': 'dbt', 'action': 'resource_counts', 'label': '823435db-b727-4b9f-a3bc-f0e0283c7081', 'context': [<snowplow_tracker.self_describing_json.SelfDescribingJson object at 0x0000016C718D81A0>]}
[0m16:21:21.957127 [info ] [MainThread]: Found 1 seed, 3 models, 7 data tests, 2 sources, 538 macros
[0m16:21:21.957127 [debug] [MainThread]: Sending event: {'category': 'dbt', 'action': 'runnable_timing', 'label': '823435db-b727-4b9f-a3bc-f0e0283c7081', 'context': [<snowplow_tracker.self_describing_json.SelfDescribingJson object at 0x0000016C71152270>]}
[0m16:21:21.974164 [info ] [MainThread]: 
[0m16:21:21.974164 [info ] [MainThread]: Concurrency: 4 threads (target='dev')
[0m16:21:21.974164 [info ] [MainThread]: 
[0m16:21:21.981697 [debug] [MainThread]: Acquiring new bigquery connection 'master'
[0m16:21:22.007676 [debug] [ThreadPool]: Acquiring new bigquery connection 'list_my-dbt-project-486616'
[0m16:21:22.007676 [debug] [ThreadPool]: Opening a new connection, currently in state init
[0m16:21:22.173603 [debug] [ThreadPool]: BigQuery adapter: Retry attempt 1 of 1 after error: TransportError(ConnectionError(MaxRetryError('HTTPSConnectionPool(host=\'oauth2.googleapis.com\', port=443): Max retries exceeded with url: /token (Caused by NameResolutionError("HTTPSConnection(host=\'oauth2.googleapis.com\', port=443): Failed to resolve \'oauth2.googleapis.com\' ([Errno 11001] getaddrinfo failed)"))')))
[0m16:21:22.697310 [debug] [ThreadPool]: BigQuery adapter: Unhandled error while running:
list dataset
[0m16:21:22.702235 [debug] [ThreadPool]: BigQuery adapter: HTTPSConnectionPool(host='oauth2.googleapis.com', port=443): Max retries exceeded with url: /token (Caused by NameResolutionError("HTTPSConnection(host='oauth2.googleapis.com', port=443): Failed to resolve 'oauth2.googleapis.com' ([Errno 11001] getaddrinfo failed)"))
[0m16:21:22.706243 [debug] [MainThread]: Opening a new connection, currently in state init
[0m16:21:22.819569 [debug] [MainThread]: Connection 'master' was properly closed.
[0m16:21:22.819569 [debug] [MainThread]: Connection 'list_my-dbt-project-486616' was properly closed.
[0m16:21:22.819569 [info ] [MainThread]: 
[0m16:21:22.819569 [info ] [MainThread]: Finished running  in 0 hours 0 minutes and 0.85 seconds (0.85s).
[0m16:21:22.835194 [error] [MainThread]: Encountered an error:
Database Error
  HTTPSConnectionPool(host='oauth2.googleapis.com', port=443): Max retries exceeded with url: /token (Caused by NameResolutionError("HTTPSConnection(host='oauth2.googleapis.com', port=443): Failed to resolve 'oauth2.googleapis.com' ([Errno 11001] getaddrinfo failed)"))
[0m16:21:22.835194 [debug] [MainThread]: Command `dbt run` failed at 16:21:22.835194 after 55.39 seconds
[0m16:21:22.835194 [debug] [MainThread]: Sending event: {'category': 'dbt', 'action': 'invocation', 'label': 'end', 'context': [<snowplow_tracker.self_describing_json.SelfDescribingJson object at 0x0000016C59C51CA0>, <snowplow_tracker.self_describing_json.SelfDescribingJson object at 0x0000016C71BBBF80>, <snowplow_tracker.self_describing_json.SelfDescribingJson object at 0x0000016C71CEE990>]}
[0m16:21:22.835194 [debug] [MainThread]: Flushing usage events
[0m16:21:22.850819 [debug] [MainThread]: An error was encountered while trying to flush usage events
[0m16:26:29.262560 [debug] [MainThread]: Sending event: {'category': 'dbt', 'action': 'invocation', 'label': 'start', 'context': [<snowplow_tracker.self_describing_json.SelfDescribingJson object at 0x000001DFEF2F9040>, <snowplow_tracker.self_describing_json.SelfDescribingJson object at 0x000001DFEF2F8620>, <snowplow_tracker.self_describing_json.SelfDescribingJson object at 0x000001DFEF2FB050>]}


============================== 16:26:29.268576 | dc1680bc-ec60-43c2-a581-4f6d4ada1bf4 ==============================
[0m16:26:29.268576 [info ] [MainThread]: Running with dbt=1.11.2
[0m16:26:29.284224 [debug] [MainThread]: running dbt with arguments {'static_parser': 'True', 'no_print': 'None', 'version_check': 'True', 'warn_error_options': 'WarnErrorOptionsV2(error=[], warn=[], silence=[])', 'target_path': 'None', 'printer_width': '80', 'write_json': 'True', 'introspect': 'True', 'log_cache_events': 'False', 'empty': 'False', 'cache_selected_only': 'False', 'fail_fast': 'False', 'debug': 'False', 'log_format': 'default', 'profiles_dir': 'C:\\Users\\HP\\.dbt', 'send_anonymous_usage_stats': 'True', 'quiet': 'False', 'warn_error': 'None', 'partial_parse': 'True', 'indirect_selection': 'eager', 'invocation_command': 'dbt run --full-refresh', 'use_colors': 'True', 'use_experimental_parser': 'False', 'log_path': 'C:\\Users\\HP\\data_engineering_mastery\\dbt_process\\dbt_learn_osas\\logs'}
[0m16:27:20.116753 [debug] [MainThread]: Sending event: {'category': 'dbt', 'action': 'project_id', 'label': 'dc1680bc-ec60-43c2-a581-4f6d4ada1bf4', 'context': [<snowplow_tracker.self_describing_json.SelfDescribingJson object at 0x000001DF86D82480>]}
[0m16:27:20.546850 [debug] [MainThread]: Sending event: {'category': 'dbt', 'action': 'adapter_info', 'label': 'dc1680bc-ec60-43c2-a581-4f6d4ada1bf4', 'context': [<snowplow_tracker.self_describing_json.SelfDescribingJson object at 0x000001DFEFB9B0B0>]}
[0m16:27:20.549850 [info ] [MainThread]: Registered adapter: bigquery=1.11.0
[0m16:27:23.521774 [debug] [MainThread]: checksum: 3d40d8bbe1bef07db1c24822f2dbfff8bc07f2a48ed4fe2658a40653aec0b54b, vars: {}, profile: , target: , version: 1.11.2
[0m16:27:24.304838 [debug] [MainThread]: Partial parsing enabled: 0 files deleted, 0 files added, 0 files changed.
[0m16:27:24.304838 [debug] [MainThread]: Nothing changed, skipping partial parsing.
[0m16:27:24.304838 [debug] [MainThread]: Partial parsing enabled, no changes found, skipping parsing
[0m16:27:24.493454 [debug] [MainThread]: Sending event: {'category': 'dbt', 'action': 'load_project', 'label': 'dc1680bc-ec60-43c2-a581-4f6d4ada1bf4', 'context': [<snowplow_tracker.self_describing_json.SelfDescribingJson object at 0x000001DF870E57F0>]}
[0m16:27:24.839024 [debug] [MainThread]: Wrote artifact WritableManifest to C:\Users\HP\data_engineering_mastery\dbt_process\dbt_learn_osas\target\manifest.json
[0m16:27:24.854645 [debug] [MainThread]: Wrote artifact SemanticManifest to C:\Users\HP\data_engineering_mastery\dbt_process\dbt_learn_osas\target\semantic_manifest.json
[0m16:27:25.089810 [debug] [MainThread]: Sending event: {'category': 'dbt', 'action': 'resource_counts', 'label': 'dc1680bc-ec60-43c2-a581-4f6d4ada1bf4', 'context': [<snowplow_tracker.self_describing_json.SelfDescribingJson object at 0x000001DF8731D370>]}
[0m16:27:25.089810 [info ] [MainThread]: Found 1 seed, 3 models, 7 data tests, 2 sources, 538 macros
[0m16:27:25.105421 [debug] [MainThread]: Sending event: {'category': 'dbt', 'action': 'runnable_timing', 'label': 'dc1680bc-ec60-43c2-a581-4f6d4ada1bf4', 'context': [<snowplow_tracker.self_describing_json.SelfDescribingJson object at 0x000001DFEFB49A30>]}
[0m16:27:25.105421 [info ] [MainThread]: 
[0m16:27:25.105421 [info ] [MainThread]: Concurrency: 4 threads (target='dev')
[0m16:27:25.129714 [info ] [MainThread]: 
[0m16:27:25.142817 [debug] [MainThread]: Acquiring new bigquery connection 'master'
[0m16:27:25.194704 [debug] [ThreadPool]: Acquiring new bigquery connection 'list_my-dbt-project-486616'
[0m16:27:25.194704 [debug] [ThreadPool]: Opening a new connection, currently in state init
[0m16:27:29.384193 [debug] [ThreadPool]: Acquiring new bigquery connection 'list_my-dbt-project-486616_dbt_dataset'
[0m16:27:29.384193 [debug] [ThreadPool]: Opening a new connection, currently in state init
[0m16:27:32.616329 [debug] [MainThread]: Sending event: {'category': 'dbt', 'action': 'runnable_timing', 'label': 'dc1680bc-ec60-43c2-a581-4f6d4ada1bf4', 'context': [<snowplow_tracker.self_describing_json.SelfDescribingJson object at 0x000001DF86E3B800>]}
[0m16:27:32.616329 [debug] [MainThread]: Opening a new connection, currently in state init
[0m16:27:33.262467 [debug] [Thread-1 (]: Began running node model.dbt_learn_osas.stg_customers
[0m16:27:33.264464 [debug] [Thread-2 (]: Began running node model.dbt_learn_osas.stg_orders
[0m16:27:33.267471 [info ] [Thread-1 (]: 1 of 3 START sql table model dbt_dataset.stg_customers ......................... [RUN]
[0m16:27:33.273026 [debug] [Thread-1 (]: Acquiring new bigquery connection 'model.dbt_learn_osas.stg_customers'
[0m16:27:33.273026 [debug] [Thread-1 (]: Began compiling node model.dbt_learn_osas.stg_customers
[0m16:27:33.269471 [info ] [Thread-2 (]: 2 of 3 START sql table model dbt_dataset.stg_orders ............................ [RUN]
[0m16:27:33.357701 [debug] [Thread-1 (]: Writing injected SQL for node "model.dbt_learn_osas.stg_customers"
[0m16:27:33.360700 [debug] [Thread-2 (]: Acquiring new bigquery connection 'model.dbt_learn_osas.stg_orders'
[0m16:27:33.370705 [debug] [Thread-2 (]: Began compiling node model.dbt_learn_osas.stg_orders
[0m16:27:33.373759 [debug] [Thread-2 (]: Writing injected SQL for node "model.dbt_learn_osas.stg_orders"
[0m16:27:33.386281 [debug] [Thread-1 (]: Began executing node model.dbt_learn_osas.stg_customers
[0m16:27:33.466955 [debug] [Thread-1 (]: Opening a new connection, currently in state init
[0m16:27:33.514294 [debug] [Thread-2 (]: Began executing node model.dbt_learn_osas.stg_orders
[0m16:27:33.514294 [debug] [Thread-2 (]: Opening a new connection, currently in state init
[0m16:27:39.218300 [debug] [Thread-1 (]: Writing runtime sql for node "model.dbt_learn_osas.stg_customers"
[0m16:27:39.267538 [debug] [Thread-1 (]: On model.dbt_learn_osas.stg_customers: /* {"app": "dbt", "dbt_version": "1.11.2", "profile_name": "dbt_learn_osas", "target_name": "dev", "node_id": "model.dbt_learn_osas.stg_customers"} */

  
    

    create or replace table `my-dbt-project-486616`.`dbt_dataset`.`stg_customers`
      
    
    

    
    OPTIONS()
    as (
      select
        id as customer_id,
        first_name,
        last_name

    from `my-dbt-project-486616`.`jaffle_shop`.`customers` --my-dbt-project-486616.dbt_dataset.customers
    );
  
[0m16:27:40.019303 [debug] [Thread-1 (]: BigQuery adapter: https://console.cloud.google.com/bigquery?project=my-dbt-project-486616&j=bq:EU:a192d688-2e59-4c60-9b55-14e70f09fe15&page=queryresults
[0m16:27:40.019303 [error] [Thread-1 (]: BigQuery adapter: https://console.cloud.google.com/bigquery?project=my-dbt-project-486616&j=bq:EU:a192d688-2e59-4c60-9b55-14e70f09fe15&page=queryresults
[0m16:27:40.063773 [debug] [Thread-1 (]: Database Error in model stg_customers (models\jaffle_shop\stg_customers.sql)
  Not found: Dataset my-dbt-project-486616:jaffle_shop was not found in location EU
  compiled code at target\run\dbt_learn_osas\models\jaffle_shop\stg_customers.sql
[0m16:27:40.073958 [debug] [Thread-1 (]: Sending event: {'category': 'dbt', 'action': 'run_model', 'label': 'dc1680bc-ec60-43c2-a581-4f6d4ada1bf4', 'context': [<snowplow_tracker.self_describing_json.SelfDescribingJson object at 0x000001DF871922D0>]}
[0m16:27:40.073958 [error] [Thread-1 (]: 1 of 3 ERROR creating sql table model dbt_dataset.stg_customers ................ [[31mERROR[0m in 6.79s]
[0m16:27:40.073958 [debug] [Thread-1 (]: Finished running node model.dbt_learn_osas.stg_customers
[0m16:27:40.073958 [debug] [Thread-7 (]: Marking all children of 'model.dbt_learn_osas.stg_customers' to be skipped because of status 'error'.  Reason: Database Error in model stg_customers (models\jaffle_shop\stg_customers.sql)
  Not found: Dataset my-dbt-project-486616:jaffle_shop was not found in location EU
  compiled code at target\run\dbt_learn_osas\models\jaffle_shop\stg_customers.sql.
[0m16:27:44.531676 [debug] [Thread-2 (]: Writing runtime sql for node "model.dbt_learn_osas.stg_orders"
[0m16:27:44.531676 [debug] [Thread-2 (]: On model.dbt_learn_osas.stg_orders: /* {"app": "dbt", "dbt_version": "1.11.2", "profile_name": "dbt_learn_osas", "target_name": "dev", "node_id": "model.dbt_learn_osas.stg_orders"} */

  
    

    create or replace table `my-dbt-project-486616`.`dbt_dataset`.`stg_orders`
      
    
    

    
    OPTIONS()
    as (
      select
        id as order_id,
        user_id as customer_id,
        order_date,
        status

    from `my-dbt-project-486616`.`jaffle_shop`.`orders`--my-dbt-project-486616.dbt_dataset.orders
    );
  
[0m16:27:45.346047 [debug] [Thread-2 (]: BigQuery adapter: https://console.cloud.google.com/bigquery?project=my-dbt-project-486616&j=bq:EU:ecf60af7-281b-4ddd-a8b6-77b6913cb56e&page=queryresults
[0m16:27:45.346047 [error] [Thread-2 (]: BigQuery adapter: https://console.cloud.google.com/bigquery?project=my-dbt-project-486616&j=bq:EU:ecf60af7-281b-4ddd-a8b6-77b6913cb56e&page=queryresults
[0m16:27:45.361682 [debug] [Thread-2 (]: Database Error in model stg_orders (models\jaffle_shop\stg_orders.sql)
  Not found: Dataset my-dbt-project-486616:jaffle_shop was not found in location EU
  compiled code at target\run\dbt_learn_osas\models\jaffle_shop\stg_orders.sql
[0m16:27:45.377299 [debug] [Thread-2 (]: Sending event: {'category': 'dbt', 'action': 'run_model', 'label': 'dc1680bc-ec60-43c2-a581-4f6d4ada1bf4', 'context': [<snowplow_tracker.self_describing_json.SelfDescribingJson object at 0x000001DF877CA120>]}
[0m16:27:45.382267 [error] [Thread-2 (]: 2 of 3 ERROR creating sql table model dbt_dataset.stg_orders ................... [[31mERROR[0m in 12.02s]
[0m16:27:45.385531 [debug] [Thread-2 (]: Finished running node model.dbt_learn_osas.stg_orders
[0m16:27:45.388589 [debug] [Thread-7 (]: Marking all children of 'model.dbt_learn_osas.stg_orders' to be skipped because of status 'error'.  Reason: Database Error in model stg_orders (models\jaffle_shop\stg_orders.sql)
  Not found: Dataset my-dbt-project-486616:jaffle_shop was not found in location EU
  compiled code at target\run\dbt_learn_osas\models\jaffle_shop\stg_orders.sql.
[0m16:27:45.391385 [debug] [Thread-4 (]: Began running node model.dbt_learn_osas.customer_orders
[0m16:27:45.391385 [info ] [Thread-4 (]: 3 of 3 SKIP relation dbt_dataset.customer_orders ............................... [[33mSKIP[0m]
[0m16:27:45.391385 [debug] [Thread-4 (]: Finished running node model.dbt_learn_osas.customer_orders
[0m16:27:45.407881 [debug] [MainThread]: Opening a new connection, currently in state closed
[0m16:27:45.507761 [debug] [MainThread]: Connection 'master' was properly closed.
[0m16:27:45.507761 [debug] [MainThread]: Connection 'list_my-dbt-project-486616' was properly closed.
[0m16:27:45.507761 [debug] [MainThread]: Connection 'list_my-dbt-project-486616_dbt_dataset' was properly closed.
[0m16:27:45.507761 [debug] [MainThread]: Connection 'model.dbt_learn_osas.stg_customers' was properly closed.
[0m16:27:45.507761 [debug] [MainThread]: Connection 'model.dbt_learn_osas.stg_orders' was properly closed.
[0m16:27:45.523407 [info ] [MainThread]: 
[0m16:27:45.523407 [info ] [MainThread]: Finished running 2 table models, 1 view model in 0 hours 0 minutes and 20.39 seconds (20.39s).
[0m16:27:45.523407 [debug] [MainThread]: Command end result
[0m16:27:45.637797 [debug] [MainThread]: Wrote artifact WritableManifest to C:\Users\HP\data_engineering_mastery\dbt_process\dbt_learn_osas\target\manifest.json
[0m16:27:45.639866 [debug] [MainThread]: Wrote artifact SemanticManifest to C:\Users\HP\data_engineering_mastery\dbt_process\dbt_learn_osas\target\semantic_manifest.json
[0m16:27:45.655507 [debug] [MainThread]: Wrote artifact RunExecutionResult to C:\Users\HP\data_engineering_mastery\dbt_process\dbt_learn_osas\target\run_results.json
[0m16:27:45.655507 [info ] [MainThread]: 
[0m16:27:45.655507 [info ] [MainThread]: [31mCompleted with 2 errors, 0 partial successes, and 0 warnings:[0m
[0m16:27:45.655507 [info ] [MainThread]: 
[0m16:27:45.671121 [error] [MainThread]: [31mFailure in model stg_customers (models\jaffle_shop\stg_customers.sql)[0m
[0m16:27:45.671121 [error] [MainThread]:   Database Error in model stg_customers (models\jaffle_shop\stg_customers.sql)
  Not found: Dataset my-dbt-project-486616:jaffle_shop was not found in location EU
  compiled code at target\run\dbt_learn_osas\models\jaffle_shop\stg_customers.sql
[0m16:27:45.671121 [info ] [MainThread]: 
[0m16:27:45.686747 [info ] [MainThread]:   compiled code at target\compiled\dbt_learn_osas\models\jaffle_shop\stg_customers.sql
[0m16:27:45.689258 [info ] [MainThread]: 
[0m16:27:45.708081 [error] [MainThread]: [31mFailure in model stg_orders (models\jaffle_shop\stg_orders.sql)[0m
[0m16:27:45.708081 [error] [MainThread]:   Database Error in model stg_orders (models\jaffle_shop\stg_orders.sql)
  Not found: Dataset my-dbt-project-486616:jaffle_shop was not found in location EU
  compiled code at target\run\dbt_learn_osas\models\jaffle_shop\stg_orders.sql
[0m16:27:45.708081 [info ] [MainThread]: 
[0m16:27:45.723061 [info ] [MainThread]:   compiled code at target\compiled\dbt_learn_osas\models\jaffle_shop\stg_orders.sql
[0m16:27:45.723061 [info ] [MainThread]: 
[0m16:27:45.723061 [info ] [MainThread]: Done. PASS=0 WARN=0 ERROR=2 SKIP=1 NO-OP=0 TOTAL=3
[0m16:27:45.739658 [debug] [MainThread]: Command `dbt run` failed at 16:27:45.739658 after 76.93 seconds
[0m16:27:45.739658 [debug] [MainThread]: Sending event: {'category': 'dbt', 'action': 'invocation', 'label': 'end', 'context': [<snowplow_tracker.self_describing_json.SelfDescribingJson object at 0x000001DFEFB9BB30>, <snowplow_tracker.self_describing_json.SelfDescribingJson object at 0x000001DFEEC98140>, <snowplow_tracker.self_describing_json.SelfDescribingJson object at 0x000001DF870B6510>]}
[0m16:27:45.739658 [debug] [MainThread]: Flushing usage events
[0m16:27:48.277873 [debug] [MainThread]: An error was encountered while trying to flush usage events
[0m16:43:30.259530 [debug] [MainThread]: Sending event: {'category': 'dbt', 'action': 'invocation', 'label': 'start', 'context': [<snowplow_tracker.self_describing_json.SelfDescribingJson object at 0x000001C4ED014CB0>, <snowplow_tracker.self_describing_json.SelfDescribingJson object at 0x000001C4F03E5640>, <snowplow_tracker.self_describing_json.SelfDescribingJson object at 0x000001C4EFD504D0>]}


============================== 16:43:30.275158 | ba5179a1-4435-4716-8563-b4e88b726709 ==============================
[0m16:43:30.275158 [info ] [MainThread]: Running with dbt=1.11.2
[0m16:43:30.275158 [debug] [MainThread]: running dbt with arguments {'version_check': 'True', 'no_print': 'None', 'static_parser': 'True', 'warn_error_options': 'WarnErrorOptionsV2(error=[], warn=[], silence=[])', 'target_path': 'None', 'printer_width': '80', 'write_json': 'True', 'introspect': 'True', 'log_cache_events': 'False', 'empty': 'False', 'cache_selected_only': 'False', 'log_format': 'default', 'debug': 'False', 'fail_fast': 'False', 'partial_parse': 'True', 'send_anonymous_usage_stats': 'True', 'quiet': 'False', 'warn_error': 'None', 'profiles_dir': 'C:\\Users\\HP\\.dbt', 'invocation_command': 'dbt run --full-refresh', 'indirect_selection': 'eager', 'use_colors': 'True', 'use_experimental_parser': 'False', 'log_path': 'C:\\Users\\HP\\data_engineering_mastery\\dbt_process\\dbt_learn_osas\\logs'}
[0m16:44:23.387901 [debug] [MainThread]: Sending event: {'category': 'dbt', 'action': 'project_id', 'label': 'ba5179a1-4435-4716-8563-b4e88b726709', 'context': [<snowplow_tracker.self_describing_json.SelfDescribingJson object at 0x000001C4874E7230>]}
[0m16:44:23.748342 [debug] [MainThread]: Sending event: {'category': 'dbt', 'action': 'adapter_info', 'label': 'ba5179a1-4435-4716-8563-b4e88b726709', 'context': [<snowplow_tracker.self_describing_json.SelfDescribingJson object at 0x000001C4F059B0B0>]}
[0m16:44:23.748342 [info ] [MainThread]: Registered adapter: bigquery=1.11.0
[0m16:44:26.170906 [debug] [MainThread]: checksum: 3d40d8bbe1bef07db1c24822f2dbfff8bc07f2a48ed4fe2658a40653aec0b54b, vars: {}, profile: , target: , version: 1.11.2
[0m16:44:26.810863 [debug] [MainThread]: Partial parsing enabled: 0 files deleted, 0 files added, 3 files changed.
[0m16:44:26.810863 [debug] [MainThread]: Partial parsing: updated file: dbt_learn_osas://models\jaffle_shop\stg_orders.sql
[0m16:44:26.810863 [debug] [MainThread]: Partial parsing: updated file: dbt_learn_osas://models\sources.yml
[0m16:44:26.810863 [debug] [MainThread]: Partial parsing: updated file: dbt_learn_osas://models\jaffle_shop\stg_customers.sql
[0m16:44:26.810863 [debug] [MainThread]: Partial parsing: updated file: dbt_learn_osas://models\jaffle_shop\stg_orders.sql
[0m16:44:28.549554 [debug] [MainThread]: Sending event: {'category': 'dbt', 'action': 'load_project', 'label': 'ba5179a1-4435-4716-8563-b4e88b726709', 'context': [<snowplow_tracker.self_describing_json.SelfDescribingJson object at 0x000001C488007F50>]}
[0m16:44:28.753619 [debug] [MainThread]: Wrote artifact WritableManifest to C:\Users\HP\data_engineering_mastery\dbt_process\dbt_learn_osas\target\manifest.json
[0m16:44:28.774029 [debug] [MainThread]: Wrote artifact SemanticManifest to C:\Users\HP\data_engineering_mastery\dbt_process\dbt_learn_osas\target\semantic_manifest.json
[0m16:44:28.865254 [debug] [MainThread]: Sending event: {'category': 'dbt', 'action': 'resource_counts', 'label': 'ba5179a1-4435-4716-8563-b4e88b726709', 'context': [<snowplow_tracker.self_describing_json.SelfDescribingJson object at 0x000001C487AB6AE0>]}
[0m16:44:28.867249 [info ] [MainThread]: Found 1 seed, 3 models, 7 data tests, 2 sources, 538 macros
[0m16:44:28.869253 [debug] [MainThread]: Sending event: {'category': 'dbt', 'action': 'runnable_timing', 'label': 'ba5179a1-4435-4716-8563-b4e88b726709', 'context': [<snowplow_tracker.self_describing_json.SelfDescribingJson object at 0x000001C487BE15B0>]}
[0m16:44:28.878285 [info ] [MainThread]: 
[0m16:44:28.881283 [info ] [MainThread]: Concurrency: 4 threads (target='dev')
[0m16:44:28.884358 [info ] [MainThread]: 
[0m16:44:28.884358 [debug] [MainThread]: Acquiring new bigquery connection 'master'
[0m16:44:28.953514 [debug] [ThreadPool]: Acquiring new bigquery connection 'list_my-dbt-project-486616'
[0m16:44:28.960489 [debug] [ThreadPool]: Opening a new connection, currently in state init
[0m16:44:32.185589 [debug] [ThreadPool]: Acquiring new bigquery connection 'list_my-dbt-project-486616_dbt_dataset'
[0m16:44:32.185589 [debug] [ThreadPool]: Opening a new connection, currently in state init
[0m16:44:35.170197 [debug] [MainThread]: Sending event: {'category': 'dbt', 'action': 'runnable_timing', 'label': 'ba5179a1-4435-4716-8563-b4e88b726709', 'context': [<snowplow_tracker.self_describing_json.SelfDescribingJson object at 0x000001C487F68C20>]}
[0m16:44:35.170197 [debug] [MainThread]: Opening a new connection, currently in state init
[0m16:44:35.265038 [debug] [Thread-1 (]: Began running node model.dbt_learn_osas.stg_customers
[0m16:44:35.267041 [debug] [Thread-2 (]: Began running node model.dbt_learn_osas.stg_orders
[0m16:44:35.269041 [info ] [Thread-1 (]: 1 of 3 START sql table model dbt_dataset.stg_customers ......................... [RUN]
[0m16:44:35.272043 [info ] [Thread-2 (]: 2 of 3 START sql table model dbt_dataset.stg_orders ............................ [RUN]
[0m16:44:35.274040 [debug] [Thread-1 (]: Acquiring new bigquery connection 'model.dbt_learn_osas.stg_customers'
[0m16:44:35.276122 [debug] [Thread-2 (]: Acquiring new bigquery connection 'model.dbt_learn_osas.stg_orders'
[0m16:44:35.276122 [debug] [Thread-1 (]: Began compiling node model.dbt_learn_osas.stg_customers
[0m16:44:35.276122 [debug] [Thread-2 (]: Began compiling node model.dbt_learn_osas.stg_orders
[0m16:44:35.325572 [debug] [Thread-2 (]: Writing injected SQL for node "model.dbt_learn_osas.stg_orders"
[0m16:44:35.334569 [debug] [Thread-1 (]: Writing injected SQL for node "model.dbt_learn_osas.stg_customers"
[0m16:44:35.336937 [debug] [Thread-2 (]: Began executing node model.dbt_learn_osas.stg_orders
[0m16:44:35.360327 [debug] [Thread-1 (]: Began executing node model.dbt_learn_osas.stg_customers
[0m16:44:35.422749 [debug] [Thread-1 (]: Opening a new connection, currently in state init
[0m16:44:35.422749 [debug] [Thread-2 (]: Opening a new connection, currently in state init
[0m16:44:39.255430 [debug] [Thread-2 (]: Writing runtime sql for node "model.dbt_learn_osas.stg_orders"
[0m16:44:39.272258 [debug] [Thread-1 (]: Writing runtime sql for node "model.dbt_learn_osas.stg_customers"
[0m16:44:39.276796 [debug] [Thread-1 (]: On model.dbt_learn_osas.stg_customers: /* {"app": "dbt", "dbt_version": "1.11.2", "profile_name": "dbt_learn_osas", "target_name": "dev", "node_id": "model.dbt_learn_osas.stg_customers"} */

  
    

    create or replace table `my-dbt-project-486616`.`dbt_dataset`.`stg_customers`
      
    
    

    
    OPTIONS()
    as (
      select
        id as customer_id,
        first_name,
        last_name

    from `my-dbt-project-486616`.`dbt_dataset`.`customers` --my-dbt-project-486616.dbt_dataset.customers
    );
  
[0m16:44:39.279800 [debug] [Thread-2 (]: On model.dbt_learn_osas.stg_orders: /* {"app": "dbt", "dbt_version": "1.11.2", "profile_name": "dbt_learn_osas", "target_name": "dev", "node_id": "model.dbt_learn_osas.stg_orders"} */

  
    

    create or replace table `my-dbt-project-486616`.`dbt_dataset`.`stg_orders`
      
    
    

    
    OPTIONS()
    as (
      select
        id as order_id,
        user_id as customer_id,
        order_date,
        status

    from `my-dbt-project-486616`.`dbt_dataset`.`orders`--my-dbt-project-486616.dbt_dataset.orders
    );
  
[0m16:44:40.339089 [debug] [Thread-1 (]: BigQuery adapter: https://console.cloud.google.com/bigquery?project=my-dbt-project-486616&j=bq:EU:83c6c41f-717c-4692-a16c-630a6d9bf238&page=queryresults
[0m16:44:40.433296 [debug] [Thread-2 (]: BigQuery adapter: https://console.cloud.google.com/bigquery?project=my-dbt-project-486616&j=bq:EU:fa621b35-356f-42a7-a530-fc03a76487a8&page=queryresults
[0m16:44:41.968099 [debug] [Thread-1 (]: SQL status: OK in 1.627 seconds
[0m16:44:42.753380 [debug] [Thread-1 (]: Sending event: {'category': 'dbt', 'action': 'run_model', 'label': 'ba5179a1-4435-4716-8563-b4e88b726709', 'context': [<snowplow_tracker.self_describing_json.SelfDescribingJson object at 0x000001C48980A180>]}
[0m16:44:42.753380 [info ] [Thread-1 (]: 1 of 3 OK created sql table model dbt_dataset.stg_customers .................... [[32mCREATE TABLE (100.0 rows, 1.9 KiB processed)[0m in 7.48s]
[0m16:44:42.770719 [debug] [Thread-1 (]: Finished running node model.dbt_learn_osas.stg_customers
[0m16:44:47.667857 [debug] [Thread-2 (]: SQL status: OK in 7.233 seconds
[0m16:44:47.957821 [debug] [Thread-2 (]: Sending event: {'category': 'dbt', 'action': 'run_model', 'label': 'ba5179a1-4435-4716-8563-b4e88b726709', 'context': [<snowplow_tracker.self_describing_json.SelfDescribingJson object at 0x000001C48807D340>]}
[0m16:44:47.957821 [info ] [Thread-2 (]: 2 of 3 OK created sql table model dbt_dataset.stg_orders ....................... [[32mCREATE TABLE (99.0 rows, 3.3 KiB processed)[0m in 12.68s]
[0m16:44:47.957821 [debug] [Thread-2 (]: Finished running node model.dbt_learn_osas.stg_orders
[0m16:44:47.973427 [debug] [Thread-4 (]: Began running node model.dbt_learn_osas.customer_orders
[0m16:44:47.973427 [info ] [Thread-4 (]: 3 of 3 START sql view model dbt_dataset.customer_orders ........................ [RUN]
[0m16:44:47.973427 [debug] [Thread-4 (]: Acquiring new bigquery connection 'model.dbt_learn_osas.customer_orders'
[0m16:44:47.973427 [debug] [Thread-4 (]: Began compiling node model.dbt_learn_osas.customer_orders
[0m16:44:47.973427 [debug] [Thread-4 (]: Writing injected SQL for node "model.dbt_learn_osas.customer_orders"
[0m16:44:47.989057 [debug] [Thread-4 (]: Began executing node model.dbt_learn_osas.customer_orders
[0m16:44:48.042578 [debug] [Thread-4 (]: Writing runtime sql for node "model.dbt_learn_osas.customer_orders"
[0m16:44:48.042578 [debug] [Thread-4 (]: On model.dbt_learn_osas.customer_orders: /* {"app": "dbt", "dbt_version": "1.11.2", "profile_name": "dbt_learn_osas", "target_name": "dev", "node_id": "model.dbt_learn_osas.customer_orders"} */


  create or replace view `my-dbt-project-486616`.`dbt_dataset`.`customer_orders`
  OPTIONS()
  as 

with customers as (
 
    select * from `my-dbt-project-486616`.`dbt_dataset`.`stg_customers` -- to reference the stg_customers model
 
),
 
orders as (
 
    select * from `my-dbt-project-486616`.`dbt_dataset`.`stg_orders`
 
),
 
customer_orders as (
 
    select
        customer_id,
 
        min(order_date) as first_order_date,
        max(order_date) as most_recent_order_date,
        count(order_id) as number_of_orders
 
    from orders
 
    group by 1
 
),
 
final as (
 
    select
        customers.customer_id,
        customers.first_name,
        customers.last_name,
        customer_orders.first_order_date,
        customer_orders.most_recent_order_date,
        coalesce(customer_orders.number_of_orders, 0) as number_of_orders
 
    from customers
 
    left join customer_orders using (customer_id)
 
)
 
select * from final --for first run, use dbt run --select +customer_orders (to run d downstream models first);


[0m16:44:48.042578 [debug] [Thread-4 (]: Opening a new connection, currently in state init
[0m16:44:51.805464 [debug] [Thread-4 (]: BigQuery adapter: https://console.cloud.google.com/bigquery?project=my-dbt-project-486616&j=bq:EU:9fecdbbe-92dc-45d8-8a79-9f69a6759c1f&page=queryresults
[0m16:44:52.419376 [debug] [Thread-4 (]: SQL status: OK in 0.612 seconds
[0m16:44:52.435001 [debug] [Thread-4 (]: Sending event: {'category': 'dbt', 'action': 'run_model', 'label': 'ba5179a1-4435-4716-8563-b4e88b726709', 'context': [<snowplow_tracker.self_describing_json.SelfDescribingJson object at 0x000001C4897998E0>]}
[0m16:44:52.437022 [info ] [Thread-4 (]: 3 of 3 OK created sql view model dbt_dataset.customer_orders ................... [[32mCREATE VIEW (0 processed)[0m in 4.46s]
[0m16:44:52.437022 [debug] [Thread-4 (]: Finished running node model.dbt_learn_osas.customer_orders
[0m16:44:52.437022 [debug] [MainThread]: Opening a new connection, currently in state closed
[0m16:44:52.542177 [debug] [MainThread]: Connection 'master' was properly closed.
[0m16:44:52.542177 [debug] [MainThread]: Connection 'list_my-dbt-project-486616' was properly closed.
[0m16:44:52.542177 [debug] [MainThread]: Connection 'list_my-dbt-project-486616_dbt_dataset' was properly closed.
[0m16:44:52.542177 [debug] [MainThread]: Connection 'model.dbt_learn_osas.stg_customers' was properly closed.
[0m16:44:52.542177 [debug] [MainThread]: Connection 'model.dbt_learn_osas.stg_orders' was properly closed.
[0m16:44:52.542177 [debug] [MainThread]: Connection 'model.dbt_learn_osas.customer_orders' was properly closed.
[0m16:44:52.542177 [info ] [MainThread]: 
[0m16:44:52.557854 [info ] [MainThread]: Finished running 2 table models, 1 view model in 0 hours 0 minutes and 23.66 seconds (23.66s).
[0m16:44:52.557854 [debug] [MainThread]: Command end result
[0m16:44:52.660452 [debug] [MainThread]: Wrote artifact WritableManifest to C:\Users\HP\data_engineering_mastery\dbt_process\dbt_learn_osas\target\manifest.json
[0m16:44:52.674745 [debug] [MainThread]: Wrote artifact SemanticManifest to C:\Users\HP\data_engineering_mastery\dbt_process\dbt_learn_osas\target\semantic_manifest.json
[0m16:44:52.696420 [debug] [MainThread]: Wrote artifact RunExecutionResult to C:\Users\HP\data_engineering_mastery\dbt_process\dbt_learn_osas\target\run_results.json
[0m16:44:52.698427 [info ] [MainThread]: 
[0m16:44:52.699186 [info ] [MainThread]: [32mCompleted successfully[0m
[0m16:44:52.699186 [info ] [MainThread]: 
[0m16:44:52.710085 [info ] [MainThread]: Done. PASS=3 WARN=0 ERROR=0 SKIP=0 NO-OP=0 TOTAL=3
[0m16:44:52.715077 [debug] [MainThread]: Command `dbt run` succeeded at 16:44:52.714078 after 82.81 seconds
[0m16:44:52.718079 [debug] [MainThread]: Sending event: {'category': 'dbt', 'action': 'invocation', 'label': 'end', 'context': [<snowplow_tracker.self_describing_json.SelfDescribingJson object at 0x000001C4EF76CDA0>, <snowplow_tracker.self_describing_json.SelfDescribingJson object at 0x000001C487CD93A0>, <snowplow_tracker.self_describing_json.SelfDescribingJson object at 0x000001C4881EAE10>]}
[0m16:44:52.723621 [debug] [MainThread]: Flushing usage events
[0m16:44:55.107240 [debug] [MainThread]: An error was encountered while trying to flush usage events
[0m16:45:44.037983 [debug] [MainThread]: Sending event: {'category': 'dbt', 'action': 'invocation', 'label': 'start', 'context': [<snowplow_tracker.self_describing_json.SelfDescribingJson object at 0x000001E13C77AF30>, <snowplow_tracker.self_describing_json.SelfDescribingJson object at 0x000001E13BF61F70>, <snowplow_tracker.self_describing_json.SelfDescribingJson object at 0x000001E13C77B020>]}


============================== 16:45:44.043002 | 7b9e499f-84db-4cd4-8ac0-1c4ba72e9f31 ==============================
[0m16:45:44.043002 [info ] [MainThread]: Running with dbt=1.11.2
[0m16:45:44.043002 [debug] [MainThread]: running dbt with arguments {'static_parser': 'True', 'no_print': 'None', 'version_check': 'True', 'target_path': 'None', 'warn_error_options': 'WarnErrorOptionsV2(error=[], warn=[], silence=[])', 'printer_width': '80', 'write_json': 'True', 'introspect': 'True', 'log_cache_events': 'False', 'empty': 'None', 'cache_selected_only': 'False', 'fail_fast': 'False', 'debug': 'False', 'log_format': 'default', 'partial_parse': 'True', 'send_anonymous_usage_stats': 'True', 'quiet': 'False', 'warn_error': 'None', 'profiles_dir': 'C:\\Users\\HP\\.dbt', 'invocation_command': 'dbt test', 'indirect_selection': 'eager', 'use_colors': 'True', 'use_experimental_parser': 'False', 'log_path': 'C:\\Users\\HP\\data_engineering_mastery\\dbt_process\\dbt_learn_osas\\logs'}
[0m16:46:29.556655 [debug] [MainThread]: Sending event: {'category': 'dbt', 'action': 'project_id', 'label': '7b9e499f-84db-4cd4-8ac0-1c4ba72e9f31', 'context': [<snowplow_tracker.self_describing_json.SelfDescribingJson object at 0x000001E1538185F0>]}
[0m16:46:29.870258 [debug] [MainThread]: Sending event: {'category': 'dbt', 'action': 'adapter_info', 'label': '7b9e499f-84db-4cd4-8ac0-1c4ba72e9f31', 'context': [<snowplow_tracker.self_describing_json.SelfDescribingJson object at 0x000001E13947A000>]}
[0m16:46:29.870258 [info ] [MainThread]: Registered adapter: bigquery=1.11.0
[0m16:46:32.300998 [debug] [MainThread]: checksum: 3d40d8bbe1bef07db1c24822f2dbfff8bc07f2a48ed4fe2658a40653aec0b54b, vars: {}, profile: , target: , version: 1.11.2
[0m16:46:32.871673 [debug] [MainThread]: Partial parsing enabled: 0 files deleted, 0 files added, 0 files changed.
[0m16:46:32.872768 [debug] [MainThread]: Nothing changed, skipping partial parsing.
[0m16:46:32.874671 [debug] [MainThread]: Partial parsing enabled, no changes found, skipping parsing
[0m16:46:33.007247 [debug] [MainThread]: Sending event: {'category': 'dbt', 'action': 'load_project', 'label': '7b9e499f-84db-4cd4-8ac0-1c4ba72e9f31', 'context': [<snowplow_tracker.self_describing_json.SelfDescribingJson object at 0x000001E153A7BF80>]}
[0m16:46:33.193417 [debug] [MainThread]: Wrote artifact WritableManifest to C:\Users\HP\data_engineering_mastery\dbt_process\dbt_learn_osas\target\manifest.json
[0m16:46:33.209029 [debug] [MainThread]: Wrote artifact SemanticManifest to C:\Users\HP\data_engineering_mastery\dbt_process\dbt_learn_osas\target\semantic_manifest.json
[0m16:46:33.318847 [debug] [MainThread]: Sending event: {'category': 'dbt', 'action': 'resource_counts', 'label': '7b9e499f-84db-4cd4-8ac0-1c4ba72e9f31', 'context': [<snowplow_tracker.self_describing_json.SelfDescribingJson object at 0x000001E1540807A0>]}
[0m16:46:33.318847 [info ] [MainThread]: Found 1 seed, 3 models, 7 data tests, 2 sources, 538 macros
[0m16:46:33.318847 [debug] [MainThread]: Sending event: {'category': 'dbt', 'action': 'runnable_timing', 'label': '7b9e499f-84db-4cd4-8ac0-1c4ba72e9f31', 'context': [<snowplow_tracker.self_describing_json.SelfDescribingJson object at 0x000001E153D25850>]}
[0m16:46:33.334473 [info ] [MainThread]: 
[0m16:46:33.343005 [info ] [MainThread]: Concurrency: 4 threads (target='dev')
[0m16:46:33.345035 [info ] [MainThread]: 
[0m16:46:33.350990 [debug] [MainThread]: Acquiring new bigquery connection 'master'
[0m16:46:33.388154 [debug] [ThreadPool]: Acquiring new bigquery connection 'list_my-dbt-project-486616_dbt_dataset'
[0m16:46:33.388154 [debug] [ThreadPool]: Opening a new connection, currently in state init
[0m16:46:36.502694 [debug] [MainThread]: Sending event: {'category': 'dbt', 'action': 'runnable_timing', 'label': '7b9e499f-84db-4cd4-8ac0-1c4ba72e9f31', 'context': [<snowplow_tracker.self_describing_json.SelfDescribingJson object at 0x000001E153FA6B70>]}
[0m16:46:36.502694 [debug] [MainThread]: Opening a new connection, currently in state init
[0m16:46:36.612487 [debug] [Thread-1 (]: Began running node test.dbt_learn_osas.accepted_values_stg_orders_status__placed__shipped__completed__return_pending__returned.080fb20aad
[0m16:46:36.612487 [debug] [Thread-2 (]: Began running node test.dbt_learn_osas.not_null_stg_customers_customer_id.e2cfb1f9aa
[0m16:46:36.612487 [debug] [Thread-3 (]: Began running node test.dbt_learn_osas.not_null_stg_orders_customer_id.af79d5e4b5
[0m16:46:36.612487 [debug] [Thread-4 (]: Began running node test.dbt_learn_osas.not_null_stg_orders_order_id.81cfe2fe64
[0m16:46:36.612487 [info ] [Thread-1 (]: 1 of 7 START test accepted_values_stg_orders_status__placed__shipped__completed__return_pending__returned  [RUN]
[0m16:46:36.612487 [info ] [Thread-2 (]: 2 of 7 START test not_null_stg_customers_customer_id ........................... [RUN]
[0m16:46:36.628115 [info ] [Thread-3 (]: 3 of 7 START test not_null_stg_orders_customer_id .............................. [RUN]
[0m16:46:36.628115 [debug] [Thread-1 (]: Acquiring new bigquery connection 'test.dbt_learn_osas.accepted_values_stg_orders_status__placed__shipped__completed__return_pending__returned.080fb20aad'
[0m16:46:36.628115 [info ] [Thread-4 (]: 4 of 7 START test not_null_stg_orders_order_id ................................. [RUN]
[0m16:46:36.639111 [debug] [Thread-2 (]: Acquiring new bigquery connection 'test.dbt_learn_osas.not_null_stg_customers_customer_id.e2cfb1f9aa'
[0m16:46:36.641726 [debug] [Thread-3 (]: Acquiring new bigquery connection 'test.dbt_learn_osas.not_null_stg_orders_customer_id.af79d5e4b5'
[0m16:46:36.651539 [debug] [Thread-3 (]: Began compiling node test.dbt_learn_osas.not_null_stg_orders_customer_id.af79d5e4b5
[0m16:46:36.643726 [debug] [Thread-1 (]: Began compiling node test.dbt_learn_osas.accepted_values_stg_orders_status__placed__shipped__completed__return_pending__returned.080fb20aad
[0m16:46:36.647728 [debug] [Thread-2 (]: Began compiling node test.dbt_learn_osas.not_null_stg_customers_customer_id.e2cfb1f9aa
[0m16:46:36.645726 [debug] [Thread-4 (]: Acquiring new bigquery connection 'test.dbt_learn_osas.not_null_stg_orders_order_id.81cfe2fe64'
[0m16:46:36.723250 [debug] [Thread-4 (]: Began compiling node test.dbt_learn_osas.not_null_stg_orders_order_id.81cfe2fe64
[0m16:46:36.784514 [debug] [Thread-3 (]: Writing injected SQL for node "test.dbt_learn_osas.not_null_stg_orders_customer_id.af79d5e4b5"
[0m16:46:36.784514 [debug] [Thread-2 (]: Writing injected SQL for node "test.dbt_learn_osas.not_null_stg_customers_customer_id.e2cfb1f9aa"
[0m16:46:36.800148 [debug] [Thread-1 (]: Writing injected SQL for node "test.dbt_learn_osas.accepted_values_stg_orders_status__placed__shipped__completed__return_pending__returned.080fb20aad"
[0m16:46:36.800148 [debug] [Thread-4 (]: Writing injected SQL for node "test.dbt_learn_osas.not_null_stg_orders_order_id.81cfe2fe64"
[0m16:46:36.800148 [debug] [Thread-3 (]: Began executing node test.dbt_learn_osas.not_null_stg_orders_customer_id.af79d5e4b5
[0m16:46:36.866897 [debug] [Thread-3 (]: Writing runtime sql for node "test.dbt_learn_osas.not_null_stg_orders_customer_id.af79d5e4b5"
[0m16:46:36.878913 [debug] [Thread-4 (]: Began executing node test.dbt_learn_osas.not_null_stg_orders_order_id.81cfe2fe64
[0m16:46:36.878913 [debug] [Thread-2 (]: Began executing node test.dbt_learn_osas.not_null_stg_customers_customer_id.e2cfb1f9aa
[0m16:46:36.878913 [debug] [Thread-1 (]: Began executing node test.dbt_learn_osas.accepted_values_stg_orders_status__placed__shipped__completed__return_pending__returned.080fb20aad
[0m16:46:36.878913 [debug] [Thread-4 (]: Writing runtime sql for node "test.dbt_learn_osas.not_null_stg_orders_order_id.81cfe2fe64"
[0m16:46:36.894558 [debug] [Thread-2 (]: Writing runtime sql for node "test.dbt_learn_osas.not_null_stg_customers_customer_id.e2cfb1f9aa"
[0m16:46:36.894558 [debug] [Thread-3 (]: On test.dbt_learn_osas.not_null_stg_orders_customer_id.af79d5e4b5: /* {"app": "dbt", "dbt_version": "1.11.2", "profile_name": "dbt_learn_osas", "target_name": "dev", "node_id": "test.dbt_learn_osas.not_null_stg_orders_customer_id.af79d5e4b5"} */

    select
      count(*) as failures,
      count(*) != 0 as should_warn,
      count(*) != 0 as should_error
    from (
      
    
  
    
    



select customer_id
from `my-dbt-project-486616`.`dbt_dataset`.`stg_orders`
where customer_id is null



  
  
      
    ) dbt_internal_test
[0m16:46:36.910190 [debug] [Thread-1 (]: Writing runtime sql for node "test.dbt_learn_osas.accepted_values_stg_orders_status__placed__shipped__completed__return_pending__returned.080fb20aad"
[0m16:46:36.910190 [debug] [Thread-4 (]: On test.dbt_learn_osas.not_null_stg_orders_order_id.81cfe2fe64: /* {"app": "dbt", "dbt_version": "1.11.2", "profile_name": "dbt_learn_osas", "target_name": "dev", "node_id": "test.dbt_learn_osas.not_null_stg_orders_order_id.81cfe2fe64"} */

    select
      count(*) as failures,
      count(*) != 0 as should_warn,
      count(*) != 0 as should_error
    from (
      
    
  
    
    



select order_id
from `my-dbt-project-486616`.`dbt_dataset`.`stg_orders`
where order_id is null



  
  
      
    ) dbt_internal_test
[0m16:46:36.910190 [debug] [Thread-3 (]: Opening a new connection, currently in state init
[0m16:46:36.910190 [debug] [Thread-2 (]: On test.dbt_learn_osas.not_null_stg_customers_customer_id.e2cfb1f9aa: /* {"app": "dbt", "dbt_version": "1.11.2", "profile_name": "dbt_learn_osas", "target_name": "dev", "node_id": "test.dbt_learn_osas.not_null_stg_customers_customer_id.e2cfb1f9aa"} */

    select
      count(*) as failures,
      count(*) != 0 as should_warn,
      count(*) != 0 as should_error
    from (
      
    
  
    
    



select customer_id
from `my-dbt-project-486616`.`dbt_dataset`.`stg_customers`
where customer_id is null



  
  
      
    ) dbt_internal_test
[0m16:46:36.910190 [debug] [Thread-4 (]: Opening a new connection, currently in state init
[0m16:46:36.910190 [debug] [Thread-1 (]: On test.dbt_learn_osas.accepted_values_stg_orders_status__placed__shipped__completed__return_pending__returned.080fb20aad: /* {"app": "dbt", "dbt_version": "1.11.2", "profile_name": "dbt_learn_osas", "target_name": "dev", "node_id": "test.dbt_learn_osas.accepted_values_stg_orders_status__placed__shipped__completed__return_pending__returned.080fb20aad"} */

    select
      count(*) as failures,
      count(*) != 0 as should_warn,
      count(*) != 0 as should_error
    from (
      
    
  
    
    

with all_values as (

    select
        status as value_field,
        count(*) as n_records

    from `my-dbt-project-486616`.`dbt_dataset`.`stg_orders`
    group by status

)

select *
from all_values
where value_field not in (
    'placed','shipped','completed','return_pending','returned'
)



  
  
      
    ) dbt_internal_test
[0m16:46:36.973111 [debug] [Thread-2 (]: Opening a new connection, currently in state init
[0m16:46:36.988734 [debug] [Thread-1 (]: Opening a new connection, currently in state init
[0m16:46:40.940296 [debug] [Thread-4 (]: BigQuery adapter: https://console.cloud.google.com/bigquery?project=my-dbt-project-486616&j=bq:EU:c1a13b8c-d510-4aa6-b23e-5738e1ac076a&page=queryresults
[0m16:46:41.237357 [debug] [Thread-4 (]: SQL status: OK in 0.290 seconds
[0m16:46:41.315926 [debug] [Thread-1 (]: BigQuery adapter: https://console.cloud.google.com/bigquery?project=my-dbt-project-486616&j=bq:EU:b7eb4cbe-b1c9-4477-a1da-48c76123a155&page=queryresults
[0m16:46:41.629490 [debug] [Thread-1 (]: SQL status: OK in 0.305 seconds
[0m16:46:42.225867 [info ] [Thread-4 (]: 4 of 7 PASS not_null_stg_orders_order_id ....................................... [[32mPASS[0m in 5.58s]
[0m16:46:42.241490 [debug] [Thread-4 (]: Finished running node test.dbt_learn_osas.not_null_stg_orders_order_id.81cfe2fe64
[0m16:46:42.241490 [debug] [Thread-4 (]: Began running node test.dbt_learn_osas.relationships_stg_orders_customer_id__customer_id__ref_stg_customers_.430bf21500
[0m16:46:42.225867 [info ] [Thread-1 (]: 1 of 7 PASS accepted_values_stg_orders_status__placed__shipped__completed__return_pending__returned  [[32mPASS[0m in 5.60s]
[0m16:46:42.275516 [debug] [Thread-1 (]: Finished running node test.dbt_learn_osas.accepted_values_stg_orders_status__placed__shipped__completed__return_pending__returned.080fb20aad
[0m16:46:42.286297 [debug] [Thread-1 (]: Began running node test.dbt_learn_osas.unique_stg_customers_customer_id.c7614daada
[0m16:46:42.241490 [info ] [Thread-4 (]: 5 of 7 START test relationships_stg_orders_customer_id__customer_id__ref_stg_customers_  [RUN]
[0m16:46:42.297452 [debug] [Thread-4 (]: Re-using an available connection from the pool (formerly test.dbt_learn_osas.not_null_stg_orders_order_id.81cfe2fe64, now test.dbt_learn_osas.relationships_stg_orders_customer_id__customer_id__ref_stg_customers_.430bf21500)
[0m16:46:42.297452 [debug] [Thread-4 (]: Began compiling node test.dbt_learn_osas.relationships_stg_orders_customer_id__customer_id__ref_stg_customers_.430bf21500
[0m16:46:42.338109 [debug] [Thread-4 (]: Writing injected SQL for node "test.dbt_learn_osas.relationships_stg_orders_customer_id__customer_id__ref_stg_customers_.430bf21500"
[0m16:46:42.357184 [debug] [Thread-4 (]: Began executing node test.dbt_learn_osas.relationships_stg_orders_customer_id__customer_id__ref_stg_customers_.430bf21500
[0m16:46:42.368178 [debug] [Thread-4 (]: Writing runtime sql for node "test.dbt_learn_osas.relationships_stg_orders_customer_id__customer_id__ref_stg_customers_.430bf21500"
[0m16:46:42.372561 [debug] [Thread-4 (]: On test.dbt_learn_osas.relationships_stg_orders_customer_id__customer_id__ref_stg_customers_.430bf21500: /* {"app": "dbt", "dbt_version": "1.11.2", "profile_name": "dbt_learn_osas", "target_name": "dev", "node_id": "test.dbt_learn_osas.relationships_stg_orders_customer_id__customer_id__ref_stg_customers_.430bf21500"} */

    select
      count(*) as failures,
      count(*) != 0 as should_warn,
      count(*) != 0 as should_error
    from (
      
    
  
    
    

with child as (
    select customer_id as from_field
    from `my-dbt-project-486616`.`dbt_dataset`.`stg_orders`
    where customer_id is not null
),

parent as (
    select customer_id as to_field
    from `my-dbt-project-486616`.`dbt_dataset`.`stg_customers`
)

select
    from_field

from child
left join parent
    on child.from_field = parent.to_field

where parent.to_field is null



  
  
      
    ) dbt_internal_test
[0m16:46:42.286995 [info ] [Thread-1 (]: 6 of 7 START test unique_stg_customers_customer_id ............................. [RUN]
[0m16:46:42.372561 [debug] [Thread-4 (]: Opening a new connection, currently in state closed
[0m16:46:42.372561 [debug] [Thread-1 (]: Re-using an available connection from the pool (formerly test.dbt_learn_osas.accepted_values_stg_orders_status__placed__shipped__completed__return_pending__returned.080fb20aad, now test.dbt_learn_osas.unique_stg_customers_customer_id.c7614daada)
[0m16:46:42.372561 [debug] [Thread-1 (]: Began compiling node test.dbt_learn_osas.unique_stg_customers_customer_id.c7614daada
[0m16:46:42.411959 [debug] [Thread-1 (]: Writing injected SQL for node "test.dbt_learn_osas.unique_stg_customers_customer_id.c7614daada"
[0m16:46:42.532276 [debug] [Thread-1 (]: Began executing node test.dbt_learn_osas.unique_stg_customers_customer_id.c7614daada
[0m16:46:42.548816 [debug] [Thread-1 (]: Writing runtime sql for node "test.dbt_learn_osas.unique_stg_customers_customer_id.c7614daada"
[0m16:46:42.554087 [debug] [Thread-1 (]: On test.dbt_learn_osas.unique_stg_customers_customer_id.c7614daada: /* {"app": "dbt", "dbt_version": "1.11.2", "profile_name": "dbt_learn_osas", "target_name": "dev", "node_id": "test.dbt_learn_osas.unique_stg_customers_customer_id.c7614daada"} */

    select
      count(*) as failures,
      count(*) != 0 as should_warn,
      count(*) != 0 as should_error
    from (
      
    
  
    
    

with dbt_test__target as (

  select customer_id as unique_field
  from `my-dbt-project-486616`.`dbt_dataset`.`stg_customers`
  where customer_id is not null

)

select
    unique_field,
    count(*) as n_records

from dbt_test__target
group by unique_field
having count(*) > 1



  
  
      
    ) dbt_internal_test
[0m16:46:42.556088 [debug] [Thread-1 (]: Opening a new connection, currently in state closed
[0m16:46:44.765826 [debug] [Thread-2 (]: BigQuery adapter: https://console.cloud.google.com/bigquery?project=my-dbt-project-486616&j=bq:EU:28f0f636-3fbc-40c7-9212-7985bb99e9ed&page=queryresults
[0m16:46:44.863618 [debug] [Thread-3 (]: BigQuery adapter: https://console.cloud.google.com/bigquery?project=my-dbt-project-486616&j=bq:EU:02f2bfbf-43ce-4ec6-866b-90e2a82bb834&page=queryresults
[0m16:46:45.047961 [debug] [Thread-2 (]: SQL status: OK in 0.277 seconds
[0m16:46:45.142331 [debug] [Thread-3 (]: SQL status: OK in 0.279 seconds
[0m16:46:45.613960 [info ] [Thread-2 (]: 2 of 7 PASS not_null_stg_customers_customer_id ................................. [[32mPASS[0m in 8.98s]
[0m16:46:45.613960 [debug] [Thread-2 (]: Finished running node test.dbt_learn_osas.not_null_stg_customers_customer_id.e2cfb1f9aa
[0m16:46:45.613960 [debug] [Thread-2 (]: Began running node test.dbt_learn_osas.unique_stg_orders_order_id.e3b841c71a
[0m16:46:45.613960 [info ] [Thread-2 (]: 7 of 7 START test unique_stg_orders_order_id ................................... [RUN]
[0m16:46:45.613960 [debug] [Thread-2 (]: Re-using an available connection from the pool (formerly test.dbt_learn_osas.not_null_stg_customers_customer_id.e2cfb1f9aa, now test.dbt_learn_osas.unique_stg_orders_order_id.e3b841c71a)
[0m16:46:45.628314 [debug] [Thread-2 (]: Began compiling node test.dbt_learn_osas.unique_stg_orders_order_id.e3b841c71a
[0m16:46:45.642761 [debug] [Thread-2 (]: Writing injected SQL for node "test.dbt_learn_osas.unique_stg_orders_order_id.e3b841c71a"
[0m16:46:45.653527 [debug] [Thread-2 (]: Began executing node test.dbt_learn_osas.unique_stg_orders_order_id.e3b841c71a
[0m16:46:45.670607 [debug] [Thread-2 (]: Writing runtime sql for node "test.dbt_learn_osas.unique_stg_orders_order_id.e3b841c71a"
[0m16:46:45.670607 [debug] [Thread-2 (]: On test.dbt_learn_osas.unique_stg_orders_order_id.e3b841c71a: /* {"app": "dbt", "dbt_version": "1.11.2", "profile_name": "dbt_learn_osas", "target_name": "dev", "node_id": "test.dbt_learn_osas.unique_stg_orders_order_id.e3b841c71a"} */

    select
      count(*) as failures,
      count(*) != 0 as should_warn,
      count(*) != 0 as should_error
    from (
      
    
  
    
    

with dbt_test__target as (

  select order_id as unique_field
  from `my-dbt-project-486616`.`dbt_dataset`.`stg_orders`
  where order_id is not null

)

select
    unique_field,
    count(*) as n_records

from dbt_test__target
group by unique_field
having count(*) > 1



  
  
      
    ) dbt_internal_test
[0m16:46:45.670607 [debug] [Thread-2 (]: Opening a new connection, currently in state closed
[0m16:46:45.807338 [info ] [Thread-3 (]: 3 of 7 PASS not_null_stg_orders_customer_id .................................... [[32mPASS[0m in 9.17s]
[0m16:46:45.816338 [debug] [Thread-3 (]: Finished running node test.dbt_learn_osas.not_null_stg_orders_customer_id.af79d5e4b5
[0m16:46:46.565644 [debug] [Thread-4 (]: BigQuery adapter: https://console.cloud.google.com/bigquery?project=my-dbt-project-486616&j=bq:EU:9aea76be-3b37-481a-ac31-d688e08928ce&page=queryresults
[0m16:46:46.665976 [debug] [Thread-1 (]: BigQuery adapter: https://console.cloud.google.com/bigquery?project=my-dbt-project-486616&j=bq:EU:7b251309-a7e1-4e77-8c34-282dcbee638b&page=queryresults
[0m16:46:46.850692 [debug] [Thread-4 (]: SQL status: OK in 0.285 seconds
[0m16:46:46.928740 [debug] [Thread-1 (]: SQL status: OK in 0.269 seconds
[0m16:46:47.415182 [info ] [Thread-4 (]: 5 of 7 PASS relationships_stg_orders_customer_id__customer_id__ref_stg_customers_  [[32mPASS[0m in 5.12s]
[0m16:46:47.415182 [debug] [Thread-4 (]: Finished running node test.dbt_learn_osas.relationships_stg_orders_customer_id__customer_id__ref_stg_customers_.430bf21500
[0m16:46:47.667041 [info ] [Thread-1 (]: 6 of 7 PASS unique_stg_customers_customer_id ................................... [[32mPASS[0m in 5.29s]
[0m16:46:47.670002 [debug] [Thread-1 (]: Finished running node test.dbt_learn_osas.unique_stg_customers_customer_id.c7614daada
[0m16:46:49.583177 [debug] [Thread-2 (]: BigQuery adapter: https://console.cloud.google.com/bigquery?project=my-dbt-project-486616&j=bq:EU:8a7ec263-5ff8-4b38-8e53-3c3593c772ae&page=queryresults
[0m16:46:49.853422 [debug] [Thread-2 (]: SQL status: OK in 0.275 seconds
[0m16:46:50.418803 [info ] [Thread-2 (]: 7 of 7 PASS unique_stg_orders_order_id ......................................... [[32mPASS[0m in 4.80s]
[0m16:46:50.418803 [debug] [Thread-2 (]: Finished running node test.dbt_learn_osas.unique_stg_orders_order_id.e3b841c71a
[0m16:46:50.418803 [debug] [MainThread]: Opening a new connection, currently in state closed
[0m16:46:50.512981 [debug] [MainThread]: Connection 'master' was properly closed.
[0m16:46:50.512981 [debug] [MainThread]: Connection 'list_my-dbt-project-486616_dbt_dataset' was properly closed.
[0m16:46:50.512981 [debug] [MainThread]: Connection 'test.dbt_learn_osas.unique_stg_customers_customer_id.c7614daada' was properly closed.
[0m16:46:50.512981 [debug] [MainThread]: Connection 'test.dbt_learn_osas.unique_stg_orders_order_id.e3b841c71a' was properly closed.
[0m16:46:50.512981 [debug] [MainThread]: Connection 'test.dbt_learn_osas.not_null_stg_orders_customer_id.af79d5e4b5' was properly closed.
[0m16:46:50.512981 [debug] [MainThread]: Connection 'test.dbt_learn_osas.relationships_stg_orders_customer_id__customer_id__ref_stg_customers_.430bf21500' was properly closed.
[0m16:46:50.512981 [info ] [MainThread]: 
[0m16:46:50.512981 [info ] [MainThread]: Finished running 7 data tests in 0 hours 0 minutes and 17.16 seconds (17.16s).
[0m16:46:50.529696 [debug] [MainThread]: Command end result
[0m16:46:50.606264 [debug] [MainThread]: Wrote artifact WritableManifest to C:\Users\HP\data_engineering_mastery\dbt_process\dbt_learn_osas\target\manifest.json
[0m16:46:50.623840 [debug] [MainThread]: Wrote artifact SemanticManifest to C:\Users\HP\data_engineering_mastery\dbt_process\dbt_learn_osas\target\semantic_manifest.json
[0m16:46:50.640325 [debug] [MainThread]: Wrote artifact RunExecutionResult to C:\Users\HP\data_engineering_mastery\dbt_process\dbt_learn_osas\target\run_results.json
[0m16:46:50.642324 [info ] [MainThread]: 
[0m16:46:50.644330 [info ] [MainThread]: [32mCompleted successfully[0m
[0m16:46:50.645328 [info ] [MainThread]: 
[0m16:46:50.647328 [info ] [MainThread]: Done. PASS=7 WARN=0 ERROR=0 SKIP=0 NO-OP=0 TOTAL=7
[0m16:46:50.650770 [debug] [MainThread]: Command `dbt test` succeeded at 16:46:50.650770 after 66.93 seconds
[0m16:46:50.654710 [debug] [MainThread]: Sending event: {'category': 'dbt', 'action': 'invocation', 'label': 'end', 'context': [<snowplow_tracker.self_describing_json.SelfDescribingJson object at 0x000001E13C0A9AF0>, <snowplow_tracker.self_describing_json.SelfDescribingJson object at 0x000001E13BA480E0>, <snowplow_tracker.self_describing_json.SelfDescribingJson object at 0x000001E13BA25940>]}
[0m16:46:50.658018 [debug] [MainThread]: Flushing usage events
[0m16:46:53.248369 [debug] [MainThread]: An error was encountered while trying to flush usage events
[0m20:03:10.693827 [debug] [MainThread]: Sending event: {'category': 'dbt', 'action': 'invocation', 'label': 'start', 'context': [<snowplow_tracker.self_describing_json.SelfDescribingJson object at 0x000001F75DA9F4D0>, <snowplow_tracker.self_describing_json.SelfDescribingJson object at 0x000001F7610BF9B0>, <snowplow_tracker.self_describing_json.SelfDescribingJson object at 0x000001F7610BFD70>]}


============================== 20:03:10.707398 | 5334dbb3-ee2a-448c-a006-71138e05c911 ==============================
[0m20:03:10.707398 [info ] [MainThread]: Running with dbt=1.11.2
[0m20:03:10.710517 [debug] [MainThread]: running dbt with arguments {'version_check': 'True', 'no_print': 'None', 'static_parser': 'True', 'target_path': 'None', 'warn_error_options': 'WarnErrorOptionsV2(error=[], warn=[], silence=[])', 'printer_width': '80', 'write_json': 'True', 'introspect': 'True', 'log_cache_events': 'False', 'empty': 'None', 'cache_selected_only': 'False', 'log_format': 'default', 'debug': 'False', 'fail_fast': 'False', 'partial_parse': 'True', 'send_anonymous_usage_stats': 'True', 'quiet': 'False', 'warn_error': 'None', 'profiles_dir': 'C:\\Users\\HP\\.dbt', 'use_colors': 'True', 'invocation_command': 'dbt docs generate', 'indirect_selection': 'eager', 'use_experimental_parser': 'False', 'log_path': 'C:\\Users\\HP\\data_engineering_mastery\\dbt_process\\dbt_learn_osas\\logs'}
[0m20:03:53.739623 [debug] [MainThread]: Sending event: {'category': 'dbt', 'action': 'project_id', 'label': '5334dbb3-ee2a-448c-a006-71138e05c911', 'context': [<snowplow_tracker.self_describing_json.SelfDescribingJson object at 0x000001F7788F3260>]}
[0m20:03:54.073724 [debug] [MainThread]: Sending event: {'category': 'dbt', 'action': 'adapter_info', 'label': '5334dbb3-ee2a-448c-a006-71138e05c911', 'context': [<snowplow_tracker.self_describing_json.SelfDescribingJson object at 0x000001F760CDFD40>]}
[0m20:03:54.086464 [info ] [MainThread]: Registered adapter: bigquery=1.11.0
[0m20:03:56.598248 [debug] [MainThread]: checksum: 3d40d8bbe1bef07db1c24822f2dbfff8bc07f2a48ed4fe2658a40653aec0b54b, vars: {}, profile: , target: , version: 1.11.2
[0m20:03:57.114666 [debug] [MainThread]: Partial parsing enabled: 0 files deleted, 0 files added, 1 files changed.
[0m20:03:57.128600 [debug] [MainThread]: Partial parsing: updated file: dbt_learn_osas://models\schema.yml
[0m20:03:57.709221 [warn ] [MainThread]: [[33mWARNING[0m]: Did not find matching node for patch with name 'customers' in the 'models' section of file 'models\schema.yml'
[0m20:03:58.110676 [warn ] [MainThread]: [[33mWARNING[0m]: Test 'test.dbt_learn_osas.unique_customers_customer_id.c5af1ff4b1' (models\schema.yml) depends on a node named 'customers' in package '' which was not found
[0m20:03:58.125798 [warn ] [MainThread]: [[33mWARNING[0m]: Test 'test.dbt_learn_osas.not_null_customers_customer_id.5c9bf9911d' (models\schema.yml) depends on a node named 'customers' in package '' which was not found
[0m20:03:58.402062 [debug] [MainThread]: Sending event: {'category': 'dbt', 'action': 'load_project', 'label': '5334dbb3-ee2a-448c-a006-71138e05c911', 'context': [<snowplow_tracker.self_describing_json.SelfDescribingJson object at 0x000001F7791D3AA0>]}
[0m20:03:58.502339 [debug] [MainThread]: Sending event: {'category': 'dbt', 'action': 'resource_counts', 'label': '5334dbb3-ee2a-448c-a006-71138e05c911', 'context': [<snowplow_tracker.self_describing_json.SelfDescribingJson object at 0x000001F7791A40B0>]}
[0m20:03:58.504340 [info ] [MainThread]: Found 1 seed, 3 models, 7 data tests, 2 sources, 538 macros
[0m20:03:58.506553 [debug] [MainThread]: Sending event: {'category': 'dbt', 'action': 'runnable_timing', 'label': '5334dbb3-ee2a-448c-a006-71138e05c911', 'context': [<snowplow_tracker.self_describing_json.SelfDescribingJson object at 0x000001F778CE51C0>]}
[0m20:03:58.507658 [info ] [MainThread]: 
[0m20:03:58.514675 [info ] [MainThread]: Concurrency: 4 threads (target='dev')
[0m20:03:58.518088 [info ] [MainThread]: 
[0m20:03:58.523139 [debug] [MainThread]: Acquiring new bigquery connection 'master'
[0m20:03:58.546197 [debug] [ThreadPool]: Acquiring new bigquery connection 'list_my-dbt-project-486616_dbt_dataset'
[0m20:03:58.548288 [debug] [ThreadPool]: Opening a new connection, currently in state init
[0m20:04:02.670655 [debug] [MainThread]: Sending event: {'category': 'dbt', 'action': 'runnable_timing', 'label': '5334dbb3-ee2a-448c-a006-71138e05c911', 'context': [<snowplow_tracker.self_describing_json.SelfDescribingJson object at 0x000001F778F15550>]}
[0m20:04:02.671593 [debug] [MainThread]: Opening a new connection, currently in state init
[0m20:04:02.748854 [debug] [Thread-1 (]: Began running node model.dbt_learn_osas.stg_customers
[0m20:04:02.750221 [debug] [Thread-2 (]: Began running node model.dbt_learn_osas.stg_orders
[0m20:04:02.751522 [debug] [Thread-3 (]: Began running node seed.dbt_learn_osas.country_codes
[0m20:04:02.754737 [debug] [Thread-1 (]: Acquiring new bigquery connection 'model.dbt_learn_osas.stg_customers'
[0m20:04:02.756739 [debug] [Thread-2 (]: Acquiring new bigquery connection 'model.dbt_learn_osas.stg_orders'
[0m20:04:02.758821 [debug] [Thread-3 (]: Acquiring new bigquery connection 'seed.dbt_learn_osas.country_codes'
[0m20:04:02.760303 [debug] [Thread-1 (]: Began compiling node model.dbt_learn_osas.stg_customers
[0m20:04:02.762309 [debug] [Thread-2 (]: Began compiling node model.dbt_learn_osas.stg_orders
[0m20:04:02.763457 [debug] [Thread-3 (]: Began compiling node seed.dbt_learn_osas.country_codes
[0m20:04:02.780118 [debug] [Thread-1 (]: Writing injected SQL for node "model.dbt_learn_osas.stg_customers"
[0m20:04:02.791946 [debug] [Thread-2 (]: Writing injected SQL for node "model.dbt_learn_osas.stg_orders"
[0m20:04:02.793632 [debug] [Thread-3 (]: Began executing node seed.dbt_learn_osas.country_codes
[0m20:04:02.801192 [debug] [Thread-3 (]: Opening a new connection, currently in state init
[0m20:04:02.804197 [debug] [Thread-1 (]: Began executing node model.dbt_learn_osas.stg_customers
[0m20:04:02.806199 [debug] [Thread-2 (]: Began executing node model.dbt_learn_osas.stg_orders
[0m20:04:02.900041 [debug] [Thread-3 (]: Finished running node seed.dbt_learn_osas.country_codes
[0m20:04:02.901919 [debug] [Thread-1 (]: Opening a new connection, currently in state init
[0m20:04:02.902923 [debug] [Thread-2 (]: Opening a new connection, currently in state init
[0m20:04:02.999542 [debug] [Thread-1 (]: Finished running node model.dbt_learn_osas.stg_customers
[0m20:04:03.066836 [debug] [Thread-2 (]: Finished running node model.dbt_learn_osas.stg_orders
[0m20:04:03.067861 [debug] [Thread-4 (]: Began running node test.dbt_learn_osas.not_null_stg_customers_customer_id.e2cfb1f9aa
[0m20:04:03.068485 [debug] [Thread-3 (]: Began running node test.dbt_learn_osas.unique_stg_customers_customer_id.c7614daada
[0m20:04:03.069488 [debug] [Thread-1 (]: Began running node model.dbt_learn_osas.customer_orders
[0m20:04:03.070487 [debug] [Thread-2 (]: Began running node test.dbt_learn_osas.accepted_values_stg_orders_status__placed__shipped__completed__return_pending__returned.080fb20aad
[0m20:04:03.072065 [debug] [Thread-4 (]: Acquiring new bigquery connection 'test.dbt_learn_osas.not_null_stg_customers_customer_id.e2cfb1f9aa'
[0m20:04:03.073667 [debug] [Thread-3 (]: Re-using an available connection from the pool (formerly seed.dbt_learn_osas.country_codes, now test.dbt_learn_osas.unique_stg_customers_customer_id.c7614daada)
[0m20:04:03.074668 [debug] [Thread-1 (]: Re-using an available connection from the pool (formerly model.dbt_learn_osas.stg_customers, now model.dbt_learn_osas.customer_orders)
[0m20:04:03.075675 [debug] [Thread-2 (]: Re-using an available connection from the pool (formerly model.dbt_learn_osas.stg_orders, now test.dbt_learn_osas.accepted_values_stg_orders_status__placed__shipped__completed__return_pending__returned.080fb20aad)
[0m20:04:03.077668 [debug] [Thread-4 (]: Began compiling node test.dbt_learn_osas.not_null_stg_customers_customer_id.e2cfb1f9aa
[0m20:04:03.078762 [debug] [Thread-3 (]: Began compiling node test.dbt_learn_osas.unique_stg_customers_customer_id.c7614daada
[0m20:04:03.080286 [debug] [Thread-1 (]: Began compiling node model.dbt_learn_osas.customer_orders
[0m20:04:03.081288 [debug] [Thread-2 (]: Began compiling node test.dbt_learn_osas.accepted_values_stg_orders_status__placed__shipped__completed__return_pending__returned.080fb20aad
[0m20:04:03.098260 [debug] [Thread-4 (]: Writing injected SQL for node "test.dbt_learn_osas.not_null_stg_customers_customer_id.e2cfb1f9aa"
[0m20:04:03.108933 [debug] [Thread-3 (]: Writing injected SQL for node "test.dbt_learn_osas.unique_stg_customers_customer_id.c7614daada"
[0m20:04:03.117400 [debug] [Thread-1 (]: Writing injected SQL for node "model.dbt_learn_osas.customer_orders"
[0m20:04:03.123276 [debug] [Thread-2 (]: Writing injected SQL for node "test.dbt_learn_osas.accepted_values_stg_orders_status__placed__shipped__completed__return_pending__returned.080fb20aad"
[0m20:04:03.132118 [debug] [Thread-1 (]: Began executing node model.dbt_learn_osas.customer_orders
[0m20:04:03.134118 [debug] [Thread-1 (]: Opening a new connection, currently in state closed
[0m20:04:03.136860 [debug] [Thread-4 (]: Began executing node test.dbt_learn_osas.not_null_stg_customers_customer_id.e2cfb1f9aa
[0m20:04:03.139390 [debug] [Thread-3 (]: Began executing node test.dbt_learn_osas.unique_stg_customers_customer_id.c7614daada
[0m20:04:03.140886 [debug] [Thread-2 (]: Began executing node test.dbt_learn_osas.accepted_values_stg_orders_status__placed__shipped__completed__return_pending__returned.080fb20aad
[0m20:04:03.202512 [debug] [Thread-4 (]: Opening a new connection, currently in state init
[0m20:04:03.204271 [debug] [Thread-1 (]: Finished running node model.dbt_learn_osas.customer_orders
[0m20:04:03.206795 [debug] [Thread-3 (]: Opening a new connection, currently in state closed
[0m20:04:03.208222 [debug] [Thread-2 (]: Opening a new connection, currently in state closed
[0m20:04:03.272244 [debug] [Thread-1 (]: Began running node test.dbt_learn_osas.not_null_stg_orders_customer_id.af79d5e4b5
[0m20:04:03.274405 [debug] [Thread-4 (]: Finished running node test.dbt_learn_osas.not_null_stg_customers_customer_id.e2cfb1f9aa
[0m20:04:03.335463 [debug] [Thread-3 (]: Finished running node test.dbt_learn_osas.unique_stg_customers_customer_id.c7614daada
[0m20:04:03.396469 [debug] [Thread-1 (]: Re-using an available connection from the pool (formerly model.dbt_learn_osas.customer_orders, now test.dbt_learn_osas.not_null_stg_orders_customer_id.af79d5e4b5)
[0m20:04:03.408443 [debug] [Thread-2 (]: Finished running node test.dbt_learn_osas.accepted_values_stg_orders_status__placed__shipped__completed__return_pending__returned.080fb20aad
[0m20:04:03.410209 [debug] [Thread-4 (]: Began running node test.dbt_learn_osas.not_null_stg_orders_order_id.81cfe2fe64
[0m20:04:03.412215 [debug] [Thread-3 (]: Began running node test.dbt_learn_osas.relationships_stg_orders_customer_id__customer_id__ref_stg_customers_.430bf21500
[0m20:04:03.414824 [debug] [Thread-1 (]: Began compiling node test.dbt_learn_osas.not_null_stg_orders_customer_id.af79d5e4b5
[0m20:04:03.415825 [debug] [Thread-2 (]: Began running node test.dbt_learn_osas.unique_stg_orders_order_id.e3b841c71a
[0m20:04:03.417056 [debug] [Thread-4 (]: Re-using an available connection from the pool (formerly test.dbt_learn_osas.not_null_stg_customers_customer_id.e2cfb1f9aa, now test.dbt_learn_osas.not_null_stg_orders_order_id.81cfe2fe64)
[0m20:04:03.418533 [debug] [Thread-3 (]: Re-using an available connection from the pool (formerly test.dbt_learn_osas.unique_stg_customers_customer_id.c7614daada, now test.dbt_learn_osas.relationships_stg_orders_customer_id__customer_id__ref_stg_customers_.430bf21500)
[0m20:04:03.419538 [debug] [Thread-1 (]: Writing injected SQL for node "test.dbt_learn_osas.not_null_stg_orders_customer_id.af79d5e4b5"
[0m20:04:03.427658 [debug] [Thread-2 (]: Re-using an available connection from the pool (formerly test.dbt_learn_osas.accepted_values_stg_orders_status__placed__shipped__completed__return_pending__returned.080fb20aad, now test.dbt_learn_osas.unique_stg_orders_order_id.e3b841c71a)
[0m20:04:03.429656 [debug] [Thread-4 (]: Began compiling node test.dbt_learn_osas.not_null_stg_orders_order_id.81cfe2fe64
[0m20:04:03.430537 [debug] [Thread-3 (]: Began compiling node test.dbt_learn_osas.relationships_stg_orders_customer_id__customer_id__ref_stg_customers_.430bf21500
[0m20:04:03.432543 [debug] [Thread-2 (]: Began compiling node test.dbt_learn_osas.unique_stg_orders_order_id.e3b841c71a
[0m20:04:03.436228 [debug] [Thread-4 (]: Writing injected SQL for node "test.dbt_learn_osas.not_null_stg_orders_order_id.81cfe2fe64"
[0m20:04:03.436228 [debug] [Thread-1 (]: Began executing node test.dbt_learn_osas.not_null_stg_orders_customer_id.af79d5e4b5
[0m20:04:03.442536 [debug] [Thread-3 (]: Writing injected SQL for node "test.dbt_learn_osas.relationships_stg_orders_customer_id__customer_id__ref_stg_customers_.430bf21500"
[0m20:04:03.454746 [debug] [Thread-2 (]: Writing injected SQL for node "test.dbt_learn_osas.unique_stg_orders_order_id.e3b841c71a"
[0m20:04:03.463511 [debug] [Thread-1 (]: Opening a new connection, currently in state closed
[0m20:04:03.465505 [debug] [Thread-4 (]: Began executing node test.dbt_learn_osas.not_null_stg_orders_order_id.81cfe2fe64
[0m20:04:03.468335 [debug] [Thread-3 (]: Began executing node test.dbt_learn_osas.relationships_stg_orders_customer_id__customer_id__ref_stg_customers_.430bf21500
[0m20:04:03.534014 [debug] [Thread-1 (]: Finished running node test.dbt_learn_osas.not_null_stg_orders_customer_id.af79d5e4b5
[0m20:04:03.536801 [debug] [Thread-4 (]: Opening a new connection, currently in state closed
[0m20:04:03.537988 [debug] [Thread-2 (]: Began executing node test.dbt_learn_osas.unique_stg_orders_order_id.e3b841c71a
[0m20:04:03.539994 [debug] [Thread-3 (]: Opening a new connection, currently in state closed
[0m20:04:03.542472 [debug] [Thread-2 (]: Opening a new connection, currently in state closed
[0m20:04:03.614525 [debug] [Thread-4 (]: Finished running node test.dbt_learn_osas.not_null_stg_orders_order_id.81cfe2fe64
[0m20:04:03.686193 [debug] [Thread-2 (]: Finished running node test.dbt_learn_osas.unique_stg_orders_order_id.e3b841c71a
[0m20:04:03.754248 [debug] [Thread-3 (]: Finished running node test.dbt_learn_osas.relationships_stg_orders_customer_id__customer_id__ref_stg_customers_.430bf21500
[0m20:04:03.758556 [debug] [MainThread]: Connection 'master' was properly closed.
[0m20:04:03.758556 [debug] [MainThread]: Connection 'list_my-dbt-project-486616_dbt_dataset' was properly closed.
[0m20:04:03.758556 [debug] [MainThread]: Connection 'test.dbt_learn_osas.not_null_stg_orders_customer_id.af79d5e4b5' was properly closed.
[0m20:04:03.762092 [debug] [MainThread]: Connection 'test.dbt_learn_osas.unique_stg_orders_order_id.e3b841c71a' was properly closed.
[0m20:04:03.763862 [debug] [MainThread]: Connection 'test.dbt_learn_osas.relationships_stg_orders_customer_id__customer_id__ref_stg_customers_.430bf21500' was properly closed.
[0m20:04:03.765867 [debug] [MainThread]: Connection 'test.dbt_learn_osas.not_null_stg_orders_order_id.81cfe2fe64' was properly closed.
[0m20:04:03.772277 [debug] [MainThread]: Command end result
[0m20:04:04.001076 [debug] [MainThread]: Wrote artifact WritableManifest to C:\Users\HP\data_engineering_mastery\dbt_process\dbt_learn_osas\target\manifest.json
[0m20:04:04.008895 [debug] [MainThread]: Wrote artifact SemanticManifest to C:\Users\HP\data_engineering_mastery\dbt_process\dbt_learn_osas\target\semantic_manifest.json
[0m20:04:04.026147 [debug] [MainThread]: Wrote artifact RunExecutionResult to C:\Users\HP\data_engineering_mastery\dbt_process\dbt_learn_osas\target\run_results.json
[0m20:04:12.803501 [debug] [MainThread]: Acquiring new bigquery connection 'generate_catalog'
[0m20:04:12.805503 [info ] [MainThread]: Building catalog
[0m20:04:12.821253 [debug] [ThreadPool]: Acquiring new bigquery connection 'my-dbt-project-486616.information_schema'
[0m20:04:12.894166 [debug] [ThreadPool]: On my-dbt-project-486616.information_schema: /* {"app": "dbt", "dbt_version": "1.11.2", "profile_name": "dbt_learn_osas", "target_name": "dev", "connection_name": "my-dbt-project-486616.information_schema"} */

    with
                table_shards_stage as (
    select
        tables.project_id as table_catalog,
        tables.dataset_id as table_schema,
        coalesce(REGEXP_EXTRACT(tables.table_id, '^(.+)[0-9]{8}$'), tables.table_id) as table_name,
        tables.table_id as shard_name,
        REGEXP_EXTRACT(tables.table_id, '^.+([0-9]{8})$') as shard_index,
        REGEXP_CONTAINS(tables.table_id, '^.+[0-9]{8}$') and tables.type = 1 as is_date_shard,
        case
            when materialized_views.table_name is not null then 'materialized view'
            when tables.type = 1 then 'table'
            when tables.type = 2 then 'view'
            else 'external'
        end as table_type,
        tables.type = 1 as is_table,
        JSON_VALUE(table_description.option_value) as table_comment,
        tables.size_bytes,
        tables.row_count
    from `my-dbt-project-486616`.`dbt_dataset`.__TABLES__ tables
    left join `my-dbt-project-486616`.`dbt_dataset`.INFORMATION_SCHEMA.MATERIALIZED_VIEWS materialized_views
        on materialized_views.table_catalog = tables.project_id
        and materialized_views.table_schema = tables.dataset_id
        and materialized_views.table_name = tables.table_id
    left join `my-dbt-project-486616`.`dbt_dataset`.INFORMATION_SCHEMA.TABLE_OPTIONS table_description
        on table_description.table_catalog = tables.project_id
        and table_description.table_schema = tables.dataset_id
        and table_description.table_name = tables.table_id
        and table_description.option_name = 'description'
),
                table_shards as (
                    select * from table_shards_stage
                    where ((
                                upper(table_schema) = upper('dbt_dataset')
                            and upper(table_name) = upper('customer_orders')
                            ) or (
                                upper(table_schema) = upper('dbt_dataset')
                            and upper(table_name) = upper('country_codes')
                            ) or (
                                upper(table_schema) = upper('dbt_dataset')
                            and upper(table_name) = upper('customers')
                            ) or (
                                upper(table_schema) = upper('dbt_dataset')
                            and upper(table_name) = upper('stg_customers')
                            ) or (
                                upper(table_schema) = upper('dbt_dataset')
                            and upper(table_name) = upper('stg_orders')
                            ) or (
                                upper(table_schema) = upper('dbt_dataset')
                            and upper(table_name) = upper('orders')
                            ))
                ),
                tables as (
    select distinct
        table_catalog,
        table_schema,
        table_name,
        is_date_shard,
        table_type,
        is_table,
        table_comment
    from table_shards
),
                table_stats as (
    select
        table_catalog,
        table_schema,
        table_name,
        max(shard_name) as latest_shard_name,
        min(shard_index) as shard_min,
        max(shard_index) as shard_max,
        count(shard_index) as shard_count,
        sum(size_bytes) as size_bytes,
        sum(row_count) as row_count
    from table_shards
    group by 1, 2, 3
),

                columns as (
    select
        columns.table_catalog,
        columns.table_schema,
        columns.table_name as shard_name,
        coalesce(paths.field_path, '<unknown>') as column_name,
        -- invent a row number to account for nested fields
        -- BQ does not treat these nested properties as independent fields
        row_number() over (
            partition by
                columns.table_catalog,
                columns.table_schema,
                columns.table_name
            order by
                columns.ordinal_position,
                paths.field_path
        ) as column_index,
        coalesce(paths.data_type, '<unknown>') as column_type,
        paths.description as column_comment,
        case when columns.is_partitioning_column = 'YES' then 1 else 0 end as is_partitioning_column,
        case when columns.is_partitioning_column = 'YES' then paths.field_path end as partition_column,
        case when columns.clustering_ordinal_position is not null then 1 else 0 end as is_clustering_column,
        case when columns.clustering_ordinal_position is not null then paths.field_path end as cluster_column,
        columns.clustering_ordinal_position
    from `my-dbt-project-486616`.`dbt_dataset`.INFORMATION_SCHEMA.COLUMNS columns
    join `my-dbt-project-486616`.`dbt_dataset`.INFORMATION_SCHEMA.COLUMN_FIELD_PATHS paths
        on paths.table_catalog = columns.table_catalog
        and paths.table_schema = columns.table_schema
        and paths.table_name = columns.table_name
        and paths.column_name = columns.column_name
    where columns.ordinal_position is not null
),
                column_stats as (
    select
        table_catalog,
        table_schema,
        shard_name,
        max(is_partitioning_column) = 1 as is_partitioned,
        max(partition_column) as partition_column,
        max(is_clustering_column) = 1 as is_clustered,
        array_to_string(
            array_agg(
                cluster_column ignore nulls
                order by clustering_ordinal_position
            ), ', '
        ) as clustering_columns
    from columns
    group by 1, 2, 3
)

            
    select
        tables.table_catalog as table_database,
        tables.table_schema,
        case
            when tables.is_date_shard then concat(tables.table_name, '*')
            else tables.table_name
        end as table_name,
        tables.table_type,
        tables.table_comment,
        -- coalesce column metadata fields to ensure they are non-null for catalog generation
        -- external table columns are not present in COLUMN_FIELD_PATHS
        coalesce(columns.column_name, '<unknown>') as column_name,
        coalesce(columns.column_index, 1) as column_index,
        coalesce(columns.column_type, '<unknown>') as column_type,
        coalesce(columns.column_comment, '') as column_comment,

        'Shard count' as `stats__date_shards__label`,
        table_stats.shard_count as `stats__date_shards__value`,
        'The number of date shards in this table' as `stats__date_shards__description`,
        tables.is_date_shard as `stats__date_shards__include`,

        'Shard (min)' as `stats__date_shard_min__label`,
        table_stats.shard_min as `stats__date_shard_min__value`,
        'The first date shard in this table' as `stats__date_shard_min__description`,
        tables.is_date_shard as `stats__date_shard_min__include`,

        'Shard (max)' as `stats__date_shard_max__label`,
        table_stats.shard_max as `stats__date_shard_max__value`,
        'The last date shard in this table' as `stats__date_shard_max__description`,
        tables.is_date_shard as `stats__date_shard_max__include`,

        '# Rows' as `stats__num_rows__label`,
        table_stats.row_count as `stats__num_rows__value`,
        'Approximate count of rows in this table' as `stats__num_rows__description`,
        tables.is_table as `stats__num_rows__include`,

        'Approximate Size' as `stats__num_bytes__label`,
        table_stats.size_bytes as `stats__num_bytes__value`,
        'Approximate size of table as reported by BigQuery' as `stats__num_bytes__description`,
        tables.is_table as `stats__num_bytes__include`,

        'Partitioned By' as `stats__partitioning_type__label`,
        column_stats.partition_column as `stats__partitioning_type__value`,
        'The partitioning column for this table' as `stats__partitioning_type__description`,
        column_stats.is_partitioned as `stats__partitioning_type__include`,

        'Clustered By' as `stats__clustering_fields__label`,
        column_stats.clustering_columns as `stats__clustering_fields__value`,
        'The clustering columns for this table' as `stats__clustering_fields__description`,
        column_stats.is_clustered as `stats__clustering_fields__include`

    from tables
    join table_stats
        on table_stats.table_catalog = tables.table_catalog
        and table_stats.table_schema = tables.table_schema
        and table_stats.table_name = tables.table_name
    left join column_stats
        on column_stats.table_catalog = tables.table_catalog
        and column_stats.table_schema = tables.table_schema
        and column_stats.shard_name = table_stats.latest_shard_name
    left join columns
        on columns.table_catalog = tables.table_catalog
        and columns.table_schema = tables.table_schema
        and columns.shard_name = table_stats.latest_shard_name

  
[0m20:04:12.896835 [debug] [ThreadPool]: Opening a new connection, currently in state init
[0m20:04:17.446996 [debug] [ThreadPool]: BigQuery adapter: https://console.cloud.google.com/bigquery?project=my-dbt-project-486616&j=bq:EU:1f2938b1-03e8-445d-bafe-575b0118192c&page=queryresults
[0m20:04:19.038652 [debug] [ThreadPool]: SQL status: OK in 1.593 seconds
[0m20:04:20.111478 [debug] [MainThread]: Opening a new connection, currently in state init
[0m20:04:20.207140 [debug] [MainThread]: Wrote artifact CatalogArtifact to C:\Users\HP\data_engineering_mastery\dbt_process\dbt_learn_osas\target\catalog.json
[0m20:04:20.259857 [debug] [MainThread]: Wrote artifact WritableManifest to C:\Users\HP\data_engineering_mastery\dbt_process\dbt_learn_osas\target\manifest.json
[0m20:04:20.266648 [debug] [MainThread]: Wrote artifact SemanticManifest to C:\Users\HP\data_engineering_mastery\dbt_process\dbt_learn_osas\target\semantic_manifest.json
[0m20:04:20.267871 [info ] [MainThread]: Catalog written to C:\Users\HP\data_engineering_mastery\dbt_process\dbt_learn_osas\target\catalog.json
[0m20:04:20.270374 [debug] [MainThread]: Command `dbt docs generate` succeeded at 20:04:20.270374 after 69.94 seconds
[0m20:04:20.271899 [debug] [MainThread]: Connection 'generate_catalog' was properly closed.
[0m20:04:20.272904 [debug] [MainThread]: Connection 'my-dbt-project-486616.information_schema' was properly closed.
[0m20:04:20.273961 [debug] [MainThread]: Sending event: {'category': 'dbt', 'action': 'invocation', 'label': 'end', 'context': [<snowplow_tracker.self_describing_json.SelfDescribingJson object at 0x000001F760C35940>, <snowplow_tracker.self_describing_json.SelfDescribingJson object at 0x000001F7790AEA50>, <snowplow_tracker.self_describing_json.SelfDescribingJson object at 0x000001F7792870E0>]}
[0m20:04:20.274966 [debug] [MainThread]: Flushing usage events
[0m20:04:22.921256 [debug] [MainThread]: An error was encountered while trying to flush usage events
[0m20:19:18.271026 [debug] [MainThread]: Sending event: {'category': 'dbt', 'action': 'invocation', 'label': 'start', 'context': [<snowplow_tracker.self_describing_json.SelfDescribingJson object at 0x000002421BBA05F0>, <snowplow_tracker.self_describing_json.SelfDescribingJson object at 0x000002421F8D8380>, <snowplow_tracker.self_describing_json.SelfDescribingJson object at 0x000002421F8D8620>]}


============================== 20:19:18.279026 | 65dbc50b-34fb-407d-9e0c-2badb6b26df1 ==============================
[0m20:19:18.279026 [info ] [MainThread]: Running with dbt=1.11.2
[0m20:19:18.283959 [debug] [MainThread]: running dbt with arguments {'static_parser': 'True', 'no_print': 'None', 'version_check': 'True', 'warn_error_options': 'WarnErrorOptionsV2(error=[], warn=[], silence=[])', 'target_path': 'None', 'printer_width': '80', 'write_json': 'True', 'introspect': 'True', 'log_cache_events': 'False', 'empty': 'None', 'cache_selected_only': 'False', 'log_format': 'default', 'debug': 'False', 'fail_fast': 'False', 'partial_parse': 'True', 'send_anonymous_usage_stats': 'True', 'quiet': 'False', 'warn_error': 'None', 'profiles_dir': 'C:\\Users\\HP\\.dbt', 'indirect_selection': 'eager', 'invocation_command': 'dbt docs generate', 'use_colors': 'True', 'use_experimental_parser': 'False', 'log_path': 'C:\\Users\\HP\\data_engineering_mastery\\dbt_process\\dbt_learn_osas\\logs'}
[0m20:20:22.056582 [debug] [MainThread]: Sending event: {'category': 'dbt', 'action': 'project_id', 'label': '65dbc50b-34fb-407d-9e0c-2badb6b26df1', 'context': [<snowplow_tracker.self_describing_json.SelfDescribingJson object at 0x0000024236F66570>]}
[0m20:20:22.460056 [debug] [MainThread]: Sending event: {'category': 'dbt', 'action': 'adapter_info', 'label': '65dbc50b-34fb-407d-9e0c-2badb6b26df1', 'context': [<snowplow_tracker.self_describing_json.SelfDescribingJson object at 0x000002421FFAEE10>]}
[0m20:20:22.463112 [info ] [MainThread]: Registered adapter: bigquery=1.11.0
[0m20:20:25.726564 [debug] [MainThread]: checksum: 3d40d8bbe1bef07db1c24822f2dbfff8bc07f2a48ed4fe2658a40653aec0b54b, vars: {}, profile: , target: , version: 1.11.2
[0m20:20:26.395036 [debug] [MainThread]: Partial parsing enabled: 0 files deleted, 0 files added, 0 files changed.
[0m20:20:26.398038 [debug] [MainThread]: Nothing changed, skipping partial parsing.
[0m20:20:26.400036 [debug] [MainThread]: Partial parsing enabled, no changes found, skipping parsing
[0m20:20:26.567077 [debug] [MainThread]: Sending event: {'category': 'dbt', 'action': 'load_project', 'label': '65dbc50b-34fb-407d-9e0c-2badb6b26df1', 'context': [<snowplow_tracker.self_describing_json.SelfDescribingJson object at 0x00000242375FDC70>]}
[0m20:20:26.685920 [debug] [MainThread]: Sending event: {'category': 'dbt', 'action': 'resource_counts', 'label': '65dbc50b-34fb-407d-9e0c-2badb6b26df1', 'context': [<snowplow_tracker.self_describing_json.SelfDescribingJson object at 0x00000242377B5610>]}
[0m20:20:26.686927 [info ] [MainThread]: Found 1 seed, 3 models, 7 data tests, 2 sources, 538 macros
[0m20:20:26.686927 [debug] [MainThread]: Sending event: {'category': 'dbt', 'action': 'runnable_timing', 'label': '65dbc50b-34fb-407d-9e0c-2badb6b26df1', 'context': [<snowplow_tracker.self_describing_json.SelfDescribingJson object at 0x000002423774BE90>]}
[0m20:20:26.692856 [info ] [MainThread]: 
[0m20:20:26.692856 [info ] [MainThread]: Concurrency: 4 threads (target='dev')
[0m20:20:26.702863 [info ] [MainThread]: 
[0m20:20:26.710660 [debug] [MainThread]: Acquiring new bigquery connection 'master'
[0m20:20:26.748639 [debug] [ThreadPool]: Acquiring new bigquery connection 'list_my-dbt-project-486616_dbt_dataset'
[0m20:20:26.749626 [debug] [ThreadPool]: Opening a new connection, currently in state init
[0m20:20:31.040444 [debug] [MainThread]: Sending event: {'category': 'dbt', 'action': 'runnable_timing', 'label': '65dbc50b-34fb-407d-9e0c-2badb6b26df1', 'context': [<snowplow_tracker.self_describing_json.SelfDescribingJson object at 0x000002421CD894F0>]}
[0m20:20:31.042636 [debug] [MainThread]: Opening a new connection, currently in state init
[0m20:20:31.198469 [debug] [Thread-1 (]: Began running node model.dbt_learn_osas.stg_customers
[0m20:20:31.198469 [debug] [Thread-2 (]: Began running node model.dbt_learn_osas.stg_orders
[0m20:20:31.198469 [debug] [Thread-3 (]: Began running node seed.dbt_learn_osas.country_codes
[0m20:20:31.198469 [debug] [Thread-1 (]: Acquiring new bigquery connection 'model.dbt_learn_osas.stg_customers'
[0m20:20:31.214042 [debug] [Thread-2 (]: Acquiring new bigquery connection 'model.dbt_learn_osas.stg_orders'
[0m20:20:31.215046 [debug] [Thread-3 (]: Acquiring new bigquery connection 'seed.dbt_learn_osas.country_codes'
[0m20:20:31.218082 [debug] [Thread-1 (]: Began compiling node model.dbt_learn_osas.stg_customers
[0m20:20:31.219088 [debug] [Thread-2 (]: Began compiling node model.dbt_learn_osas.stg_orders
[0m20:20:31.222423 [debug] [Thread-3 (]: Began compiling node seed.dbt_learn_osas.country_codes
[0m20:20:31.247211 [debug] [Thread-1 (]: Writing injected SQL for node "model.dbt_learn_osas.stg_customers"
[0m20:20:31.253632 [debug] [Thread-2 (]: Writing injected SQL for node "model.dbt_learn_osas.stg_orders"
[0m20:20:31.264886 [debug] [Thread-3 (]: Began executing node seed.dbt_learn_osas.country_codes
[0m20:20:31.264886 [debug] [Thread-1 (]: Began executing node model.dbt_learn_osas.stg_customers
[0m20:20:31.264886 [debug] [Thread-2 (]: Began executing node model.dbt_learn_osas.stg_orders
[0m20:20:31.264886 [debug] [Thread-3 (]: Opening a new connection, currently in state init
[0m20:20:31.276435 [debug] [Thread-1 (]: Opening a new connection, currently in state init
[0m20:20:31.278282 [debug] [Thread-2 (]: Opening a new connection, currently in state init
[0m20:20:31.372635 [debug] [Thread-3 (]: Finished running node seed.dbt_learn_osas.country_codes
[0m20:20:31.458430 [debug] [Thread-1 (]: Finished running node model.dbt_learn_osas.stg_customers
[0m20:20:31.567101 [debug] [Thread-2 (]: Finished running node model.dbt_learn_osas.stg_orders
[0m20:20:31.567101 [debug] [Thread-4 (]: Began running node test.dbt_learn_osas.not_null_stg_customers_customer_id.e2cfb1f9aa
[0m20:20:31.567101 [debug] [Thread-3 (]: Began running node test.dbt_learn_osas.unique_stg_customers_customer_id.c7614daada
[0m20:20:31.573969 [debug] [Thread-1 (]: Began running node model.dbt_learn_osas.customer_orders
[0m20:20:31.574966 [debug] [Thread-2 (]: Began running node test.dbt_learn_osas.accepted_values_stg_orders_status__placed__shipped__completed__return_pending__returned.080fb20aad
[0m20:20:31.574966 [debug] [Thread-4 (]: Acquiring new bigquery connection 'test.dbt_learn_osas.not_null_stg_customers_customer_id.e2cfb1f9aa'
[0m20:20:31.578026 [debug] [Thread-3 (]: Re-using an available connection from the pool (formerly seed.dbt_learn_osas.country_codes, now test.dbt_learn_osas.unique_stg_customers_customer_id.c7614daada)
[0m20:20:31.580025 [debug] [Thread-1 (]: Re-using an available connection from the pool (formerly model.dbt_learn_osas.stg_customers, now model.dbt_learn_osas.customer_orders)
[0m20:20:31.581545 [debug] [Thread-2 (]: Re-using an available connection from the pool (formerly model.dbt_learn_osas.stg_orders, now test.dbt_learn_osas.accepted_values_stg_orders_status__placed__shipped__completed__return_pending__returned.080fb20aad)
[0m20:20:31.582548 [debug] [Thread-4 (]: Began compiling node test.dbt_learn_osas.not_null_stg_customers_customer_id.e2cfb1f9aa
[0m20:20:31.585942 [debug] [Thread-3 (]: Began compiling node test.dbt_learn_osas.unique_stg_customers_customer_id.c7614daada
[0m20:20:31.586946 [debug] [Thread-1 (]: Began compiling node model.dbt_learn_osas.customer_orders
[0m20:20:31.589480 [debug] [Thread-2 (]: Began compiling node test.dbt_learn_osas.accepted_values_stg_orders_status__placed__shipped__completed__return_pending__returned.080fb20aad
[0m20:20:31.626925 [debug] [Thread-4 (]: Writing injected SQL for node "test.dbt_learn_osas.not_null_stg_customers_customer_id.e2cfb1f9aa"
[0m20:20:31.635602 [debug] [Thread-3 (]: Writing injected SQL for node "test.dbt_learn_osas.unique_stg_customers_customer_id.c7614daada"
[0m20:20:31.661461 [debug] [Thread-1 (]: Writing injected SQL for node "model.dbt_learn_osas.customer_orders"
[0m20:20:31.701125 [debug] [Thread-2 (]: Writing injected SQL for node "test.dbt_learn_osas.accepted_values_stg_orders_status__placed__shipped__completed__return_pending__returned.080fb20aad"
[0m20:20:31.710542 [debug] [Thread-3 (]: Began executing node test.dbt_learn_osas.unique_stg_customers_customer_id.c7614daada
[0m20:20:31.701125 [debug] [Thread-4 (]: Began executing node test.dbt_learn_osas.not_null_stg_customers_customer_id.e2cfb1f9aa
[0m20:20:31.713070 [debug] [Thread-1 (]: Began executing node model.dbt_learn_osas.customer_orders
[0m20:20:31.714069 [debug] [Thread-3 (]: Opening a new connection, currently in state closed
[0m20:20:31.716677 [debug] [Thread-4 (]: Opening a new connection, currently in state init
[0m20:20:31.717678 [debug] [Thread-2 (]: Began executing node test.dbt_learn_osas.accepted_values_stg_orders_status__placed__shipped__completed__return_pending__returned.080fb20aad
[0m20:20:31.720276 [debug] [Thread-1 (]: Opening a new connection, currently in state closed
[0m20:20:31.805943 [debug] [Thread-3 (]: Finished running node test.dbt_learn_osas.unique_stg_customers_customer_id.c7614daada
[0m20:20:31.808560 [debug] [Thread-2 (]: Opening a new connection, currently in state closed
[0m20:20:31.891304 [debug] [Thread-4 (]: Finished running node test.dbt_learn_osas.not_null_stg_customers_customer_id.e2cfb1f9aa
[0m20:20:31.992187 [debug] [Thread-3 (]: Began running node test.dbt_learn_osas.not_null_stg_orders_customer_id.af79d5e4b5
[0m20:20:31.992187 [debug] [Thread-1 (]: Finished running node model.dbt_learn_osas.customer_orders
[0m20:20:32.091455 [debug] [Thread-4 (]: Began running node test.dbt_learn_osas.not_null_stg_orders_order_id.81cfe2fe64
[0m20:20:32.091455 [debug] [Thread-2 (]: Finished running node test.dbt_learn_osas.accepted_values_stg_orders_status__placed__shipped__completed__return_pending__returned.080fb20aad
[0m20:20:32.091455 [debug] [Thread-3 (]: Re-using an available connection from the pool (formerly test.dbt_learn_osas.unique_stg_customers_customer_id.c7614daada, now test.dbt_learn_osas.not_null_stg_orders_customer_id.af79d5e4b5)
[0m20:20:32.107362 [debug] [Thread-1 (]: Began running node test.dbt_learn_osas.relationships_stg_orders_customer_id__customer_id__ref_stg_customers_.430bf21500
[0m20:20:32.108357 [debug] [Thread-4 (]: Re-using an available connection from the pool (formerly test.dbt_learn_osas.not_null_stg_customers_customer_id.e2cfb1f9aa, now test.dbt_learn_osas.not_null_stg_orders_order_id.81cfe2fe64)
[0m20:20:32.111502 [debug] [Thread-2 (]: Began running node test.dbt_learn_osas.unique_stg_orders_order_id.e3b841c71a
[0m20:20:32.111502 [debug] [Thread-3 (]: Began compiling node test.dbt_learn_osas.not_null_stg_orders_customer_id.af79d5e4b5
[0m20:20:32.115181 [debug] [Thread-1 (]: Re-using an available connection from the pool (formerly model.dbt_learn_osas.customer_orders, now test.dbt_learn_osas.relationships_stg_orders_customer_id__customer_id__ref_stg_customers_.430bf21500)
[0m20:20:32.116187 [debug] [Thread-4 (]: Began compiling node test.dbt_learn_osas.not_null_stg_orders_order_id.81cfe2fe64
[0m20:20:32.119131 [debug] [Thread-2 (]: Re-using an available connection from the pool (formerly test.dbt_learn_osas.accepted_values_stg_orders_status__placed__shipped__completed__return_pending__returned.080fb20aad, now test.dbt_learn_osas.unique_stg_orders_order_id.e3b841c71a)
[0m20:20:32.120132 [debug] [Thread-3 (]: Writing injected SQL for node "test.dbt_learn_osas.not_null_stg_orders_customer_id.af79d5e4b5"
[0m20:20:32.133187 [debug] [Thread-1 (]: Began compiling node test.dbt_learn_osas.relationships_stg_orders_customer_id__customer_id__ref_stg_customers_.430bf21500
[0m20:20:32.141276 [debug] [Thread-4 (]: Writing injected SQL for node "test.dbt_learn_osas.not_null_stg_orders_order_id.81cfe2fe64"
[0m20:20:32.150807 [debug] [Thread-2 (]: Began compiling node test.dbt_learn_osas.unique_stg_orders_order_id.e3b841c71a
[0m20:20:32.184299 [debug] [Thread-1 (]: Writing injected SQL for node "test.dbt_learn_osas.relationships_stg_orders_customer_id__customer_id__ref_stg_customers_.430bf21500"
[0m20:20:32.191494 [debug] [Thread-3 (]: Began executing node test.dbt_learn_osas.not_null_stg_orders_customer_id.af79d5e4b5
[0m20:20:32.203015 [debug] [Thread-2 (]: Writing injected SQL for node "test.dbt_learn_osas.unique_stg_orders_order_id.e3b841c71a"
[0m20:20:32.207538 [debug] [Thread-4 (]: Began executing node test.dbt_learn_osas.not_null_stg_orders_order_id.81cfe2fe64
[0m20:20:32.209545 [debug] [Thread-3 (]: Opening a new connection, currently in state closed
[0m20:20:32.212957 [debug] [Thread-1 (]: Began executing node test.dbt_learn_osas.relationships_stg_orders_customer_id__customer_id__ref_stg_customers_.430bf21500
[0m20:20:32.215092 [debug] [Thread-4 (]: Opening a new connection, currently in state closed
[0m20:20:32.217328 [debug] [Thread-2 (]: Began executing node test.dbt_learn_osas.unique_stg_orders_order_id.e3b841c71a
[0m20:20:32.218330 [debug] [Thread-1 (]: Opening a new connection, currently in state closed
[0m20:20:32.297265 [debug] [Thread-3 (]: Finished running node test.dbt_learn_osas.not_null_stg_orders_customer_id.af79d5e4b5
[0m20:20:32.309705 [debug] [Thread-2 (]: Opening a new connection, currently in state closed
[0m20:20:32.401293 [debug] [Thread-4 (]: Finished running node test.dbt_learn_osas.not_null_stg_orders_order_id.81cfe2fe64
[0m20:20:32.491556 [debug] [Thread-1 (]: Finished running node test.dbt_learn_osas.relationships_stg_orders_customer_id__customer_id__ref_stg_customers_.430bf21500
[0m20:20:32.598925 [debug] [Thread-2 (]: Finished running node test.dbt_learn_osas.unique_stg_orders_order_id.e3b841c71a
[0m20:20:32.605429 [debug] [MainThread]: Connection 'master' was properly closed.
[0m20:20:32.606430 [debug] [MainThread]: Connection 'list_my-dbt-project-486616_dbt_dataset' was properly closed.
[0m20:20:32.608470 [debug] [MainThread]: Connection 'test.dbt_learn_osas.relationships_stg_orders_customer_id__customer_id__ref_stg_customers_.430bf21500' was properly closed.
[0m20:20:32.609469 [debug] [MainThread]: Connection 'test.dbt_learn_osas.unique_stg_orders_order_id.e3b841c71a' was properly closed.
[0m20:20:32.609469 [debug] [MainThread]: Connection 'test.dbt_learn_osas.not_null_stg_orders_customer_id.af79d5e4b5' was properly closed.
[0m20:20:32.613098 [debug] [MainThread]: Connection 'test.dbt_learn_osas.not_null_stg_orders_order_id.81cfe2fe64' was properly closed.
[0m20:20:32.615286 [debug] [MainThread]: Command end result
[0m20:20:32.961638 [debug] [MainThread]: Wrote artifact WritableManifest to C:\Users\HP\data_engineering_mastery\dbt_process\dbt_learn_osas\target\manifest.json
[0m20:20:32.978795 [debug] [MainThread]: Wrote artifact SemanticManifest to C:\Users\HP\data_engineering_mastery\dbt_process\dbt_learn_osas\target\semantic_manifest.json
[0m20:20:32.993124 [debug] [MainThread]: Wrote artifact RunExecutionResult to C:\Users\HP\data_engineering_mastery\dbt_process\dbt_learn_osas\target\run_results.json
[0m20:20:33.009265 [debug] [MainThread]: Acquiring new bigquery connection 'generate_catalog'
[0m20:20:33.009265 [info ] [MainThread]: Building catalog
[0m20:20:33.029217 [debug] [ThreadPool]: Acquiring new bigquery connection 'my-dbt-project-486616.information_schema'
[0m20:20:33.129479 [debug] [ThreadPool]: On my-dbt-project-486616.information_schema: /* {"app": "dbt", "dbt_version": "1.11.2", "profile_name": "dbt_learn_osas", "target_name": "dev", "connection_name": "my-dbt-project-486616.information_schema"} */

    with
                table_shards_stage as (
    select
        tables.project_id as table_catalog,
        tables.dataset_id as table_schema,
        coalesce(REGEXP_EXTRACT(tables.table_id, '^(.+)[0-9]{8}$'), tables.table_id) as table_name,
        tables.table_id as shard_name,
        REGEXP_EXTRACT(tables.table_id, '^.+([0-9]{8})$') as shard_index,
        REGEXP_CONTAINS(tables.table_id, '^.+[0-9]{8}$') and tables.type = 1 as is_date_shard,
        case
            when materialized_views.table_name is not null then 'materialized view'
            when tables.type = 1 then 'table'
            when tables.type = 2 then 'view'
            else 'external'
        end as table_type,
        tables.type = 1 as is_table,
        JSON_VALUE(table_description.option_value) as table_comment,
        tables.size_bytes,
        tables.row_count
    from `my-dbt-project-486616`.`dbt_dataset`.__TABLES__ tables
    left join `my-dbt-project-486616`.`dbt_dataset`.INFORMATION_SCHEMA.MATERIALIZED_VIEWS materialized_views
        on materialized_views.table_catalog = tables.project_id
        and materialized_views.table_schema = tables.dataset_id
        and materialized_views.table_name = tables.table_id
    left join `my-dbt-project-486616`.`dbt_dataset`.INFORMATION_SCHEMA.TABLE_OPTIONS table_description
        on table_description.table_catalog = tables.project_id
        and table_description.table_schema = tables.dataset_id
        and table_description.table_name = tables.table_id
        and table_description.option_name = 'description'
),
                table_shards as (
                    select * from table_shards_stage
                    where ((
                                upper(table_schema) = upper('dbt_dataset')
                            and upper(table_name) = upper('customers')
                            ) or (
                                upper(table_schema) = upper('dbt_dataset')
                            and upper(table_name) = upper('orders')
                            ) or (
                                upper(table_schema) = upper('dbt_dataset')
                            and upper(table_name) = upper('country_codes')
                            ) or (
                                upper(table_schema) = upper('dbt_dataset')
                            and upper(table_name) = upper('stg_orders')
                            ) or (
                                upper(table_schema) = upper('dbt_dataset')
                            and upper(table_name) = upper('stg_customers')
                            ) or (
                                upper(table_schema) = upper('dbt_dataset')
                            and upper(table_name) = upper('customer_orders')
                            ))
                ),
                tables as (
    select distinct
        table_catalog,
        table_schema,
        table_name,
        is_date_shard,
        table_type,
        is_table,
        table_comment
    from table_shards
),
                table_stats as (
    select
        table_catalog,
        table_schema,
        table_name,
        max(shard_name) as latest_shard_name,
        min(shard_index) as shard_min,
        max(shard_index) as shard_max,
        count(shard_index) as shard_count,
        sum(size_bytes) as size_bytes,
        sum(row_count) as row_count
    from table_shards
    group by 1, 2, 3
),

                columns as (
    select
        columns.table_catalog,
        columns.table_schema,
        columns.table_name as shard_name,
        coalesce(paths.field_path, '<unknown>') as column_name,
        -- invent a row number to account for nested fields
        -- BQ does not treat these nested properties as independent fields
        row_number() over (
            partition by
                columns.table_catalog,
                columns.table_schema,
                columns.table_name
            order by
                columns.ordinal_position,
                paths.field_path
        ) as column_index,
        coalesce(paths.data_type, '<unknown>') as column_type,
        paths.description as column_comment,
        case when columns.is_partitioning_column = 'YES' then 1 else 0 end as is_partitioning_column,
        case when columns.is_partitioning_column = 'YES' then paths.field_path end as partition_column,
        case when columns.clustering_ordinal_position is not null then 1 else 0 end as is_clustering_column,
        case when columns.clustering_ordinal_position is not null then paths.field_path end as cluster_column,
        columns.clustering_ordinal_position
    from `my-dbt-project-486616`.`dbt_dataset`.INFORMATION_SCHEMA.COLUMNS columns
    join `my-dbt-project-486616`.`dbt_dataset`.INFORMATION_SCHEMA.COLUMN_FIELD_PATHS paths
        on paths.table_catalog = columns.table_catalog
        and paths.table_schema = columns.table_schema
        and paths.table_name = columns.table_name
        and paths.column_name = columns.column_name
    where columns.ordinal_position is not null
),
                column_stats as (
    select
        table_catalog,
        table_schema,
        shard_name,
        max(is_partitioning_column) = 1 as is_partitioned,
        max(partition_column) as partition_column,
        max(is_clustering_column) = 1 as is_clustered,
        array_to_string(
            array_agg(
                cluster_column ignore nulls
                order by clustering_ordinal_position
            ), ', '
        ) as clustering_columns
    from columns
    group by 1, 2, 3
)

            
    select
        tables.table_catalog as table_database,
        tables.table_schema,
        case
            when tables.is_date_shard then concat(tables.table_name, '*')
            else tables.table_name
        end as table_name,
        tables.table_type,
        tables.table_comment,
        -- coalesce column metadata fields to ensure they are non-null for catalog generation
        -- external table columns are not present in COLUMN_FIELD_PATHS
        coalesce(columns.column_name, '<unknown>') as column_name,
        coalesce(columns.column_index, 1) as column_index,
        coalesce(columns.column_type, '<unknown>') as column_type,
        coalesce(columns.column_comment, '') as column_comment,

        'Shard count' as `stats__date_shards__label`,
        table_stats.shard_count as `stats__date_shards__value`,
        'The number of date shards in this table' as `stats__date_shards__description`,
        tables.is_date_shard as `stats__date_shards__include`,

        'Shard (min)' as `stats__date_shard_min__label`,
        table_stats.shard_min as `stats__date_shard_min__value`,
        'The first date shard in this table' as `stats__date_shard_min__description`,
        tables.is_date_shard as `stats__date_shard_min__include`,

        'Shard (max)' as `stats__date_shard_max__label`,
        table_stats.shard_max as `stats__date_shard_max__value`,
        'The last date shard in this table' as `stats__date_shard_max__description`,
        tables.is_date_shard as `stats__date_shard_max__include`,

        '# Rows' as `stats__num_rows__label`,
        table_stats.row_count as `stats__num_rows__value`,
        'Approximate count of rows in this table' as `stats__num_rows__description`,
        tables.is_table as `stats__num_rows__include`,

        'Approximate Size' as `stats__num_bytes__label`,
        table_stats.size_bytes as `stats__num_bytes__value`,
        'Approximate size of table as reported by BigQuery' as `stats__num_bytes__description`,
        tables.is_table as `stats__num_bytes__include`,

        'Partitioned By' as `stats__partitioning_type__label`,
        column_stats.partition_column as `stats__partitioning_type__value`,
        'The partitioning column for this table' as `stats__partitioning_type__description`,
        column_stats.is_partitioned as `stats__partitioning_type__include`,

        'Clustered By' as `stats__clustering_fields__label`,
        column_stats.clustering_columns as `stats__clustering_fields__value`,
        'The clustering columns for this table' as `stats__clustering_fields__description`,
        column_stats.is_clustered as `stats__clustering_fields__include`

    from tables
    join table_stats
        on table_stats.table_catalog = tables.table_catalog
        and table_stats.table_schema = tables.table_schema
        and table_stats.table_name = tables.table_name
    left join column_stats
        on column_stats.table_catalog = tables.table_catalog
        and column_stats.table_schema = tables.table_schema
        and column_stats.shard_name = table_stats.latest_shard_name
    left join columns
        on columns.table_catalog = tables.table_catalog
        and columns.table_schema = tables.table_schema
        and columns.shard_name = table_stats.latest_shard_name

  
[0m20:20:33.130485 [debug] [ThreadPool]: Opening a new connection, currently in state init
[0m20:20:43.385188 [debug] [ThreadPool]: BigQuery adapter: https://console.cloud.google.com/bigquery?project=my-dbt-project-486616&j=bq:EU:fb418854-c20b-484f-995e-9b0f6766131a&page=queryresults
[0m20:20:44.494399 [debug] [ThreadPool]: SQL status: OK in 1.111 seconds
[0m20:20:45.180904 [debug] [MainThread]: Opening a new connection, currently in state init
[0m20:20:45.396329 [debug] [MainThread]: Wrote artifact CatalogArtifact to C:\Users\HP\data_engineering_mastery\dbt_process\dbt_learn_osas\target\catalog.json
[0m20:20:45.550261 [debug] [MainThread]: Wrote artifact WritableManifest to C:\Users\HP\data_engineering_mastery\dbt_process\dbt_learn_osas\target\manifest.json
[0m20:20:45.561847 [debug] [MainThread]: Wrote artifact SemanticManifest to C:\Users\HP\data_engineering_mastery\dbt_process\dbt_learn_osas\target\semantic_manifest.json
[0m20:20:45.566437 [info ] [MainThread]: Catalog written to C:\Users\HP\data_engineering_mastery\dbt_process\dbt_learn_osas\target\catalog.json
[0m20:20:45.613783 [debug] [MainThread]: Command `dbt docs generate` succeeded at 20:20:45.613783 after 87.72 seconds
[0m20:20:45.630501 [debug] [MainThread]: Connection 'generate_catalog' was properly closed.
[0m20:20:45.634408 [debug] [MainThread]: Connection 'my-dbt-project-486616.information_schema' was properly closed.
[0m20:20:45.651652 [debug] [MainThread]: Sending event: {'category': 'dbt', 'action': 'invocation', 'label': 'end', 'context': [<snowplow_tracker.self_describing_json.SelfDescribingJson object at 0x000002421F90FA40>, <snowplow_tracker.self_describing_json.SelfDescribingJson object at 0x00000242375FE2D0>, <snowplow_tracker.self_describing_json.SelfDescribingJson object at 0x00000242375FE1B0>]}
[0m20:20:45.659811 [debug] [MainThread]: Flushing usage events
[0m20:20:49.009622 [debug] [MainThread]: An error was encountered while trying to flush usage events
[0m21:16:20.423705 [debug] [MainThread]: Sending event: {'category': 'dbt', 'action': 'invocation', 'label': 'start', 'context': [<snowplow_tracker.self_describing_json.SelfDescribingJson object at 0x000002537EC67F20>, <snowplow_tracker.self_describing_json.SelfDescribingJson object at 0x000002537EB5FB00>, <snowplow_tracker.self_describing_json.SelfDescribingJson object at 0x000002537EB5FEC0>]}


============================== 21:16:20.442661 | 4f5a2499-af86-4c89-b7c7-693f4de51807 ==============================
[0m21:16:20.442661 [info ] [MainThread]: Running with dbt=1.11.2
[0m21:16:20.449019 [debug] [MainThread]: running dbt with arguments {'static_parser': 'True', 'no_print': 'None', 'version_check': 'True', 'target_path': 'None', 'warn_error_options': 'WarnErrorOptionsV2(error=[], warn=[], silence=[])', 'printer_width': '80', 'write_json': 'True', 'introspect': 'True', 'log_cache_events': 'False', 'empty': 'False', 'cache_selected_only': 'False', 'log_format': 'default', 'debug': 'False', 'fail_fast': 'False', 'partial_parse': 'True', 'send_anonymous_usage_stats': 'True', 'quiet': 'False', 'warn_error': 'None', 'profiles_dir': 'C:\\Users\\HP\\.dbt', 'indirect_selection': 'eager', 'use_colors': 'True', 'invocation_command': 'dbt run --full-refresh', 'use_experimental_parser': 'False', 'log_path': 'C:\\Users\\HP\\data_engineering_mastery\\dbt_process\\dbt_learn_osas\\logs'}
[0m21:18:47.558943 [debug] [MainThread]: Sending event: {'category': 'dbt', 'action': 'project_id', 'label': '4f5a2499-af86-4c89-b7c7-693f4de51807', 'context': [<snowplow_tracker.self_describing_json.SelfDescribingJson object at 0x0000025316207950>]}
[0m21:18:51.343855 [debug] [MainThread]: Sending event: {'category': 'dbt', 'action': 'adapter_info', 'label': '4f5a2499-af86-4c89-b7c7-693f4de51807', 'context': [<snowplow_tracker.self_describing_json.SelfDescribingJson object at 0x00000253148993D0>]}
[0m21:18:51.351419 [info ] [MainThread]: Registered adapter: bigquery=1.11.0
[0m21:18:59.731182 [debug] [MainThread]: checksum: 3d40d8bbe1bef07db1c24822f2dbfff8bc07f2a48ed4fe2658a40653aec0b54b, vars: {}, profile: , target: , version: 1.11.2
[0m21:19:00.692922 [debug] [MainThread]: Partial parsing enabled: 0 files deleted, 0 files added, 0 files changed.
[0m21:19:00.695923 [debug] [MainThread]: Nothing changed, skipping partial parsing.
[0m21:19:00.697922 [debug] [MainThread]: Partial parsing enabled, no changes found, skipping parsing
[0m21:19:01.123839 [debug] [MainThread]: Sending event: {'category': 'dbt', 'action': 'load_project', 'label': '4f5a2499-af86-4c89-b7c7-693f4de51807', 'context': [<snowplow_tracker.self_describing_json.SelfDescribingJson object at 0x0000025316609D00>]}
[0m21:19:01.732686 [debug] [MainThread]: Wrote artifact WritableManifest to C:\Users\HP\data_engineering_mastery\dbt_process\dbt_learn_osas\target\manifest.json
[0m21:19:01.742777 [debug] [MainThread]: Wrote artifact SemanticManifest to C:\Users\HP\data_engineering_mastery\dbt_process\dbt_learn_osas\target\semantic_manifest.json
[0m21:19:01.878529 [debug] [MainThread]: Sending event: {'category': 'dbt', 'action': 'resource_counts', 'label': '4f5a2499-af86-4c89-b7c7-693f4de51807', 'context': [<snowplow_tracker.self_describing_json.SelfDescribingJson object at 0x0000025316AF9070>]}
[0m21:19:01.880531 [info ] [MainThread]: Found 1 seed, 3 models, 7 data tests, 2 sources, 538 macros
[0m21:19:01.900204 [debug] [MainThread]: Sending event: {'category': 'dbt', 'action': 'runnable_timing', 'label': '4f5a2499-af86-4c89-b7c7-693f4de51807', 'context': [<snowplow_tracker.self_describing_json.SelfDescribingJson object at 0x00000253161283B0>]}
[0m21:19:01.918822 [info ] [MainThread]: 
[0m21:19:01.922819 [info ] [MainThread]: Concurrency: 4 threads (target='dev')
[0m21:19:02.323945 [info ] [MainThread]: 
[0m21:19:02.883546 [debug] [MainThread]: Acquiring new bigquery connection 'master'
[0m21:19:03.198641 [debug] [ThreadPool]: Acquiring new bigquery connection 'list_my-dbt-project-486616'
[0m21:19:03.200642 [debug] [ThreadPool]: Opening a new connection, currently in state init
[0m21:19:10.080159 [debug] [ThreadPool]: Acquiring new bigquery connection 'list_my-dbt-project-486616_dbt_dataset'
[0m21:19:10.082159 [debug] [ThreadPool]: Opening a new connection, currently in state init
[0m21:19:17.739505 [debug] [MainThread]: Sending event: {'category': 'dbt', 'action': 'runnable_timing', 'label': '4f5a2499-af86-4c89-b7c7-693f4de51807', 'context': [<snowplow_tracker.self_describing_json.SelfDescribingJson object at 0x000002531657A000>]}
[0m21:19:17.741510 [debug] [MainThread]: Opening a new connection, currently in state init
[0m21:19:17.941648 [debug] [Thread-1 (]: Began running node model.dbt_learn_osas.stg_customers
[0m21:19:17.945784 [debug] [Thread-2 (]: Began running node model.dbt_learn_osas.stg_orders
[0m21:19:17.947779 [info ] [Thread-1 (]: 1 of 3 START sql table model dbt_dataset.stg_customers ......................... [RUN]
[0m21:19:17.960332 [debug] [Thread-1 (]: Acquiring new bigquery connection 'model.dbt_learn_osas.stg_customers'
[0m21:19:17.949776 [info ] [Thread-2 (]: 2 of 3 START sql table model dbt_dataset.stg_orders ............................ [RUN]
[0m21:19:17.963328 [debug] [Thread-1 (]: Began compiling node model.dbt_learn_osas.stg_customers
[0m21:19:17.966856 [debug] [Thread-2 (]: Acquiring new bigquery connection 'model.dbt_learn_osas.stg_orders'
[0m21:19:18.004604 [debug] [Thread-2 (]: Began compiling node model.dbt_learn_osas.stg_orders
[0m21:19:18.041241 [debug] [Thread-2 (]: Writing injected SQL for node "model.dbt_learn_osas.stg_orders"
[0m21:19:18.049722 [debug] [Thread-1 (]: Writing injected SQL for node "model.dbt_learn_osas.stg_customers"
[0m21:19:18.053718 [debug] [Thread-2 (]: Began executing node model.dbt_learn_osas.stg_orders
[0m21:19:18.092935 [debug] [Thread-1 (]: Began executing node model.dbt_learn_osas.stg_customers
[0m21:19:18.203094 [debug] [Thread-1 (]: Opening a new connection, currently in state init
[0m21:19:18.203678 [debug] [Thread-2 (]: Opening a new connection, currently in state init
[0m21:19:26.695722 [debug] [Thread-2 (]: Writing runtime sql for node "model.dbt_learn_osas.stg_orders"
[0m21:19:26.686737 [debug] [Thread-1 (]: Writing runtime sql for node "model.dbt_learn_osas.stg_customers"
[0m21:19:26.706726 [debug] [Thread-2 (]: On model.dbt_learn_osas.stg_orders: /* {"app": "dbt", "dbt_version": "1.11.2", "profile_name": "dbt_learn_osas", "target_name": "dev", "node_id": "model.dbt_learn_osas.stg_orders"} */

  
    

    create or replace table `my-dbt-project-486616`.`dbt_dataset`.`stg_orders`
      
    
    

    
    OPTIONS()
    as (
      select
        id as order_id,
        user_id as customer_id,
        order_date,
        status

    from `my-dbt-project-486616`.`dbt_dataset`.`orders`--my-dbt-project-486616.dbt_dataset.orders
    );
  
[0m21:19:26.709731 [debug] [Thread-1 (]: On model.dbt_learn_osas.stg_customers: /* {"app": "dbt", "dbt_version": "1.11.2", "profile_name": "dbt_learn_osas", "target_name": "dev", "node_id": "model.dbt_learn_osas.stg_customers"} */

  
    

    create or replace table `my-dbt-project-486616`.`dbt_dataset`.`stg_customers`
      
    
    

    
    OPTIONS()
    as (
      select
        id as customer_id,
        first_name,
        last_name

    from `my-dbt-project-486616`.`dbt_dataset`.`customers` --my-dbt-project-486616.dbt_dataset.customers
    );
  
[0m21:19:27.418672 [debug] [Thread-2 (]: BigQuery adapter: https://console.cloud.google.com/bigquery?project=my-dbt-project-486616&j=bq:EU:4ce17a38-312b-4182-8dd7-dd2c806e59f4&page=queryresults
[0m21:19:27.422684 [debug] [Thread-1 (]: BigQuery adapter: https://console.cloud.google.com/bigquery?project=my-dbt-project-486616&j=bq:EU:accadef9-4d24-4765-acaa-385fa180bbf5&page=queryresults
[0m21:19:28.952387 [debug] [Thread-1 (]: SQL status: OK in 1.524 seconds
[0m21:19:29.255863 [debug] [Thread-2 (]: SQL status: OK in 1.831 seconds
[0m21:19:30.471633 [debug] [Thread-2 (]: Sending event: {'category': 'dbt', 'action': 'run_model', 'label': '4f5a2499-af86-4c89-b7c7-693f4de51807', 'context': [<snowplow_tracker.self_describing_json.SelfDescribingJson object at 0x0000025316F88050>]}
[0m21:19:30.473631 [debug] [Thread-1 (]: Sending event: {'category': 'dbt', 'action': 'run_model', 'label': '4f5a2499-af86-4c89-b7c7-693f4de51807', 'context': [<snowplow_tracker.self_describing_json.SelfDescribingJson object at 0x000002530F34EEA0>]}
[0m21:19:30.478633 [info ] [Thread-2 (]: 2 of 3 OK created sql table model dbt_dataset.stg_orders ....................... [[32mCREATE TABLE (99.0 rows, 3.3 KiB processed)[0m in 12.47s]
[0m21:19:30.601653 [debug] [Thread-2 (]: Finished running node model.dbt_learn_osas.stg_orders
[0m21:19:30.482221 [info ] [Thread-1 (]: 1 of 3 OK created sql table model dbt_dataset.stg_customers .................... [[32mCREATE TABLE (100.0 rows, 1.9 KiB processed)[0m in 12.51s]
[0m21:19:30.639723 [debug] [Thread-1 (]: Finished running node model.dbt_learn_osas.stg_customers
[0m21:19:30.647725 [debug] [Thread-4 (]: Began running node model.dbt_learn_osas.customer_orders
[0m21:19:30.651824 [info ] [Thread-4 (]: 3 of 3 START sql view model dbt_dataset.customer_orders ........................ [RUN]
[0m21:19:30.709351 [debug] [Thread-4 (]: Acquiring new bigquery connection 'model.dbt_learn_osas.customer_orders'
[0m21:19:30.713198 [debug] [Thread-4 (]: Began compiling node model.dbt_learn_osas.customer_orders
[0m21:19:30.787740 [debug] [Thread-4 (]: Writing injected SQL for node "model.dbt_learn_osas.customer_orders"
[0m21:19:30.802563 [debug] [Thread-4 (]: Began executing node model.dbt_learn_osas.customer_orders
[0m21:19:31.002664 [debug] [Thread-4 (]: Writing runtime sql for node "model.dbt_learn_osas.customer_orders"
[0m21:19:31.008630 [debug] [Thread-4 (]: On model.dbt_learn_osas.customer_orders: /* {"app": "dbt", "dbt_version": "1.11.2", "profile_name": "dbt_learn_osas", "target_name": "dev", "node_id": "model.dbt_learn_osas.customer_orders"} */


  create or replace view `my-dbt-project-486616`.`dbt_dataset`.`customer_orders`
  OPTIONS()
  as 

with customers as (
 
    select * from `my-dbt-project-486616`.`dbt_dataset`.`stg_customers` -- to reference the stg_customers model
 
),
 
orders as (
 
    select * from `my-dbt-project-486616`.`dbt_dataset`.`stg_orders`
 
),
 
customer_orders as (
 
    select
        customer_id,
 
        min(order_date) as first_order_date,
        max(order_date) as most_recent_order_date,
        count(order_id) as number_of_orders
 
    from orders
 
    group by 1
 
),
 
final as (
 
    select
        customers.customer_id,
        customers.first_name,
        customers.last_name,
        customer_orders.first_order_date,
        customer_orders.most_recent_order_date,
        coalesce(customer_orders.number_of_orders, 0) as number_of_orders
 
    from customers
 
    left join customer_orders using (customer_id)
 
)
 
select * from final --for first run, use dbt run --select +customer_orders (to run d downstream models first);


[0m21:19:31.026694 [debug] [Thread-4 (]: Opening a new connection, currently in state init
[0m21:19:38.011169 [debug] [Thread-4 (]: BigQuery adapter: https://console.cloud.google.com/bigquery?project=my-dbt-project-486616&j=bq:EU:6f3b5cb4-03a8-4c4d-9aed-1d7f354ebd9c&page=queryresults
[0m21:19:38.547056 [debug] [Thread-4 (]: SQL status: OK in 0.534 seconds
[0m21:19:38.568054 [debug] [Thread-4 (]: Sending event: {'category': 'dbt', 'action': 'run_model', 'label': '4f5a2499-af86-4c89-b7c7-693f4de51807', 'context': [<snowplow_tracker.self_describing_json.SelfDescribingJson object at 0x00000253172C7B60>]}
[0m21:19:38.571052 [info ] [Thread-4 (]: 3 of 3 OK created sql view model dbt_dataset.customer_orders ................... [[32mCREATE VIEW (0 processed)[0m in 7.86s]
[0m21:19:38.588232 [debug] [Thread-4 (]: Finished running node model.dbt_learn_osas.customer_orders
[0m21:19:38.594231 [debug] [MainThread]: Opening a new connection, currently in state closed
[0m21:19:38.932798 [debug] [MainThread]: Connection 'master' was properly closed.
[0m21:19:38.934903 [debug] [MainThread]: Connection 'list_my-dbt-project-486616' was properly closed.
[0m21:19:38.935861 [debug] [MainThread]: Connection 'list_my-dbt-project-486616_dbt_dataset' was properly closed.
[0m21:19:38.941902 [debug] [MainThread]: Connection 'model.dbt_learn_osas.stg_customers' was properly closed.
[0m21:19:38.969395 [debug] [MainThread]: Connection 'model.dbt_learn_osas.stg_orders' was properly closed.
[0m21:19:38.978401 [debug] [MainThread]: Connection 'model.dbt_learn_osas.customer_orders' was properly closed.
[0m21:19:38.980397 [info ] [MainThread]: 
[0m21:19:39.083634 [info ] [MainThread]: Finished running 2 table models, 1 view model in 0 hours 0 minutes and 36.10 seconds (36.10s).
[0m21:19:39.153864 [debug] [MainThread]: Command end result
[0m21:19:39.530738 [debug] [MainThread]: Wrote artifact WritableManifest to C:\Users\HP\data_engineering_mastery\dbt_process\dbt_learn_osas\target\manifest.json
[0m21:19:39.663141 [debug] [MainThread]: Wrote artifact SemanticManifest to C:\Users\HP\data_engineering_mastery\dbt_process\dbt_learn_osas\target\semantic_manifest.json
[0m21:19:39.710770 [debug] [MainThread]: Wrote artifact RunExecutionResult to C:\Users\HP\data_engineering_mastery\dbt_process\dbt_learn_osas\target\run_results.json
[0m21:19:39.712771 [info ] [MainThread]: 
[0m21:19:39.728908 [info ] [MainThread]: [32mCompleted successfully[0m
[0m21:19:39.772935 [info ] [MainThread]: 
[0m21:19:39.822476 [info ] [MainThread]: Done. PASS=3 WARN=0 ERROR=0 SKIP=0 NO-OP=0 TOTAL=3
[0m21:19:39.986890 [debug] [MainThread]: Command `dbt run` succeeded at 21:19:39.973949 after 200.36 seconds
[0m21:19:39.988888 [debug] [MainThread]: Sending event: {'category': 'dbt', 'action': 'invocation', 'label': 'end', 'context': [<snowplow_tracker.self_describing_json.SelfDescribingJson object at 0x000002530F291AC0>, <snowplow_tracker.self_describing_json.SelfDescribingJson object at 0x0000025316BB4D40>, <snowplow_tracker.self_describing_json.SelfDescribingJson object at 0x0000025316AAB560>]}
[0m21:19:40.000946 [debug] [MainThread]: Flushing usage events
[0m21:19:49.482507 [debug] [MainThread]: An error was encountered while trying to flush usage events
[0m21:27:13.441132 [debug] [MainThread]: Sending event: {'category': 'dbt', 'action': 'invocation', 'label': 'start', 'context': [<snowplow_tracker.self_describing_json.SelfDescribingJson object at 0x0000022FA5208D70>, <snowplow_tracker.self_describing_json.SelfDescribingJson object at 0x0000022FA8176000>, <snowplow_tracker.self_describing_json.SelfDescribingJson object at 0x0000022FA87D8500>]}


============================== 21:27:13.457913 | dc66bd13-4651-4837-8dd5-09dbbf588c02 ==============================
[0m21:27:13.457913 [info ] [MainThread]: Running with dbt=1.11.2
[0m21:27:13.460915 [debug] [MainThread]: running dbt with arguments {'version_check': 'True', 'no_print': 'None', 'static_parser': 'True', 'target_path': 'None', 'warn_error_options': 'WarnErrorOptionsV2(error=[], warn=[], silence=[])', 'printer_width': '80', 'write_json': 'True', 'empty': 'False', 'log_cache_events': 'False', 'introspect': 'True', 'cache_selected_only': 'False', 'log_format': 'default', 'debug': 'False', 'fail_fast': 'False', 'profiles_dir': 'C:\\Users\\HP\\.dbt', 'send_anonymous_usage_stats': 'True', 'quiet': 'False', 'warn_error': 'None', 'partial_parse': 'True', 'invocation_command': 'dbt run --full-refresh', 'indirect_selection': 'eager', 'use_colors': 'True', 'use_experimental_parser': 'False', 'log_path': 'C:\\Users\\HP\\data_engineering_mastery\\dbt_process\\dbt_learn_osas\\logs'}
[0m21:28:59.109945 [debug] [MainThread]: Sending event: {'category': 'dbt', 'action': 'project_id', 'label': 'dc66bd13-4651-4837-8dd5-09dbbf588c02', 'context': [<snowplow_tracker.self_describing_json.SelfDescribingJson object at 0x0000022FBE13A7E0>]}
[0m21:28:59.991155 [debug] [MainThread]: Sending event: {'category': 'dbt', 'action': 'adapter_info', 'label': 'dc66bd13-4651-4837-8dd5-09dbbf588c02', 'context': [<snowplow_tracker.self_describing_json.SelfDescribingJson object at 0x0000022FA8496FF0>]}
[0m21:28:59.996165 [info ] [MainThread]: Registered adapter: bigquery=1.11.0
[0m21:29:05.942525 [debug] [MainThread]: checksum: 3d40d8bbe1bef07db1c24822f2dbfff8bc07f2a48ed4fe2658a40653aec0b54b, vars: {}, profile: , target: , version: 1.11.2
[0m21:29:06.802350 [debug] [MainThread]: Partial parsing enabled: 0 files deleted, 0 files added, 0 files changed.
[0m21:29:06.804347 [debug] [MainThread]: Nothing changed, skipping partial parsing.
[0m21:29:06.806353 [debug] [MainThread]: Partial parsing enabled, no changes found, skipping parsing
[0m21:29:07.078936 [debug] [MainThread]: Sending event: {'category': 'dbt', 'action': 'load_project', 'label': 'dc66bd13-4651-4837-8dd5-09dbbf588c02', 'context': [<snowplow_tracker.self_describing_json.SelfDescribingJson object at 0x0000022FC021AD20>]}
[0m21:29:07.542184 [debug] [MainThread]: Wrote artifact WritableManifest to C:\Users\HP\data_engineering_mastery\dbt_process\dbt_learn_osas\target\manifest.json
[0m21:29:07.550302 [debug] [MainThread]: Wrote artifact SemanticManifest to C:\Users\HP\data_engineering_mastery\dbt_process\dbt_learn_osas\target\semantic_manifest.json
[0m21:29:07.697224 [debug] [MainThread]: Sending event: {'category': 'dbt', 'action': 'resource_counts', 'label': 'dc66bd13-4651-4837-8dd5-09dbbf588c02', 'context': [<snowplow_tracker.self_describing_json.SelfDescribingJson object at 0x0000022FC02186E0>]}
[0m21:29:07.700075 [info ] [MainThread]: Found 1 seed, 3 models, 7 data tests, 2 sources, 538 macros
[0m21:29:07.702050 [debug] [MainThread]: Sending event: {'category': 'dbt', 'action': 'runnable_timing', 'label': 'dc66bd13-4651-4837-8dd5-09dbbf588c02', 'context': [<snowplow_tracker.self_describing_json.SelfDescribingJson object at 0x0000022FC01B68A0>]}
[0m21:29:07.712097 [info ] [MainThread]: 
[0m21:29:07.714191 [info ] [MainThread]: Concurrency: 4 threads (target='dev')
[0m21:29:07.719095 [info ] [MainThread]: 
[0m21:29:07.722236 [debug] [MainThread]: Acquiring new bigquery connection 'master'
[0m21:29:07.787459 [debug] [ThreadPool]: Acquiring new bigquery connection 'list_my-dbt-project-486616'
[0m21:29:07.790325 [debug] [ThreadPool]: Opening a new connection, currently in state init
[0m21:29:25.125290 [debug] [ThreadPool]: Acquiring new bigquery connection 'list_my-dbt-project-486616_dbt_dataset'
[0m21:29:25.129283 [debug] [ThreadPool]: Opening a new connection, currently in state init
[0m21:29:33.138756 [debug] [MainThread]: Sending event: {'category': 'dbt', 'action': 'runnable_timing', 'label': 'dc66bd13-4651-4837-8dd5-09dbbf588c02', 'context': [<snowplow_tracker.self_describing_json.SelfDescribingJson object at 0x0000022FC018D070>]}
[0m21:29:33.140839 [debug] [MainThread]: Opening a new connection, currently in state init
[0m21:29:33.663231 [debug] [Thread-1 (]: Began running node model.dbt_learn_osas.stg_customers
[0m21:29:33.666307 [debug] [Thread-2 (]: Began running node model.dbt_learn_osas.stg_orders
[0m21:29:33.670469 [info ] [Thread-1 (]: 1 of 3 START sql table model dbt_dataset.stg_customers ......................... [RUN]
[0m21:29:33.677487 [debug] [Thread-1 (]: Acquiring new bigquery connection 'model.dbt_learn_osas.stg_customers'
[0m21:29:33.680028 [debug] [Thread-1 (]: Began compiling node model.dbt_learn_osas.stg_customers
[0m21:29:33.672784 [info ] [Thread-2 (]: 2 of 3 START sql table model dbt_dataset.stg_orders ............................ [RUN]
[0m21:29:33.712580 [debug] [Thread-2 (]: Acquiring new bigquery connection 'model.dbt_learn_osas.stg_orders'
[0m21:29:33.759917 [debug] [Thread-2 (]: Began compiling node model.dbt_learn_osas.stg_orders
[0m21:29:33.792237 [debug] [Thread-1 (]: Writing injected SQL for node "model.dbt_learn_osas.stg_customers"
[0m21:29:33.797244 [debug] [Thread-2 (]: Writing injected SQL for node "model.dbt_learn_osas.stg_orders"
[0m21:29:33.801240 [debug] [Thread-1 (]: Began executing node model.dbt_learn_osas.stg_customers
[0m21:29:33.811253 [debug] [Thread-2 (]: Began executing node model.dbt_learn_osas.stg_orders
[0m21:29:34.069934 [debug] [Thread-2 (]: Opening a new connection, currently in state init
[0m21:29:34.407242 [debug] [Thread-1 (]: Opening a new connection, currently in state init
[0m21:29:41.238220 [debug] [Thread-1 (]: Writing runtime sql for node "model.dbt_learn_osas.stg_customers"
[0m21:29:41.240220 [debug] [Thread-2 (]: Writing runtime sql for node "model.dbt_learn_osas.stg_orders"
[0m21:29:41.251291 [debug] [Thread-1 (]: On model.dbt_learn_osas.stg_customers: /* {"app": "dbt", "dbt_version": "1.11.2", "profile_name": "dbt_learn_osas", "target_name": "dev", "node_id": "model.dbt_learn_osas.stg_customers"} */

  
    

    create or replace table `my-dbt-project-486616`.`dbt_dataset`.`stg_customers`
      
    
    

    
    OPTIONS()
    as (
      select
        id as customer_id,
        first_name,
        last_name

    from `my-dbt-project-486616`.`dbt_dataset`.`customers` --my-dbt-project-486616.dbt_dataset.customers
    );
  
[0m21:29:41.257365 [debug] [Thread-2 (]: On model.dbt_learn_osas.stg_orders: /* {"app": "dbt", "dbt_version": "1.11.2", "profile_name": "dbt_learn_osas", "target_name": "dev", "node_id": "model.dbt_learn_osas.stg_orders"} */

  
    

    create or replace table `my-dbt-project-486616`.`dbt_dataset`.`stg_orders`
      
    
    

    
    OPTIONS()
    as (
      select
        id as order_id,
        user_id as customer_id,
        order_date,
        status

    from `my-dbt-project-486616`.`dbt_dataset`.`orders`--my-dbt-project-486616.dbt_dataset.orders
    );
  
[0m21:29:41.973401 [debug] [Thread-2 (]: BigQuery adapter: https://console.cloud.google.com/bigquery?project=my-dbt-project-486616&j=bq:EU:50845219-018b-4f78-a979-c04e3a438e1c&page=queryresults
[0m21:29:42.045471 [debug] [Thread-1 (]: BigQuery adapter: https://console.cloud.google.com/bigquery?project=my-dbt-project-486616&j=bq:EU:3216fc04-0edd-4291-a4b2-9d0f53c00263&page=queryresults
[0m21:29:43.511969 [debug] [Thread-1 (]: SQL status: OK in 1.464 seconds
[0m21:29:43.618213 [debug] [Thread-2 (]: SQL status: OK in 1.642 seconds
[0m21:29:45.055917 [debug] [Thread-2 (]: Sending event: {'category': 'dbt', 'action': 'run_model', 'label': 'dc66bd13-4651-4837-8dd5-09dbbf588c02', 'context': [<snowplow_tracker.self_describing_json.SelfDescribingJson object at 0x0000022FC0E5FA10>]}
[0m21:29:45.060929 [debug] [Thread-1 (]: Sending event: {'category': 'dbt', 'action': 'run_model', 'label': 'dc66bd13-4651-4837-8dd5-09dbbf588c02', 'context': [<snowplow_tracker.self_describing_json.SelfDescribingJson object at 0x0000022FB905ABA0>]}
[0m21:29:45.059156 [info ] [Thread-2 (]: 2 of 3 OK created sql table model dbt_dataset.stg_orders ....................... [[32mCREATE TABLE (99.0 rows, 3.3 KiB processed)[0m in 11.34s]
[0m21:29:45.065915 [info ] [Thread-1 (]: 1 of 3 OK created sql table model dbt_dataset.stg_customers .................... [[32mCREATE TABLE (100.0 rows, 1.9 KiB processed)[0m in 11.37s]
[0m21:29:45.068915 [debug] [Thread-2 (]: Finished running node model.dbt_learn_osas.stg_orders
[0m21:29:45.075826 [debug] [Thread-1 (]: Finished running node model.dbt_learn_osas.stg_customers
[0m21:29:45.100408 [debug] [Thread-4 (]: Began running node model.dbt_learn_osas.customer_orders
[0m21:29:45.108399 [info ] [Thread-4 (]: 3 of 3 START sql view model dbt_dataset.customer_orders ........................ [RUN]
[0m21:29:45.129401 [debug] [Thread-4 (]: Acquiring new bigquery connection 'model.dbt_learn_osas.customer_orders'
[0m21:29:45.136758 [debug] [Thread-4 (]: Began compiling node model.dbt_learn_osas.customer_orders
[0m21:29:45.170999 [debug] [Thread-4 (]: Writing injected SQL for node "model.dbt_learn_osas.customer_orders"
[0m21:29:45.175947 [debug] [Thread-4 (]: Began executing node model.dbt_learn_osas.customer_orders
[0m21:29:45.300109 [debug] [Thread-4 (]: Writing runtime sql for node "model.dbt_learn_osas.customer_orders"
[0m21:29:45.305111 [debug] [Thread-4 (]: On model.dbt_learn_osas.customer_orders: /* {"app": "dbt", "dbt_version": "1.11.2", "profile_name": "dbt_learn_osas", "target_name": "dev", "node_id": "model.dbt_learn_osas.customer_orders"} */


  create or replace view `my-dbt-project-486616`.`dbt_dataset`.`customer_orders`
  OPTIONS()
  as 

with customers as (
 
    select * from `my-dbt-project-486616`.`dbt_dataset`.`stg_customers` -- to reference the stg_customers model
 
),
 
orders as (
 
    select * from `my-dbt-project-486616`.`dbt_dataset`.`stg_orders`
 
),
 
customer_orders as (
 
    select
        customer_id,
 
        min(order_date) as first_order_date,
        max(order_date) as most_recent_order_date,
        count(order_id) as number_of_orders
 
    from orders
 
    group by 1
 
),
 
final as (
 
    select
        customers.customer_id,
        customers.first_name,
        customers.last_name,
        customer_orders.first_order_date,
        customer_orders.most_recent_order_date,
        coalesce(customer_orders.number_of_orders, 0) as number_of_orders
 
    from customers
 
    left join customer_orders using (customer_id)
 
)
 
select * from final --for first run, use dbt run --select +customer_orders (to run d downstream models first);


[0m21:29:45.307114 [debug] [Thread-4 (]: Opening a new connection, currently in state init
[0m21:29:51.653432 [debug] [Thread-4 (]: BigQuery adapter: https://console.cloud.google.com/bigquery?project=my-dbt-project-486616&j=bq:EU:6c2ffa5c-9b75-4b42-84fc-3807d7c411f9&page=queryresults
[0m21:29:52.271229 [debug] [Thread-4 (]: SQL status: OK in 0.615 seconds
[0m21:29:52.296233 [debug] [Thread-4 (]: Sending event: {'category': 'dbt', 'action': 'run_model', 'label': 'dc66bd13-4651-4837-8dd5-09dbbf588c02', 'context': [<snowplow_tracker.self_describing_json.SelfDescribingJson object at 0x0000022FC0E52750>]}
[0m21:29:52.302529 [info ] [Thread-4 (]: 3 of 3 OK created sql view model dbt_dataset.customer_orders ................... [[32mCREATE VIEW (0 processed)[0m in 7.17s]
[0m21:29:52.306352 [debug] [Thread-4 (]: Finished running node model.dbt_learn_osas.customer_orders
[0m21:29:52.315290 [debug] [MainThread]: Opening a new connection, currently in state closed
[0m21:29:52.623209 [debug] [MainThread]: Connection 'master' was properly closed.
[0m21:29:52.625744 [debug] [MainThread]: Connection 'list_my-dbt-project-486616' was properly closed.
[0m21:29:52.628204 [debug] [MainThread]: Connection 'list_my-dbt-project-486616_dbt_dataset' was properly closed.
[0m21:29:52.637217 [debug] [MainThread]: Connection 'model.dbt_learn_osas.stg_customers' was properly closed.
[0m21:29:52.641798 [debug] [MainThread]: Connection 'model.dbt_learn_osas.stg_orders' was properly closed.
[0m21:29:52.643499 [debug] [MainThread]: Connection 'model.dbt_learn_osas.customer_orders' was properly closed.
[0m21:29:52.645498 [info ] [MainThread]: 
[0m21:29:52.654654 [info ] [MainThread]: Finished running 2 table models, 1 view model in 0 hours 0 minutes and 44.92 seconds (44.92s).
[0m21:29:52.668201 [debug] [MainThread]: Command end result
[0m21:29:53.117230 [debug] [MainThread]: Wrote artifact WritableManifest to C:\Users\HP\data_engineering_mastery\dbt_process\dbt_learn_osas\target\manifest.json
[0m21:29:53.134026 [debug] [MainThread]: Wrote artifact SemanticManifest to C:\Users\HP\data_engineering_mastery\dbt_process\dbt_learn_osas\target\semantic_manifest.json
[0m21:29:53.170277 [debug] [MainThread]: Wrote artifact RunExecutionResult to C:\Users\HP\data_engineering_mastery\dbt_process\dbt_learn_osas\target\run_results.json
[0m21:29:53.171294 [info ] [MainThread]: 
[0m21:29:53.179291 [info ] [MainThread]: [32mCompleted successfully[0m
[0m21:29:53.226085 [info ] [MainThread]: 
[0m21:29:53.263024 [info ] [MainThread]: Done. PASS=3 WARN=0 ERROR=0 SKIP=0 NO-OP=0 TOTAL=3
[0m21:29:53.327254 [debug] [MainThread]: Command `dbt run` succeeded at 21:29:53.327254 after 160.40 seconds
[0m21:29:53.336333 [debug] [MainThread]: Sending event: {'category': 'dbt', 'action': 'invocation', 'label': 'end', 'context': [<snowplow_tracker.self_describing_json.SelfDescribingJson object at 0x0000022FA908BC20>, <snowplow_tracker.self_describing_json.SelfDescribingJson object at 0x0000022FC0520B30>, <snowplow_tracker.self_describing_json.SelfDescribingJson object at 0x0000022FC0138DA0>]}
[0m21:29:53.341215 [debug] [MainThread]: Flushing usage events
[0m21:29:57.632553 [debug] [MainThread]: An error was encountered while trying to flush usage events
[0m21:32:40.974167 [debug] [MainThread]: Sending event: {'category': 'dbt', 'action': 'invocation', 'label': 'start', 'context': [<snowplow_tracker.self_describing_json.SelfDescribingJson object at 0x0000025952BA48C0>, <snowplow_tracker.self_describing_json.SelfDescribingJson object at 0x0000025955E85640>, <snowplow_tracker.self_describing_json.SelfDescribingJson object at 0x00000259532BD820>]}


============================== 21:32:40.996224 | 242dd6ac-5c2f-447e-9a03-278bfe63e493 ==============================
[0m21:32:40.996224 [info ] [MainThread]: Running with dbt=1.11.2
[0m21:32:41.002224 [debug] [MainThread]: running dbt with arguments {'static_parser': 'True', 'no_print': 'None', 'version_check': 'True', 'target_path': 'None', 'warn_error_options': 'WarnErrorOptionsV2(error=[], warn=[], silence=[])', 'printer_width': '80', 'write_json': 'True', 'empty': 'None', 'log_cache_events': 'False', 'introspect': 'True', 'cache_selected_only': 'False', 'fail_fast': 'False', 'debug': 'False', 'log_format': 'default', 'partial_parse': 'True', 'send_anonymous_usage_stats': 'True', 'quiet': 'False', 'warn_error': 'None', 'profiles_dir': 'C:\\Users\\HP\\.dbt', 'use_colors': 'True', 'indirect_selection': 'eager', 'invocation_command': 'dbt test', 'use_experimental_parser': 'False', 'log_path': 'C:\\Users\\HP\\data_engineering_mastery\\dbt_process\\dbt_learn_osas\\logs'}
[0m21:34:19.341951 [debug] [MainThread]: Sending event: {'category': 'dbt', 'action': 'project_id', 'label': '242dd6ac-5c2f-447e-9a03-278bfe63e493', 'context': [<snowplow_tracker.self_describing_json.SelfDescribingJson object at 0x000002596A7BCCB0>]}
[0m21:34:20.212834 [debug] [MainThread]: Sending event: {'category': 'dbt', 'action': 'adapter_info', 'label': '242dd6ac-5c2f-447e-9a03-278bfe63e493', 'context': [<snowplow_tracker.self_describing_json.SelfDescribingJson object at 0x000002595618B530>]}
[0m21:34:20.220802 [info ] [MainThread]: Registered adapter: bigquery=1.11.0
[0m21:34:25.371838 [debug] [MainThread]: checksum: 3d40d8bbe1bef07db1c24822f2dbfff8bc07f2a48ed4fe2658a40653aec0b54b, vars: {}, profile: , target: , version: 1.11.2
[0m21:34:26.354124 [debug] [MainThread]: Partial parsing enabled: 0 files deleted, 0 files added, 0 files changed.
[0m21:34:26.357117 [debug] [MainThread]: Nothing changed, skipping partial parsing.
[0m21:34:26.360127 [debug] [MainThread]: Partial parsing enabled, no changes found, skipping parsing
[0m21:34:26.664017 [debug] [MainThread]: Sending event: {'category': 'dbt', 'action': 'load_project', 'label': '242dd6ac-5c2f-447e-9a03-278bfe63e493', 'context': [<snowplow_tracker.self_describing_json.SelfDescribingJson object at 0x0000025956188EF0>]}
[0m21:34:27.403012 [debug] [MainThread]: Wrote artifact WritableManifest to C:\Users\HP\data_engineering_mastery\dbt_process\dbt_learn_osas\target\manifest.json
[0m21:34:27.419983 [debug] [MainThread]: Wrote artifact SemanticManifest to C:\Users\HP\data_engineering_mastery\dbt_process\dbt_learn_osas\target\semantic_manifest.json
[0m21:34:27.680502 [debug] [MainThread]: Sending event: {'category': 'dbt', 'action': 'resource_counts', 'label': '242dd6ac-5c2f-447e-9a03-278bfe63e493', 'context': [<snowplow_tracker.self_describing_json.SelfDescribingJson object at 0x000002596D8B0E30>]}
[0m21:34:27.683503 [info ] [MainThread]: Found 1 seed, 3 models, 7 data tests, 2 sources, 538 macros
[0m21:34:27.688505 [debug] [MainThread]: Sending event: {'category': 'dbt', 'action': 'runnable_timing', 'label': '242dd6ac-5c2f-447e-9a03-278bfe63e493', 'context': [<snowplow_tracker.self_describing_json.SelfDescribingJson object at 0x000002596D2A9CD0>]}
[0m21:34:27.701673 [info ] [MainThread]: 
[0m21:34:27.706575 [info ] [MainThread]: Concurrency: 4 threads (target='dev')
[0m21:34:27.710574 [info ] [MainThread]: 
[0m21:34:27.737893 [debug] [MainThread]: Acquiring new bigquery connection 'master'
[0m21:34:27.863748 [debug] [ThreadPool]: Acquiring new bigquery connection 'list_my-dbt-project-486616_dbt_dataset'
[0m21:34:27.875809 [debug] [ThreadPool]: Opening a new connection, currently in state init
[0m21:34:39.120504 [debug] [MainThread]: Sending event: {'category': 'dbt', 'action': 'runnable_timing', 'label': '242dd6ac-5c2f-447e-9a03-278bfe63e493', 'context': [<snowplow_tracker.self_describing_json.SelfDescribingJson object at 0x000002596D2A9280>]}
[0m21:34:39.123618 [debug] [MainThread]: Opening a new connection, currently in state init
[0m21:34:39.318738 [debug] [Thread-1 (]: Began running node test.dbt_learn_osas.accepted_values_stg_orders_status__placed__shipped__completed__return_pending__returned.080fb20aad
[0m21:34:39.321035 [debug] [Thread-2 (]: Began running node test.dbt_learn_osas.not_null_stg_customers_customer_id.e2cfb1f9aa
[0m21:34:39.323034 [debug] [Thread-3 (]: Began running node test.dbt_learn_osas.not_null_stg_orders_customer_id.af79d5e4b5
[0m21:34:39.328342 [debug] [Thread-4 (]: Began running node test.dbt_learn_osas.not_null_stg_orders_order_id.81cfe2fe64
[0m21:34:39.325099 [info ] [Thread-1 (]: 1 of 7 START test accepted_values_stg_orders_status__placed__shipped__completed__return_pending__returned  [RUN]
[0m21:34:39.341841 [debug] [Thread-1 (]: Acquiring new bigquery connection 'test.dbt_learn_osas.accepted_values_stg_orders_status__placed__shipped__completed__return_pending__returned.080fb20aad'
[0m21:34:39.345850 [debug] [Thread-1 (]: Began compiling node test.dbt_learn_osas.accepted_values_stg_orders_status__placed__shipped__completed__return_pending__returned.080fb20aad
[0m21:34:39.332782 [info ] [Thread-2 (]: 2 of 7 START test not_null_stg_customers_customer_id ........................... [RUN]
[0m21:34:39.493088 [debug] [Thread-2 (]: Acquiring new bigquery connection 'test.dbt_learn_osas.not_null_stg_customers_customer_id.e2cfb1f9aa'
[0m21:34:39.536113 [debug] [Thread-2 (]: Began compiling node test.dbt_learn_osas.not_null_stg_customers_customer_id.e2cfb1f9aa
[0m21:34:39.335284 [info ] [Thread-3 (]: 3 of 7 START test not_null_stg_orders_customer_id .............................. [RUN]
[0m21:34:39.611934 [debug] [Thread-3 (]: Acquiring new bigquery connection 'test.dbt_learn_osas.not_null_stg_orders_customer_id.af79d5e4b5'
[0m21:34:39.615160 [debug] [Thread-3 (]: Began compiling node test.dbt_learn_osas.not_null_stg_orders_customer_id.af79d5e4b5
[0m21:34:39.338843 [info ] [Thread-4 (]: 4 of 7 START test not_null_stg_orders_order_id ................................. [RUN]
[0m21:34:39.685022 [debug] [Thread-2 (]: Writing injected SQL for node "test.dbt_learn_osas.not_null_stg_customers_customer_id.e2cfb1f9aa"
[0m21:34:39.692637 [debug] [Thread-1 (]: Writing injected SQL for node "test.dbt_learn_osas.accepted_values_stg_orders_status__placed__shipped__completed__return_pending__returned.080fb20aad"
[0m21:34:39.715774 [debug] [Thread-3 (]: Writing injected SQL for node "test.dbt_learn_osas.not_null_stg_orders_customer_id.af79d5e4b5"
[0m21:34:39.718022 [debug] [Thread-4 (]: Acquiring new bigquery connection 'test.dbt_learn_osas.not_null_stg_orders_order_id.81cfe2fe64'
[0m21:34:39.724040 [debug] [Thread-4 (]: Began compiling node test.dbt_learn_osas.not_null_stg_orders_order_id.81cfe2fe64
[0m21:34:39.726132 [debug] [Thread-2 (]: Began executing node test.dbt_learn_osas.not_null_stg_customers_customer_id.e2cfb1f9aa
[0m21:34:39.735332 [debug] [Thread-1 (]: Began executing node test.dbt_learn_osas.accepted_values_stg_orders_status__placed__shipped__completed__return_pending__returned.080fb20aad
[0m21:34:39.743099 [debug] [Thread-3 (]: Began executing node test.dbt_learn_osas.not_null_stg_orders_customer_id.af79d5e4b5
[0m21:34:39.748786 [debug] [Thread-4 (]: Writing injected SQL for node "test.dbt_learn_osas.not_null_stg_orders_order_id.81cfe2fe64"
[0m21:34:39.930543 [debug] [Thread-1 (]: Writing runtime sql for node "test.dbt_learn_osas.accepted_values_stg_orders_status__placed__shipped__completed__return_pending__returned.080fb20aad"
[0m21:34:39.924546 [debug] [Thread-2 (]: Writing runtime sql for node "test.dbt_learn_osas.not_null_stg_customers_customer_id.e2cfb1f9aa"
[0m21:34:39.942245 [debug] [Thread-4 (]: Began executing node test.dbt_learn_osas.not_null_stg_orders_order_id.81cfe2fe64
[0m21:34:39.945163 [debug] [Thread-3 (]: Writing runtime sql for node "test.dbt_learn_osas.not_null_stg_orders_customer_id.af79d5e4b5"
[0m21:34:39.949160 [debug] [Thread-1 (]: On test.dbt_learn_osas.accepted_values_stg_orders_status__placed__shipped__completed__return_pending__returned.080fb20aad: /* {"app": "dbt", "dbt_version": "1.11.2", "profile_name": "dbt_learn_osas", "target_name": "dev", "node_id": "test.dbt_learn_osas.accepted_values_stg_orders_status__placed__shipped__completed__return_pending__returned.080fb20aad"} */

    select
      count(*) as failures,
      count(*) != 0 as should_warn,
      count(*) != 0 as should_error
    from (
      
    
  
    
    

with all_values as (

    select
        status as value_field,
        count(*) as n_records

    from `my-dbt-project-486616`.`dbt_dataset`.`stg_orders`
    group by status

)

select *
from all_values
where value_field not in (
    'placed','shipped','completed','return_pending','returned'
)



  
  
      
    ) dbt_internal_test
[0m21:34:39.961472 [debug] [Thread-4 (]: Writing runtime sql for node "test.dbt_learn_osas.not_null_stg_orders_order_id.81cfe2fe64"
[0m21:34:39.964481 [debug] [Thread-2 (]: On test.dbt_learn_osas.not_null_stg_customers_customer_id.e2cfb1f9aa: /* {"app": "dbt", "dbt_version": "1.11.2", "profile_name": "dbt_learn_osas", "target_name": "dev", "node_id": "test.dbt_learn_osas.not_null_stg_customers_customer_id.e2cfb1f9aa"} */

    select
      count(*) as failures,
      count(*) != 0 as should_warn,
      count(*) != 0 as should_error
    from (
      
    
  
    
    



select customer_id
from `my-dbt-project-486616`.`dbt_dataset`.`stg_customers`
where customer_id is null



  
  
      
    ) dbt_internal_test
[0m21:34:39.967479 [debug] [Thread-1 (]: Opening a new connection, currently in state init
[0m21:34:39.970573 [debug] [Thread-2 (]: Opening a new connection, currently in state init
[0m21:34:39.972575 [debug] [Thread-3 (]: On test.dbt_learn_osas.not_null_stg_orders_customer_id.af79d5e4b5: /* {"app": "dbt", "dbt_version": "1.11.2", "profile_name": "dbt_learn_osas", "target_name": "dev", "node_id": "test.dbt_learn_osas.not_null_stg_orders_customer_id.af79d5e4b5"} */

    select
      count(*) as failures,
      count(*) != 0 as should_warn,
      count(*) != 0 as should_error
    from (
      
    
  
    
    



select customer_id
from `my-dbt-project-486616`.`dbt_dataset`.`stg_orders`
where customer_id is null



  
  
      
    ) dbt_internal_test
[0m21:34:40.232563 [debug] [Thread-4 (]: On test.dbt_learn_osas.not_null_stg_orders_order_id.81cfe2fe64: /* {"app": "dbt", "dbt_version": "1.11.2", "profile_name": "dbt_learn_osas", "target_name": "dev", "node_id": "test.dbt_learn_osas.not_null_stg_orders_order_id.81cfe2fe64"} */

    select
      count(*) as failures,
      count(*) != 0 as should_warn,
      count(*) != 0 as should_error
    from (
      
    
  
    
    



select order_id
from `my-dbt-project-486616`.`dbt_dataset`.`stg_orders`
where order_id is null



  
  
      
    ) dbt_internal_test
[0m21:34:40.263879 [debug] [Thread-3 (]: Opening a new connection, currently in state init
[0m21:34:40.274030 [debug] [Thread-4 (]: Opening a new connection, currently in state init
[0m21:34:48.659451 [debug] [Thread-1 (]: BigQuery adapter: https://console.cloud.google.com/bigquery?project=my-dbt-project-486616&j=bq:EU:54fca0b3-fd2c-4bf0-8ea0-966e65d34319&page=queryresults
[0m21:34:48.715974 [debug] [Thread-3 (]: BigQuery adapter: https://console.cloud.google.com/bigquery?project=my-dbt-project-486616&j=bq:EU:c6ee208e-2e10-4c82-80f5-34fbb9db3196&page=queryresults
[0m21:34:49.442884 [debug] [Thread-1 (]: SQL status: OK in 0.780 seconds
[0m21:34:49.446880 [debug] [Thread-3 (]: SQL status: OK in 0.728 seconds
[0m21:34:49.663584 [debug] [Thread-4 (]: BigQuery adapter: https://console.cloud.google.com/bigquery?project=my-dbt-project-486616&j=bq:EU:b30bc0f3-af66-41c7-963d-34887dc21de8&page=queryresults
[0m21:34:50.263130 [debug] [Thread-4 (]: SQL status: OK in 0.598 seconds
[0m21:34:51.462936 [info ] [Thread-3 (]: 3 of 7 PASS not_null_stg_orders_customer_id .................................... [[32mPASS[0m in 11.85s]
[0m21:34:51.484397 [debug] [Thread-3 (]: Finished running node test.dbt_learn_osas.not_null_stg_orders_customer_id.af79d5e4b5
[0m21:34:51.487401 [debug] [Thread-3 (]: Began running node test.dbt_learn_osas.relationships_stg_orders_customer_id__customer_id__ref_stg_customers_.430bf21500
[0m21:34:51.480777 [info ] [Thread-1 (]: 1 of 7 PASS accepted_values_stg_orders_status__placed__shipped__completed__return_pending__returned  [[32mPASS[0m in 12.14s]
[0m21:34:51.495913 [debug] [Thread-1 (]: Finished running node test.dbt_learn_osas.accepted_values_stg_orders_status__placed__shipped__completed__return_pending__returned.080fb20aad
[0m21:34:51.498754 [debug] [Thread-1 (]: Began running node test.dbt_learn_osas.unique_stg_customers_customer_id.c7614daada
[0m21:34:51.475245 [info ] [Thread-4 (]: 4 of 7 PASS not_null_stg_orders_order_id ....................................... [[32mPASS[0m in 11.76s]
[0m21:34:51.534742 [debug] [Thread-4 (]: Finished running node test.dbt_learn_osas.not_null_stg_orders_order_id.81cfe2fe64
[0m21:34:51.536755 [debug] [Thread-4 (]: Began running node test.dbt_learn_osas.unique_stg_orders_order_id.e3b841c71a
[0m21:34:51.491951 [info ] [Thread-3 (]: 5 of 7 START test relationships_stg_orders_customer_id__customer_id__ref_stg_customers_  [RUN]
[0m21:34:51.547135 [debug] [Thread-3 (]: Re-using an available connection from the pool (formerly test.dbt_learn_osas.not_null_stg_orders_customer_id.af79d5e4b5, now test.dbt_learn_osas.relationships_stg_orders_customer_id__customer_id__ref_stg_customers_.430bf21500)
[0m21:34:51.555262 [debug] [Thread-3 (]: Began compiling node test.dbt_learn_osas.relationships_stg_orders_customer_id__customer_id__ref_stg_customers_.430bf21500
[0m21:34:51.504075 [info ] [Thread-1 (]: 6 of 7 START test unique_stg_customers_customer_id ............................. [RUN]
[0m21:34:51.577063 [debug] [Thread-1 (]: Re-using an available connection from the pool (formerly test.dbt_learn_osas.accepted_values_stg_orders_status__placed__shipped__completed__return_pending__returned.080fb20aad, now test.dbt_learn_osas.unique_stg_customers_customer_id.c7614daada)
[0m21:34:51.637918 [debug] [Thread-1 (]: Began compiling node test.dbt_learn_osas.unique_stg_customers_customer_id.c7614daada
[0m21:34:51.540116 [info ] [Thread-4 (]: 7 of 7 START test unique_stg_orders_order_id ................................... [RUN]
[0m21:34:51.678075 [debug] [Thread-3 (]: Writing injected SQL for node "test.dbt_learn_osas.relationships_stg_orders_customer_id__customer_id__ref_stg_customers_.430bf21500"
[0m21:34:51.693481 [debug] [Thread-1 (]: Writing injected SQL for node "test.dbt_learn_osas.unique_stg_customers_customer_id.c7614daada"
[0m21:34:51.696197 [debug] [Thread-4 (]: Re-using an available connection from the pool (formerly test.dbt_learn_osas.not_null_stg_orders_order_id.81cfe2fe64, now test.dbt_learn_osas.unique_stg_orders_order_id.e3b841c71a)
[0m21:34:51.701421 [debug] [Thread-4 (]: Began compiling node test.dbt_learn_osas.unique_stg_orders_order_id.e3b841c71a
[0m21:34:51.709192 [debug] [Thread-3 (]: Began executing node test.dbt_learn_osas.relationships_stg_orders_customer_id__customer_id__ref_stg_customers_.430bf21500
[0m21:34:51.723382 [debug] [Thread-1 (]: Began executing node test.dbt_learn_osas.unique_stg_customers_customer_id.c7614daada
[0m21:34:51.726194 [debug] [Thread-4 (]: Writing injected SQL for node "test.dbt_learn_osas.unique_stg_orders_order_id.e3b841c71a"
[0m21:34:51.764626 [debug] [Thread-1 (]: Writing runtime sql for node "test.dbt_learn_osas.unique_stg_customers_customer_id.c7614daada"
[0m21:34:51.758761 [debug] [Thread-3 (]: Writing runtime sql for node "test.dbt_learn_osas.relationships_stg_orders_customer_id__customer_id__ref_stg_customers_.430bf21500"
[0m21:34:51.770622 [debug] [Thread-4 (]: Began executing node test.dbt_learn_osas.unique_stg_orders_order_id.e3b841c71a
[0m21:34:51.784872 [debug] [Thread-4 (]: Writing runtime sql for node "test.dbt_learn_osas.unique_stg_orders_order_id.e3b841c71a"
[0m21:34:51.787873 [debug] [Thread-3 (]: On test.dbt_learn_osas.relationships_stg_orders_customer_id__customer_id__ref_stg_customers_.430bf21500: /* {"app": "dbt", "dbt_version": "1.11.2", "profile_name": "dbt_learn_osas", "target_name": "dev", "node_id": "test.dbt_learn_osas.relationships_stg_orders_customer_id__customer_id__ref_stg_customers_.430bf21500"} */

    select
      count(*) as failures,
      count(*) != 0 as should_warn,
      count(*) != 0 as should_error
    from (
      
    
  
    
    

with child as (
    select customer_id as from_field
    from `my-dbt-project-486616`.`dbt_dataset`.`stg_orders`
    where customer_id is not null
),

parent as (
    select customer_id as to_field
    from `my-dbt-project-486616`.`dbt_dataset`.`stg_customers`
)

select
    from_field

from child
left join parent
    on child.from_field = parent.to_field

where parent.to_field is null



  
  
      
    ) dbt_internal_test
[0m21:34:51.791868 [debug] [Thread-1 (]: On test.dbt_learn_osas.unique_stg_customers_customer_id.c7614daada: /* {"app": "dbt", "dbt_version": "1.11.2", "profile_name": "dbt_learn_osas", "target_name": "dev", "node_id": "test.dbt_learn_osas.unique_stg_customers_customer_id.c7614daada"} */

    select
      count(*) as failures,
      count(*) != 0 as should_warn,
      count(*) != 0 as should_error
    from (
      
    
  
    
    

with dbt_test__target as (

  select customer_id as unique_field
  from `my-dbt-project-486616`.`dbt_dataset`.`stg_customers`
  where customer_id is not null

)

select
    unique_field,
    count(*) as n_records

from dbt_test__target
group by unique_field
having count(*) > 1



  
  
      
    ) dbt_internal_test
[0m21:34:51.793875 [debug] [Thread-3 (]: Opening a new connection, currently in state closed
[0m21:34:51.796219 [debug] [Thread-1 (]: Opening a new connection, currently in state closed
[0m21:34:51.797491 [debug] [Thread-4 (]: On test.dbt_learn_osas.unique_stg_orders_order_id.e3b841c71a: /* {"app": "dbt", "dbt_version": "1.11.2", "profile_name": "dbt_learn_osas", "target_name": "dev", "node_id": "test.dbt_learn_osas.unique_stg_orders_order_id.e3b841c71a"} */

    select
      count(*) as failures,
      count(*) != 0 as should_warn,
      count(*) != 0 as should_error
    from (
      
    
  
    
    

with dbt_test__target as (

  select order_id as unique_field
  from `my-dbt-project-486616`.`dbt_dataset`.`stg_orders`
  where order_id is not null

)

select
    unique_field,
    count(*) as n_records

from dbt_test__target
group by unique_field
having count(*) > 1



  
  
      
    ) dbt_internal_test
[0m21:34:51.949910 [debug] [Thread-4 (]: Opening a new connection, currently in state closed
[0m21:34:54.789740 [debug] [Thread-2 (]: BigQuery adapter: https://console.cloud.google.com/bigquery?project=my-dbt-project-486616&j=bq:EU:2ee5b1d0-5203-4b60-9789-1bfea398febb&page=queryresults
[0m21:34:55.085888 [debug] [Thread-2 (]: SQL status: OK in 0.293 seconds
[0m21:34:55.690538 [info ] [Thread-2 (]: 2 of 7 PASS not_null_stg_customers_customer_id ................................. [[32mPASS[0m in 16.20s]
[0m21:34:55.697541 [debug] [Thread-2 (]: Finished running node test.dbt_learn_osas.not_null_stg_customers_customer_id.e2cfb1f9aa
[0m21:34:59.265057 [debug] [Thread-3 (]: BigQuery adapter: https://console.cloud.google.com/bigquery?project=my-dbt-project-486616&j=bq:EU:31006656-a192-4f44-9f7c-526ce25ae930&page=queryresults
[0m21:34:59.279753 [debug] [Thread-4 (]: BigQuery adapter: https://console.cloud.google.com/bigquery?project=my-dbt-project-486616&j=bq:EU:1c670105-8844-45c5-91b2-78cc0f6483da&page=queryresults
[0m21:34:59.621518 [debug] [Thread-4 (]: SQL status: OK in 0.339 seconds
[0m21:34:59.623404 [debug] [Thread-3 (]: SQL status: OK in 0.356 seconds
[0m21:35:00.374885 [info ] [Thread-4 (]: 7 of 7 PASS unique_stg_orders_order_id ......................................... [[32mPASS[0m in 8.67s]
[0m21:35:00.384837 [debug] [Thread-4 (]: Finished running node test.dbt_learn_osas.unique_stg_orders_order_id.e3b841c71a
[0m21:35:00.380884 [info ] [Thread-3 (]: 5 of 7 PASS relationships_stg_orders_customer_id__customer_id__ref_stg_customers_  [[32mPASS[0m in 8.84s]
[0m21:35:00.393205 [debug] [Thread-3 (]: Finished running node test.dbt_learn_osas.relationships_stg_orders_customer_id__customer_id__ref_stg_customers_.430bf21500
[0m21:35:02.897544 [debug] [Thread-1 (]: BigQuery adapter: https://console.cloud.google.com/bigquery?project=my-dbt-project-486616&j=bq:EU:91e63fc6-98b3-4fab-9f1c-ec26abee2fe8&page=queryresults
[0m21:35:03.187987 [debug] [Thread-1 (]: SQL status: OK in 0.286 seconds
[0m21:35:04.013196 [info ] [Thread-1 (]: 6 of 7 PASS unique_stg_customers_customer_id ................................... [[32mPASS[0m in 12.44s]
[0m21:35:04.028936 [debug] [Thread-1 (]: Finished running node test.dbt_learn_osas.unique_stg_customers_customer_id.c7614daada
[0m21:35:04.137131 [debug] [MainThread]: Opening a new connection, currently in state closed
[0m21:35:05.299956 [debug] [MainThread]: Connection 'master' was properly closed.
[0m21:35:05.302982 [debug] [MainThread]: Connection 'list_my-dbt-project-486616_dbt_dataset' was properly closed.
[0m21:35:05.308120 [debug] [MainThread]: Connection 'test.dbt_learn_osas.unique_stg_customers_customer_id.c7614daada' was properly closed.
[0m21:35:05.311084 [debug] [MainThread]: Connection 'test.dbt_learn_osas.not_null_stg_customers_customer_id.e2cfb1f9aa' was properly closed.
[0m21:35:05.315081 [debug] [MainThread]: Connection 'test.dbt_learn_osas.relationships_stg_orders_customer_id__customer_id__ref_stg_customers_.430bf21500' was properly closed.
[0m21:35:05.319126 [debug] [MainThread]: Connection 'test.dbt_learn_osas.unique_stg_orders_order_id.e3b841c71a' was properly closed.
[0m21:35:05.396051 [info ] [MainThread]: 
[0m21:35:05.638720 [info ] [MainThread]: Finished running 7 data tests in 0 hours 0 minutes and 37.66 seconds (37.66s).
[0m21:35:05.928921 [debug] [MainThread]: Command end result
[0m21:35:06.924912 [debug] [MainThread]: Wrote artifact WritableManifest to C:\Users\HP\data_engineering_mastery\dbt_process\dbt_learn_osas\target\manifest.json
[0m21:35:06.950096 [debug] [MainThread]: Wrote artifact SemanticManifest to C:\Users\HP\data_engineering_mastery\dbt_process\dbt_learn_osas\target\semantic_manifest.json
[0m21:35:07.133040 [debug] [MainThread]: Wrote artifact RunExecutionResult to C:\Users\HP\data_engineering_mastery\dbt_process\dbt_learn_osas\target\run_results.json
[0m21:35:07.137815 [info ] [MainThread]: 
[0m21:35:07.238253 [info ] [MainThread]: [32mCompleted successfully[0m
[0m21:35:07.312129 [info ] [MainThread]: 
[0m21:35:07.410206 [info ] [MainThread]: Done. PASS=7 WARN=0 ERROR=0 SKIP=0 NO-OP=0 TOTAL=7
[0m21:35:07.636457 [debug] [MainThread]: Command `dbt test` succeeded at 21:35:07.636457 after 147.17 seconds
[0m21:35:07.639401 [debug] [MainThread]: Sending event: {'category': 'dbt', 'action': 'invocation', 'label': 'end', 'context': [<snowplow_tracker.self_describing_json.SelfDescribingJson object at 0x00000259522B12E0>, <snowplow_tracker.self_describing_json.SelfDescribingJson object at 0x000002596D2AA2A0>, <snowplow_tracker.self_describing_json.SelfDescribingJson object at 0x000002596D79A120>]}
[0m21:35:07.643398 [debug] [MainThread]: Flushing usage events
[0m21:35:16.451963 [debug] [MainThread]: An error was encountered while trying to flush usage events
[0m21:42:30.755135 [debug] [MainThread]: Sending event: {'category': 'dbt', 'action': 'invocation', 'label': 'start', 'context': [<snowplow_tracker.self_describing_json.SelfDescribingJson object at 0x00000291093C4C20>, <snowplow_tracker.self_describing_json.SelfDescribingJson object at 0x000002910BA963C0>, <snowplow_tracker.self_describing_json.SelfDescribingJson object at 0x000002910BA96930>]}


============================== 21:42:30.784192 | 68f1b57d-9fee-4a76-a38d-4101459a68da ==============================
[0m21:42:30.784192 [info ] [MainThread]: Running with dbt=1.11.2
[0m21:42:30.788117 [debug] [MainThread]: running dbt with arguments {'static_parser': 'True', 'no_print': 'None', 'version_check': 'True', 'warn_error_options': 'WarnErrorOptionsV2(error=[], warn=[], silence=[])', 'target_path': 'None', 'printer_width': '80', 'write_json': 'True', 'empty': 'False', 'log_cache_events': 'False', 'introspect': 'True', 'cache_selected_only': 'False', 'log_format': 'default', 'debug': 'False', 'fail_fast': 'False', 'partial_parse': 'True', 'send_anonymous_usage_stats': 'True', 'quiet': 'False', 'warn_error': 'None', 'profiles_dir': 'C:\\Users\\HP\\.dbt', 'indirect_selection': 'eager', 'invocation_command': 'dbt run --full-refresh', 'use_colors': 'True', 'use_experimental_parser': 'False', 'log_path': 'C:\\Users\\HP\\data_engineering_mastery\\dbt_process\\dbt_learn_osas\\logs'}
[0m21:44:33.618359 [debug] [MainThread]: Sending event: {'category': 'dbt', 'action': 'project_id', 'label': '68f1b57d-9fee-4a76-a38d-4101459a68da', 'context': [<snowplow_tracker.self_describing_json.SelfDescribingJson object at 0x000002910BA1B5C0>]}
[0m21:44:34.662409 [debug] [MainThread]: Sending event: {'category': 'dbt', 'action': 'adapter_info', 'label': '68f1b57d-9fee-4a76-a38d-4101459a68da', 'context': [<snowplow_tracker.self_describing_json.SelfDescribingJson object at 0x0000029123603770>]}
[0m21:44:34.666408 [info ] [MainThread]: Registered adapter: bigquery=1.11.0
[0m21:44:46.753133 [debug] [MainThread]: checksum: 3d40d8bbe1bef07db1c24822f2dbfff8bc07f2a48ed4fe2658a40653aec0b54b, vars: {}, profile: , target: , version: 1.11.2
[0m21:44:49.379958 [debug] [MainThread]: Partial parsing enabled: 0 files deleted, 0 files added, 0 files changed.
[0m21:44:49.384957 [debug] [MainThread]: Nothing changed, skipping partial parsing.
[0m21:44:49.387961 [debug] [MainThread]: Partial parsing enabled, no changes found, skipping parsing
[0m21:44:50.277463 [debug] [MainThread]: Sending event: {'category': 'dbt', 'action': 'load_project', 'label': '68f1b57d-9fee-4a76-a38d-4101459a68da', 'context': [<snowplow_tracker.self_describing_json.SelfDescribingJson object at 0x000002910C91FE60>]}
[0m21:44:50.951231 [debug] [MainThread]: Wrote artifact WritableManifest to C:\Users\HP\data_engineering_mastery\dbt_process\dbt_learn_osas\target\manifest.json
[0m21:44:50.989303 [debug] [MainThread]: Wrote artifact SemanticManifest to C:\Users\HP\data_engineering_mastery\dbt_process\dbt_learn_osas\target\semantic_manifest.json
[0m21:44:51.360660 [debug] [MainThread]: Sending event: {'category': 'dbt', 'action': 'resource_counts', 'label': '68f1b57d-9fee-4a76-a38d-4101459a68da', 'context': [<snowplow_tracker.self_describing_json.SelfDescribingJson object at 0x0000029123FD9D60>]}
[0m21:44:51.363746 [info ] [MainThread]: Found 1 seed, 3 models, 7 data tests, 2 sources, 538 macros
[0m21:44:51.377752 [debug] [MainThread]: Sending event: {'category': 'dbt', 'action': 'runnable_timing', 'label': '68f1b57d-9fee-4a76-a38d-4101459a68da', 'context': [<snowplow_tracker.self_describing_json.SelfDescribingJson object at 0x000002910C9A33E0>]}
[0m21:44:51.389706 [info ] [MainThread]: 
[0m21:44:51.451685 [info ] [MainThread]: Concurrency: 4 threads (target='dev')
[0m21:44:51.481217 [info ] [MainThread]: 
[0m21:44:51.564905 [debug] [MainThread]: Acquiring new bigquery connection 'master'
[0m21:44:51.679936 [debug] [ThreadPool]: Acquiring new bigquery connection 'list_my-dbt-project-486616'
[0m21:44:51.699428 [debug] [ThreadPool]: Opening a new connection, currently in state init
[0m21:45:00.409756 [debug] [ThreadPool]: Acquiring new bigquery connection 'list_my-dbt-project-486616_dbt_dataset'
[0m21:45:00.411751 [debug] [ThreadPool]: Opening a new connection, currently in state init
[0m21:45:07.726925 [debug] [MainThread]: Sending event: {'category': 'dbt', 'action': 'runnable_timing', 'label': '68f1b57d-9fee-4a76-a38d-4101459a68da', 'context': [<snowplow_tracker.self_describing_json.SelfDescribingJson object at 0x0000029123A68DA0>]}
[0m21:45:07.729722 [debug] [MainThread]: Opening a new connection, currently in state init
[0m21:45:07.981991 [debug] [Thread-1 (]: Began running node model.dbt_learn_osas.stg_customers
[0m21:45:07.983988 [debug] [Thread-2 (]: Began running node model.dbt_learn_osas.stg_orders
[0m21:45:07.986901 [info ] [Thread-1 (]: 1 of 3 START sql table model dbt_dataset.stg_customers ......................... [RUN]
[0m21:45:08.001569 [debug] [Thread-1 (]: Acquiring new bigquery connection 'model.dbt_learn_osas.stg_customers'
[0m21:45:07.994860 [info ] [Thread-2 (]: 2 of 3 START sql table model dbt_dataset.stg_orders ............................ [RUN]
[0m21:45:08.009093 [debug] [Thread-1 (]: Began compiling node model.dbt_learn_osas.stg_customers
[0m21:45:08.015088 [debug] [Thread-2 (]: Acquiring new bigquery connection 'model.dbt_learn_osas.stg_orders'
[0m21:45:08.047069 [debug] [Thread-2 (]: Began compiling node model.dbt_learn_osas.stg_orders
[0m21:45:08.124399 [debug] [Thread-1 (]: Writing injected SQL for node "model.dbt_learn_osas.stg_customers"
[0m21:45:08.119791 [debug] [Thread-2 (]: Writing injected SQL for node "model.dbt_learn_osas.stg_orders"
[0m21:45:08.132592 [debug] [Thread-1 (]: Began executing node model.dbt_learn_osas.stg_customers
[0m21:45:08.141802 [debug] [Thread-2 (]: Began executing node model.dbt_learn_osas.stg_orders
[0m21:45:08.369682 [debug] [Thread-1 (]: Opening a new connection, currently in state init
[0m21:45:08.531338 [debug] [Thread-2 (]: Opening a new connection, currently in state init
[0m21:45:16.718288 [debug] [Thread-1 (]: Writing runtime sql for node "model.dbt_learn_osas.stg_customers"
[0m21:45:16.726288 [debug] [Thread-1 (]: On model.dbt_learn_osas.stg_customers: /* {"app": "dbt", "dbt_version": "1.11.2", "profile_name": "dbt_learn_osas", "target_name": "dev", "node_id": "model.dbt_learn_osas.stg_customers"} */

  
    

    create or replace table `my-dbt-project-486616`.`dbt_dataset`.`stg_customers`
      
    
    

    
    OPTIONS()
    as (
      select
        id as customer_id,
        first_name,
        last_name

    from `my-dbt-project-486616`.`dbt_dataset`.`customers` --my-dbt-project-486616.dbt_dataset.customers
    );
  
[0m21:45:17.085310 [debug] [Thread-2 (]: Writing runtime sql for node "model.dbt_learn_osas.stg_orders"
[0m21:45:17.091314 [debug] [Thread-2 (]: On model.dbt_learn_osas.stg_orders: /* {"app": "dbt", "dbt_version": "1.11.2", "profile_name": "dbt_learn_osas", "target_name": "dev", "node_id": "model.dbt_learn_osas.stg_orders"} */

  
    

    create or replace table `my-dbt-project-486616`.`dbt_dataset`.`stg_orders`
      
    
    

    
    OPTIONS()
    as (
      select
        id as order_id,
        user_id as customer_id,
        order_date,
        status

    from `my-dbt-project-486616`.`dbt_dataset`.`orders`--my-dbt-project-486616.dbt_dataset.orders
    );
  
[0m21:45:17.240726 [debug] [Thread-1 (]: BigQuery adapter: https://console.cloud.google.com/bigquery?project=my-dbt-project-486616&j=bq:EU:15663973-2961-4bf0-83b4-9ea4dbea0623&page=queryresults
[0m21:45:18.025228 [debug] [Thread-2 (]: BigQuery adapter: https://console.cloud.google.com/bigquery?project=my-dbt-project-486616&j=bq:EU:fa1d3694-b938-48e2-b2ac-7d1b06622b9e&page=queryresults
[0m21:45:19.052941 [debug] [Thread-1 (]: SQL status: OK in 1.809 seconds
[0m21:45:21.247662 [debug] [Thread-2 (]: SQL status: OK in 3.220 seconds
[0m21:45:21.731979 [debug] [Thread-1 (]: Sending event: {'category': 'dbt', 'action': 'run_model', 'label': '68f1b57d-9fee-4a76-a38d-4101459a68da', 'context': [<snowplow_tracker.self_describing_json.SelfDescribingJson object at 0x000002910C94A030>]}
[0m21:45:21.766651 [info ] [Thread-1 (]: 1 of 3 OK created sql table model dbt_dataset.stg_customers .................... [[32mCREATE TABLE (100.0 rows, 1.9 KiB processed)[0m in 13.71s]
[0m21:45:21.810029 [debug] [Thread-1 (]: Finished running node model.dbt_learn_osas.stg_customers
[0m21:45:22.105240 [debug] [Thread-2 (]: Sending event: {'category': 'dbt', 'action': 'run_model', 'label': '68f1b57d-9fee-4a76-a38d-4101459a68da', 'context': [<snowplow_tracker.self_describing_json.SelfDescribingJson object at 0x0000029123F8DBB0>]}
[0m21:45:22.110240 [info ] [Thread-2 (]: 2 of 3 OK created sql table model dbt_dataset.stg_orders ....................... [[32mCREATE TABLE (99.0 rows, 3.3 KiB processed)[0m in 14.09s]
[0m21:45:22.160855 [debug] [Thread-2 (]: Finished running node model.dbt_learn_osas.stg_orders
[0m21:45:22.163852 [debug] [Thread-4 (]: Began running node model.dbt_learn_osas.customer_orders
[0m21:45:22.166853 [info ] [Thread-4 (]: 3 of 3 START sql view model dbt_dataset.customer_orders ........................ [RUN]
[0m21:45:22.278985 [debug] [Thread-4 (]: Acquiring new bigquery connection 'model.dbt_learn_osas.customer_orders'
[0m21:45:22.308798 [debug] [Thread-4 (]: Began compiling node model.dbt_learn_osas.customer_orders
[0m21:45:22.325793 [debug] [Thread-4 (]: Writing injected SQL for node "model.dbt_learn_osas.customer_orders"
[0m21:45:22.330403 [debug] [Thread-4 (]: Began executing node model.dbt_learn_osas.customer_orders
[0m21:45:22.542969 [debug] [Thread-4 (]: Writing runtime sql for node "model.dbt_learn_osas.customer_orders"
[0m21:45:22.548937 [debug] [Thread-4 (]: On model.dbt_learn_osas.customer_orders: /* {"app": "dbt", "dbt_version": "1.11.2", "profile_name": "dbt_learn_osas", "target_name": "dev", "node_id": "model.dbt_learn_osas.customer_orders"} */


  create or replace view `my-dbt-project-486616`.`dbt_dataset`.`customer_orders`
  OPTIONS()
  as 

with customers as (
 
    select * from `my-dbt-project-486616`.`dbt_dataset`.`stg_customers` -- to reference the stg_customers model
 
),
 
orders as (
 
    select * from `my-dbt-project-486616`.`dbt_dataset`.`stg_orders`
 
),
 
customer_orders as (
 
    select
        customer_id,
 
        min(order_date) as first_order_date,
        max(order_date) as most_recent_order_date,
        count(order_id) as number_of_orders
 
    from orders
 
    group by 1
 
),
 
final as (
 
    select
        customers.customer_id,
        customers.first_name,
        customers.last_name,
        customer_orders.first_order_date,
        customer_orders.most_recent_order_date,
        coalesce(customer_orders.number_of_orders, 0) as number_of_orders
 
    from customers
 
    left join customer_orders using (customer_id)
 
)
 
select * from final --for first run, use dbt run --select +customer_orders (to run d downstream models first);


[0m21:45:22.552939 [debug] [Thread-4 (]: Opening a new connection, currently in state init
[0m21:45:31.839302 [debug] [Thread-4 (]: BigQuery adapter: https://console.cloud.google.com/bigquery?project=my-dbt-project-486616&j=bq:EU:0bb3b9c3-7df5-40b4-836a-a504e4668d2c&page=queryresults
[0m21:45:33.501074 [debug] [Thread-4 (]: SQL status: OK in 1.659 seconds
[0m21:45:33.519472 [debug] [Thread-4 (]: Sending event: {'category': 'dbt', 'action': 'run_model', 'label': '68f1b57d-9fee-4a76-a38d-4101459a68da', 'context': [<snowplow_tracker.self_describing_json.SelfDescribingJson object at 0x0000029123AE8F50>]}
[0m21:45:33.522882 [info ] [Thread-4 (]: 3 of 3 OK created sql view model dbt_dataset.customer_orders ................... [[32mCREATE VIEW (0 processed)[0m in 11.24s]
[0m21:45:33.527890 [debug] [Thread-4 (]: Finished running node model.dbt_learn_osas.customer_orders
[0m21:45:33.533535 [debug] [MainThread]: Opening a new connection, currently in state closed
[0m21:45:33.716464 [debug] [MainThread]: Connection 'master' was properly closed.
[0m21:45:33.718010 [debug] [MainThread]: Connection 'list_my-dbt-project-486616' was properly closed.
[0m21:45:33.725152 [debug] [MainThread]: Connection 'list_my-dbt-project-486616_dbt_dataset' was properly closed.
[0m21:45:33.729217 [debug] [MainThread]: Connection 'model.dbt_learn_osas.stg_customers' was properly closed.
[0m21:45:33.731244 [debug] [MainThread]: Connection 'model.dbt_learn_osas.stg_orders' was properly closed.
[0m21:45:33.733234 [debug] [MainThread]: Connection 'model.dbt_learn_osas.customer_orders' was properly closed.
[0m21:45:33.737694 [info ] [MainThread]: 
[0m21:45:33.784401 [info ] [MainThread]: Finished running 2 table models, 1 view model in 0 hours 0 minutes and 42.17 seconds (42.17s).
[0m21:45:33.813049 [debug] [MainThread]: Command end result
[0m21:45:34.093022 [debug] [MainThread]: Wrote artifact WritableManifest to C:\Users\HP\data_engineering_mastery\dbt_process\dbt_learn_osas\target\manifest.json
[0m21:45:34.104103 [debug] [MainThread]: Wrote artifact SemanticManifest to C:\Users\HP\data_engineering_mastery\dbt_process\dbt_learn_osas\target\semantic_manifest.json
[0m21:45:34.144085 [debug] [MainThread]: Wrote artifact RunExecutionResult to C:\Users\HP\data_engineering_mastery\dbt_process\dbt_learn_osas\target\run_results.json
[0m21:45:34.146082 [info ] [MainThread]: 
[0m21:45:34.175576 [info ] [MainThread]: [32mCompleted successfully[0m
[0m21:45:34.223936 [info ] [MainThread]: 
[0m21:45:34.244303 [info ] [MainThread]: Done. PASS=3 WARN=0 ERROR=0 SKIP=0 NO-OP=0 TOTAL=3
[0m21:45:34.278776 [debug] [MainThread]: Command `dbt run` succeeded at 21:45:34.277775 after 186.26 seconds
[0m21:45:34.282786 [debug] [MainThread]: Sending event: {'category': 'dbt', 'action': 'invocation', 'label': 'end', 'context': [<snowplow_tracker.self_describing_json.SelfDescribingJson object at 0x0000029108AD1340>, <snowplow_tracker.self_describing_json.SelfDescribingJson object at 0x0000029123F7F6B0>, <snowplow_tracker.self_describing_json.SelfDescribingJson object at 0x0000029123F7F5F0>]}
[0m21:45:34.297842 [debug] [MainThread]: Flushing usage events
[0m21:45:39.514818 [debug] [MainThread]: An error was encountered while trying to flush usage events
